dataset,scene,image,rotation_matrix,translation_vector
imc2023_haiper,cluster0,fountain_image_116.png,-0.342838999;0.373375477;-0.862004741;-0.797520292;0.369216122;0.477117218;0.496409916;0.851040662;0.171192834,0.496944088;-0.800558262;2.056579413
imc2023_haiper,cluster0,fountain_image_108.png,0.504233476;0.416803259;-0.756322447;-0.764819543;0.622224740;-0.166995331;0.400998340;0.662654824;0.632525822,0.518125202;-0.571612439;1.762863692
imc2023_haiper,cluster0,fountain_image_101.png,0.852965163;0.336200300;-0.399274078;-0.489575631;0.780576760;-0.388607288;0.181014179;0.526943337;0.830400257,0.072641006;-0.765905405;1.859633789
imc2023_haiper,cluster0,fountain_image_082.png,0.022484589;-0.453007350;0.891223196;0.304250713;0.852265423;0.425529262;-0.952326597;0.261587442;0.156990647,-0.092049473;-1.459361643;4.182576654
imc2023_haiper,cluster0,fountain_image_071.png,-0.704363584;-0.415553716;0.575488532;0.175242352;0.683837272;0.708277279;-0.687867763;0.599734687;-0.408847461,-0.024030226;-1.695501965;4.105534738
imc2023_haiper,cluster0,fountain_image_025.png,0.618448856;0.363042914;-0.696936765;-0.421499780;0.901763712;0.095708639;0.663218628;0.234567794;0.710717245,-0.228418438;-1.541279731;3.413952866
imc2023_haiper,cluster0,fountain_image_000.png,0.598303906;-0.270464654;0.754242207;0.206784928;0.961541945;0.180768032;-0.774126882;0.047811701;0.631222316,-0.595008598;-1.822163064;5.230931508
imc2023_haiper,cluster0,fountain_image_007.png,0.914701325;-0.152693702;0.374173917;0.169622181;0.985429632;-0.012520207;-0.366810309;0.074920446;0.927274029,-0.660561290;-2.160415999;3.972640712
imc2023_haiper,cluster0,fountain_image_012.png,0.994329248;0.006338372;0.106156352;-0.003007384;0.999498948;-0.031508865;-0.106302877;0.031010933;0.993850100,-0.447013110;-1.660408952;3.365401561
imc2023_haiper,cluster0,fountain_image_033.png,0.165030641;0.419649388;-0.892557717;-0.508630667;0.811557700;0.287522075;0.845020551;0.406532275;0.347378435,0.329804015;-1.497450776;3.687504320
imc2023_haiper,cluster0,fountain_image_173.png,-0.560349690;0.254000488;-0.788347624;-0.187631998;0.888142256;0.419520638;0.806723285;0.382997499;-0.450011619,0.491226151;-2.078553480;3.885789016
imc2023_haiper,cluster0,fountain_image_056.png,-0.965923794;-0.042108126;-0.255378407;-0.226110964;0.617442855;0.753417648;0.125956568;0.785487891;-0.605923854,0.339443287;-1.665117923;4.106921955
imc2023_haiper,cluster0,fountain_image_186.png,-0.981290417;-0.190105891;-0.030477319;-0.178569389;0.839458741;0.513246524;-0.071986736;0.509086212;-0.857699912,-0.021424263;-2.177096199;3.993585455
imc2023_haiper,cluster0,fountain_image_199.png,-0.563410862;-0.469332312;0.679923070;-0.084800050;0.851480130;0.517484821;-0.821813332;0.233899058;-0.519532558,-0.249057738;-2.152749741;4.208286681
imc2023_haiper,cluster0,fountain_image_230.png,-0.984163708;-0.170658315;-0.047932619;-0.066760626;0.106353865;0.992084610;-0.164209668;0.979573680;-0.116062870,-0.014551044;-1.160730511;2.051478920
imc2023_haiper,cluster0,fountain_image_214.png,0.605912765;-0.357231458;0.710813201;-0.000485598;0.893341506;0.449378146;-0.795530945;-0.272629124;0.541113552,-0.096560705;-2.067522319;3.781939877
imc2023_haiper,cluster0,fountain_image_041.png,-0.407253869;0.364695280;-0.837342008;-0.465204655;0.706138303;0.533810196;0.785957324;0.606931668;-0.117919614,0.305702956;-1.576335746;3.909116672
imc2023_haiper,cluster0,fountain_image_166.png,-0.129461995;0.382933030;-0.914659437;-0.246967654;0.880901807;0.403756096;0.960336696;0.278162365;-0.019471233,-0.067428877;-2.506229293;3.421835899
imc2023_haiper,cluster0,fountain_image_163.png,0.420947669;0.433990873;-0.796526825;-0.187019225;0.900774703;0.391955027;0.887596119;-0.016026726;0.460343648,0.348630658;-2.448427998;3.631922278
imc2023_haiper,cluster0,fountain_image_155.png,0.861562015;0.260439640;-0.435754620;-0.160913665;0.954213951;0.252155760;0.481474493;-0.147128952;0.864022791,0.044137400;-2.747503597;3.181735866
imc2023_haiper,cluster0,fountain_image_143.png,0.932993638;-0.079817981;0.350930138;0.238630881;0.867125025;-0.437206465;-0.269403368;0.491653619;0.828069167,-0.162029295;-0.368441372;2.492911708
imc2023_haiper,cluster0,fountain_image_136.png,0.229514195;-0.424699671;0.875758770;0.729906465;0.670326813;0.133785337;-0.643863174;0.608516354;0.463840554,-0.118468238;-1.488031047;2.890121654
imc2023_haiper,cluster0,fountain_image_129.png,-0.512462670;-0.470020442;0.718653461;0.579869634;0.427848430;0.693323105;-0.633350787;0.772027529;0.053294233,0.140912437;-1.891755932;3.267753928
imc2023_haiper,cluster1,bike_image_119.png,0.350180962;0.308849166;-0.884299433;-0.135229875;0.950855561;0.278543681;0.926869017;0.022043008;0.374737149,-1.387191635;-2.320504374;3.699295660
imc2023_haiper,cluster1,bike_image_115.png,0.876094080;-0.097796624;-0.472117552;0.167010528;0.980144457;0.106884641;0.452290445;-0.172489603;0.875031823,0.411017931;-2.321178929;3.946758640
imc2023_haiper,cluster1,bike_image_038.png,-0.597082174;-0.224114095;0.770237463;0.541457908;0.595856618;0.593108948;-0.591875165;0.771185946;-0.234427016,0.438221221;-0.469070892;0.500612543
imc2023_haiper,cluster1,bike_image_049.png,-0.936525199;0.073970717;0.342708162;0.295553763;0.692382776;0.658220377;-0.188596195;0.717728657;-0.670296241,-0.038698824;-1.084916504;0.514769636
imc2023_haiper,cluster1,bike_image_139.png,0.675049802;0.179737726;-0.715543231;-0.453766653;0.865880585;-0.210586413;0.581724668;0.466845973;0.666071503,-0.076951420;-2.385625255;2.736032075
imc2023_haiper,cluster1,bike_image_029.png,-0.389912902;-0.225947211;0.892701398;0.265310377;0.900758017;0.343868288;-0.881804022;0.370921626;-0.291271033,0.712466312;-1.913862516;1.813439910
imc2023_haiper,cluster1,bike_image_150.png,0.999402379;-0.033349367;0.009094180;0.033278157;0.999415124;0.007872315;-0.009351398;-0.007564972;0.999927659,0.775741742;-2.197777856;3.284187521
imc2023_haiper,cluster1,bike_image_137.png,0.242455798;0.251344078;-0.937038601;-0.358442649;0.920724903;0.154222305;0.901517639;0.298482506;0.313327528,-0.837683294;-0.993004493;2.864311489
imc2023_haiper,cluster1,bike_image_004.png,0.160585803;-0.323582033;0.932473521;0.624373752;0.764992335;0.157937154;-0.764440722;0.556849526;0.324883037,1.494138609;-1.421982094;1.611251464
imc2023_haiper,cluster1,bike_image_128.png,-0.830122003;0.416838036;-0.370328924;-0.005042267;0.658530520;0.752537129;0.557558997;0.626564926;-0.544558865,-2.004196623;-1.356467423;2.139685025
imc2023_haiper,cluster1,bike_image_062.png,-0.283847335;0.437667462;-0.853157596;-0.343543633;0.784268049;0.516625009;0.895214199;0.439739492;-0.072254526,-1.352233478;-1.382088424;2.425818277
imc2023_haiper,cluster1,bike_image_076.png,0.983893127;-0.001307875;-0.178752915;-0.034187957;0.980137732;-0.195348946;0.175457968;0.198313682;0.964306064,0.986405407;-2.229486637;2.952116476
imc2023_haiper,cluster1,bike_image_088.png,0.691762294;-0.308049242;0.653123719;0.356944718;0.932094479;0.061565826;-0.627738319;0.190540145;0.754744365,1.161483214;-1.845704583;2.425548409
imc2023_haiper,cluster1,bike_image_094.png,0.590580338;-0.367610808;0.718385105;0.300208158;0.926406055;0.227259505;-0.749059361;0.081450074;0.657476965,1.315741978;-2.289786780;3.377452786
imc2023_haiper,cluster1,bike_image_101.png,0.889455782;-0.203682136;0.409123454;0.375445560;0.836091165;-0.399990245;-0.260593638;0.509377220;0.820137674,1.046458511;-1.649783177;1.827320772
imc2023_haiper,cluster1,chairs_image_122.png,-0.802627599;-0.134245759;0.581177266;0.451583046;0.499801148;0.739101864;-0.389694356;0.855673354;-0.340531087,-1.120391601;-2.273671294;3.945916539
imc2023_haiper,cluster1,chairs_image_115.png,-0.976250105;0.173955997;-0.129131884;-0.023483018;0.507569660;0.861290652;0.215370101;0.843867496;-0.491429923,0.269115669;-2.075278058;3.660877793
imc2023_haiper,cluster1,chairs_image_103.png,-0.975954738;0.212415078;0.048909963;0.206489417;0.829090507;0.519587387;0.069817409;0.517193162;-0.853016273,0.951817979;-1.705106170;4.515237204
imc2023_haiper,cluster1,chairs_image_094.png,-0.394497979;-0.154214204;0.905863855;0.387345061;0.866043309;0.316121481;-0.833267753;0.475591176;-0.281918225,-1.370890272;-2.567979568;6.298645682
imc2023_haiper,cluster1,chairs_image_051.png,-0.604421454;0.397341656;-0.690502943;-0.252679261;0.726376569;0.639163728;0.755531533;0.560800043;-0.338637586,2.012082338;-2.084213982;3.573229664
imc2023_haiper,cluster1,chairs_image_131.png,0.123444352;-0.425411446;0.896541462;0.741002455;0.640442426;0.201863469;-0.660058220;0.639420520;0.394289926,-3.148635470;-1.711315483;3.421856444
imc2023_haiper,cluster1,chairs_image_004.png,0.884073423;0.094915920;-0.457608076;-0.090605765;0.995391187;0.031416233;0.458480946;0.013687673;0.888598824,0.023763331;-0.907198954;1.953847171
imc2023_haiper,cluster1,chairs_image_160.png,-0.412420298;0.336318933;-0.846639872;-0.054265471;0.918638871;0.391353912;0.909376026;0.207345608;-0.360614811,1.735551349;0.639171690;4.172818604
imc2023_haiper,cluster1,chairs_image_035.png,-0.825937133;-0.053641792;0.561204429;0.409405718;0.627290840;0.662490120;-0.387575555;0.776935493;-0.496141542,0.204228004;-2.986590286;4.925560054
imc2023_haiper,cluster1,chairs_image_045.png,-0.891408927;0.248703664;-0.378862261;-0.084602079;0.729957502;0.678236340;0.445233213;0.636638463;-0.629649787,2.304473541;-2.024822557;4.926659888
imc2023_haiper,cluster1,chairs_image_155.png,0.164146817;0.320217932;-0.933014629;-0.282663207;0.921449403;0.266519247;0.945070015;0.219980622;0.241766814,1.067012267;0.164316016;2.803026765
imc2023_haiper,cluster1,chairs_image_152.png,0.576353453;0.128184001;-0.807084605;-0.088807938;0.991596729;0.094069536;0.812360663;0.017458218;0.582893956,0.704026377;0.859481463;1.380788541
imc2023_haiper,cluster1,chairs_image_020.png,0.399972819;-0.403405809;0.822973570;0.529798551;0.834472568;0.151555366;-0.747887183;0.375392178;0.547490159,-1.624065441;-1.815821058;3.249732345
imc2023_haiper,cluster1,chairs_image_144.png,0.996920909;-0.046607906;-0.063058744;0.043740032;0.997977808;-0.046120542;0.065080809;0.043220341;0.996943574,-1.321516392;0.494775280;1.195505879
imc2023_haiper,cluster1,chairs_image_141.png,0.863706605;-0.289884304;0.412283872;0.273407804;0.956696482;0.099900022;-0.423389978;0.026437319;0.905561701,-1.531461554;0.171620844;2.653112756
imc2023_haiper,cluster1,chairs_image_073.png,0.971958562;-0.235109223;-0.004495161;0.230247980;0.947630305;0.221320296;-0.047774692;-0.216149158;0.975190812,-0.886269845;-1.565868952;2.645017949
imc2023_heritage,outliers,outliers_dsc_4115_thumb.png,nan;nan;nan;nan;nan;nan;nan;nan;nan,nan;nan;nan
imc2023_heritage,outliers,outliers_dsc_4120_thumb.png,nan;nan;nan;nan;nan;nan;nan;nan;nan,nan;nan;nan
imc2023_heritage,outliers,outliers_dsc_4122_thumb.png,nan;nan;nan;nan;nan;nan;nan;nan;nan,nan;nan;nan
imc2023_heritage,outliers,outliers_dsc_4125_thumb.png,nan;nan;nan;nan;nan;nan;nan;nan;nan,nan;nan;nan
imc2023_heritage,outliers,outliers_dsc_4127_thumb.png,nan;nan;nan;nan;nan;nan;nan;nan;nan,nan;nan;nan
imc2023_heritage,outliers,outliers_dsc_4128_thumb.png,nan;nan;nan;nan;nan;nan;nan;nan;nan,nan;nan;nan
imc2023_heritage,outliers,outliers_dsc_4129_thumb.png,nan;nan;nan;nan;nan;nan;nan;nan;nan,nan;nan;nan
imc2023_heritage,outliers,outliers_dsc_4165_thumb.png,nan;nan;nan;nan;nan;nan;nan;nan;nan,nan;nan;nan
imc2023_heritage,outliers,outliers_dsc_4167_thumb.png,nan;nan;nan;nan;nan;nan;nan;nan;nan,nan;nan;nan
imc2023_heritage,outliers,outliers_dsc_4176_thumb.png,nan;nan;nan;nan;nan;nan;nan;nan;nan,nan;nan;nan
imc2023_heritage,outliers,outliers_dsc_4177_thumb.png,nan;nan;nan;nan;nan;nan;nan;nan;nan,nan;nan;nan
imc2023_heritage,outliers,outliers_dsc_4178_thumb.png,nan;nan;nan;nan;nan;nan;nan;nan;nan,nan;nan;nan
imc2023_heritage,outliers,outliers_dsc_4473_thumb.png,nan;nan;nan;nan;nan;nan;nan;nan;nan,nan;nan;nan
imc2023_heritage,outliers,outliers_dsc_4474_thumb.png,nan;nan;nan;nan;nan;nan;nan;nan;nan,nan;nan;nan
imc2023_heritage,outliers,outliers_img_3222.png,nan;nan;nan;nan;nan;nan;nan;nan;nan,nan;nan;nan
imc2023_heritage,outliers,outliers_img_3225.png,nan;nan;nan;nan;nan;nan;nan;nan;nan,nan;nan;nan
imc2023_heritage,outliers,outliers_img_3229.png,nan;nan;nan;nan;nan;nan;nan;nan;nan,nan;nan;nan
imc2023_heritage,outliers,outliers_img_3233.png,nan;nan;nan;nan;nan;nan;nan;nan;nan,nan;nan;nan
imc2023_heritage,outliers,outliers_img_3237.png,nan;nan;nan;nan;nan;nan;nan;nan;nan,nan;nan;nan
imc2023_heritage,outliers,outliers_img_3240.png,nan;nan;nan;nan;nan;nan;nan;nan;nan,nan;nan;nan
imc2023_heritage,outliers,outliers_img_3249.png,nan;nan;nan;nan;nan;nan;nan;nan;nan,nan;nan;nan
imc2023_heritage,outliers,outliers_img_3250.png,nan;nan;nan;nan;nan;nan;nan;nan;nan,nan;nan;nan
imc2023_heritage,outliers,outliers_img_3251.png,nan;nan;nan;nan;nan;nan;nan;nan;nan,nan;nan;nan
imc2023_heritage,outliers,outliers_img_3253.png,nan;nan;nan;nan;nan;nan;nan;nan;nan,nan;nan;nan
imc2023_heritage,outliers,outliers_img_3254.png,nan;nan;nan;nan;nan;nan;nan;nan;nan,nan;nan;nan
imc2023_heritage,outliers,outliers_img_3255.png,nan;nan;nan;nan;nan;nan;nan;nan;nan,nan;nan;nan
imc2023_heritage,outliers,outliers_img_3261.png,nan;nan;nan;nan;nan;nan;nan;nan;nan,nan;nan;nan
imc2023_heritage,outliers,outliers_img_3262.png,nan;nan;nan;nan;nan;nan;nan;nan;nan,nan;nan;nan
imc2023_heritage,outliers,outliers_img_8367.png,nan;nan;nan;nan;nan;nan;nan;nan;nan,nan;nan;nan
imc2023_heritage,outliers,outliers_img_8368.png,nan;nan;nan;nan;nan;nan;nan;nan;nan,nan;nan;nan
imc2023_heritage,outliers,outliers_img_8372.png,nan;nan;nan;nan;nan;nan;nan;nan;nan,nan;nan;nan
imc2023_heritage,outliers,outliers_img_8375.png,nan;nan;nan;nan;nan;nan;nan;nan;nan,nan;nan;nan
imc2023_heritage,outliers,outliers_img_8599.png,nan;nan;nan;nan;nan;nan;nan;nan;nan,nan;nan;nan
imc2023_heritage,outliers,outliers_img_8600.png,nan;nan;nan;nan;nan;nan;nan;nan;nan,nan;nan;nan
imc2023_heritage,outliers,outliers_img_8630_thumb.png,nan;nan;nan;nan;nan;nan;nan;nan;nan,nan;nan;nan
imc2023_heritage,outliers,outliers_img_8632.png,nan;nan;nan;nan;nan;nan;nan;nan;nan,nan;nan;nan
imc2023_heritage,outliers,outliers_img_8634.png,nan;nan;nan;nan;nan;nan;nan;nan;nan,nan;nan;nan
imc2023_heritage,outliers,outliers_img_8641.png,nan;nan;nan;nan;nan;nan;nan;nan;nan,nan;nan;nan
imc2023_heritage,outliers,outliers_img_8648.png,nan;nan;nan;nan;nan;nan;nan;nan;nan,nan;nan;nan
imc2023_heritage,outliers,outliers_img_8656_thumb.png,nan;nan;nan;nan;nan;nan;nan;nan;nan,nan;nan;nan
imc2023_heritage,outliers,outliers_img_8662.png,nan;nan;nan;nan;nan;nan;nan;nan;nan,nan;nan;nan
imc2023_heritage,outliers,outliers_img_8665_thumb.png,nan;nan;nan;nan;nan;nan;nan;nan;nan,nan;nan;nan
imc2023_heritage,outliers,outliers_img_8838_thumb.png,nan;nan;nan;nan;nan;nan;nan;nan;nan,nan;nan;nan
imc2023_heritage,outliers,outliers_img_8849_thumb.png,nan;nan;nan;nan;nan;nan;nan;nan;nan,nan;nan;nan
imc2023_heritage,outliers,outliers_img_8871.png,nan;nan;nan;nan;nan;nan;nan;nan;nan,nan;nan;nan
imc2023_heritage,outliers,outliers_img_8890.png,nan;nan;nan;nan;nan;nan;nan;nan;nan,nan;nan;nan
imc2023_heritage,outliers,outliers_img_8894.png,nan;nan;nan;nan;nan;nan;nan;nan;nan,nan;nan;nan
imc2023_heritage,outliers,outliers_img_8904.png,nan;nan;nan;nan;nan;nan;nan;nan;nan,nan;nan;nan
imc2023_heritage,outliers,outliers_img_8916.png,nan;nan;nan;nan;nan;nan;nan;nan;nan,nan;nan;nan
imc2023_heritage,outliers,outliers_img_8948_thumb.png,nan;nan;nan;nan;nan;nan;nan;nan;nan,nan;nan;nan
imc2023_heritage,outliers,outliers_img_8978_thumb.png,nan;nan;nan;nan;nan;nan;nan;nan;nan,nan;nan;nan
imc2023_heritage,outliers,outliers_img_9065.png,nan;nan;nan;nan;nan;nan;nan;nan;nan,nan;nan;nan
imc2023_heritage,outliers,outliers_img_9068.png,nan;nan;nan;nan;nan;nan;nan;nan;nan,nan;nan;nan
imc2023_heritage,outliers,outliers_img_9070.png,nan;nan;nan;nan;nan;nan;nan;nan;nan,nan;nan;nan
imc2023_heritage,outliers,outliers_img_9072.png,nan;nan;nan;nan;nan;nan;nan;nan;nan,nan;nan;nan
imc2023_heritage,outliers,outliers_img_9075.png,nan;nan;nan;nan;nan;nan;nan;nan;nan,nan;nan;nan
imc2023_heritage,outliers,outliers_img_9076.png,nan;nan;nan;nan;nan;nan;nan;nan;nan,nan;nan;nan
imc2023_heritage,outliers,outliers_img_9078.png,nan;nan;nan;nan;nan;nan;nan;nan;nan,nan;nan;nan
imc2023_heritage,outliers,outliers_img_9078_thumb.png,nan;nan;nan;nan;nan;nan;nan;nan;nan,nan;nan;nan
imc2023_heritage,outliers,outliers_img_9084.png,nan;nan;nan;nan;nan;nan;nan;nan;nan,nan;nan;nan
imc2023_heritage,outliers,outliers_img_9085.png,nan;nan;nan;nan;nan;nan;nan;nan;nan,nan;nan;nan
imc2023_heritage,outliers,dioscuri_archive_0069.png,nan;nan;nan;nan;nan;nan;nan;nan;nan,nan;nan;nan
imc2023_heritage,outliers,dioscuri_img_0055.png,nan;nan;nan;nan;nan;nan;nan;nan;nan,nan;nan;nan
imc2023_heritage,outliers,dioscuri_3dom_fbk_img_1541.png,nan;nan;nan;nan;nan;nan;nan;nan;nan,nan;nan;nan
imc2023_heritage,outliers,dioscuri_img_0258.png,nan;nan;nan;nan;nan;nan;nan;nan;nan,nan;nan;nan
imc2023_heritage,outliers,dioscuri_archive_0171.png,nan;nan;nan;nan;nan;nan;nan;nan;nan,nan;nan;nan
imc2023_heritage,outliers,dioscuri_img_0163.png,nan;nan;nan;nan;nan;nan;nan;nan;nan,nan;nan;nan
imc2023_heritage,outliers,dioscuri_3dom_fbk_img_1563.png,nan;nan;nan;nan;nan;nan;nan;nan;nan,nan;nan;nan
imc2023_heritage,outliers,dioscuri_img_0161.png,nan;nan;nan;nan;nan;nan;nan;nan;nan,nan;nan;nan
imc2023_heritage,outliers,dioscuri_img_0188.png,nan;nan;nan;nan;nan;nan;nan;nan;nan,nan;nan;nan
imc2023_heritage,outliers,dioscuri_img_0314.png,nan;nan;nan;nan;nan;nan;nan;nan;nan,nan;nan;nan
imc2023_heritage,outliers,dioscuri_img_0460.png,nan;nan;nan;nan;nan;nan;nan;nan;nan,nan;nan;nan
imc2023_heritage,outliers,dioscuri_img_0364.png,nan;nan;nan;nan;nan;nan;nan;nan;nan,nan;nan;nan
imc2023_heritage,outliers,dioscuri_3dom_fbk_img_1516.png,nan;nan;nan;nan;nan;nan;nan;nan;nan,nan;nan;nan
imc2023_heritage,outliers,dioscuri_3dom_fbk_img_1561.png,nan;nan;nan;nan;nan;nan;nan;nan;nan,nan;nan;nan
imc2023_heritage,outliers,dioscuri_img_0187.png,nan;nan;nan;nan;nan;nan;nan;nan;nan,nan;nan;nan
imc2023_heritage,outliers,dioscuri_img_0348.png,nan;nan;nan;nan;nan;nan;nan;nan;nan,nan;nan;nan
imc2023_heritage,outliers,dioscuri_archive_0036.png,nan;nan;nan;nan;nan;nan;nan;nan;nan,nan;nan;nan
imc2023_heritage,outliers,dioscuri_img_0238.png,nan;nan;nan;nan;nan;nan;nan;nan;nan,nan;nan;nan
imc2023_heritage,outliers,dioscuri_img_0369.png,nan;nan;nan;nan;nan;nan;nan;nan;nan,nan;nan;nan
imc2023_heritage,outliers,dioscuri_img_0276.png,nan;nan;nan;nan;nan;nan;nan;nan;nan,nan;nan;nan
imc2023_heritage,outliers,dioscuri_3dom_fbk_img_1566.png,nan;nan;nan;nan;nan;nan;nan;nan;nan,nan;nan;nan
imc2023_heritage,outliers,dioscuri_archive_0070.png,nan;nan;nan;nan;nan;nan;nan;nan;nan,nan;nan;nan
imc2023_heritage,outliers,dioscuri_img_0068.png,nan;nan;nan;nan;nan;nan;nan;nan;nan,nan;nan;nan
imc2023_heritage,outliers,dioscuri_archive_0022.png,nan;nan;nan;nan;nan;nan;nan;nan;nan,nan;nan;nan
imc2023_heritage,outliers,dioscuri_archive_0230.png,nan;nan;nan;nan;nan;nan;nan;nan;nan,nan;nan;nan
imc2023_heritage,outliers,dioscuri_img_0354.png,nan;nan;nan;nan;nan;nan;nan;nan;nan,nan;nan;nan
imc2023_heritage,outliers,dioscuri_img_0246.png,nan;nan;nan;nan;nan;nan;nan;nan;nan,nan;nan;nan
imc2023_heritage,outliers,dioscuri_archive_0004.png,nan;nan;nan;nan;nan;nan;nan;nan;nan,nan;nan;nan
imc2023_heritage,outliers,dioscuri_archive_0034.png,nan;nan;nan;nan;nan;nan;nan;nan;nan,nan;nan;nan
imc2023_heritage,outliers,dioscuri_img_0115.png,nan;nan;nan;nan;nan;nan;nan;nan;nan,nan;nan;nan
imc2023_heritage,outliers,dioscuri_archive_0068.png,nan;nan;nan;nan;nan;nan;nan;nan;nan,nan;nan;nan
imc2023_heritage,outliers,dioscuri_3dom_fbk_img_1548.png,nan;nan;nan;nan;nan;nan;nan;nan;nan,nan;nan;nan
imc2023_heritage,outliers,dioscuri_archive_0092.png,nan;nan;nan;nan;nan;nan;nan;nan;nan,nan;nan;nan
imc2023_heritage,outliers,dioscuri_img_0418.png,nan;nan;nan;nan;nan;nan;nan;nan;nan,nan;nan;nan
imc2023_heritage,outliers,dioscuri_img_0079.png,nan;nan;nan;nan;nan;nan;nan;nan;nan,nan;nan;nan
imc2023_heritage,outliers,dioscuri_img_0095.png,nan;nan;nan;nan;nan;nan;nan;nan;nan,nan;nan;nan
imc2023_heritage,outliers,dioscuri_archive_0003.png,nan;nan;nan;nan;nan;nan;nan;nan;nan,nan;nan;nan
imc2023_heritage,outliers,dioscuri_3dom_fbk_img_1580.png,nan;nan;nan;nan;nan;nan;nan;nan;nan,nan;nan;nan
imc2023_heritage,outliers,dioscuri_img_0181.png,nan;nan;nan;nan;nan;nan;nan;nan;nan,nan;nan;nan
imc2023_heritage,outliers,dioscuri_archive_0095.png,nan;nan;nan;nan;nan;nan;nan;nan;nan,nan;nan;nan
imc2023_heritage,outliers,dioscuri_archive_0033.png,nan;nan;nan;nan;nan;nan;nan;nan;nan,nan;nan;nan
imc2023_heritage,outliers,dioscuri_archive_0010.png,nan;nan;nan;nan;nan;nan;nan;nan;nan,nan;nan;nan
imc2023_heritage,outliers,dioscuri_img_0424.png,nan;nan;nan;nan;nan;nan;nan;nan;nan,nan;nan;nan
imc2023_heritage,outliers,dioscuri_img_0092.png,nan;nan;nan;nan;nan;nan;nan;nan;nan,nan;nan;nan
imc2023_heritage,outliers,dioscuri_archive_0160.png,nan;nan;nan;nan;nan;nan;nan;nan;nan,nan;nan;nan
imc2023_heritage,outliers,dioscuri_img_0339.png,nan;nan;nan;nan;nan;nan;nan;nan;nan,nan;nan;nan
imc2023_heritage,outliers,dioscuri_img_0132.png,nan;nan;nan;nan;nan;nan;nan;nan;nan,nan;nan;nan
imc2023_heritage,outliers,dioscuri_archive_0028.png,nan;nan;nan;nan;nan;nan;nan;nan;nan,nan;nan;nan
imc2023_heritage,outliers,dioscuri_img_0200.png,nan;nan;nan;nan;nan;nan;nan;nan;nan,nan;nan;nan
imc2023_heritage,outliers,dioscuri_3dom_fbk_img_1520.png,nan;nan;nan;nan;nan;nan;nan;nan;nan,nan;nan;nan
imc2023_heritage,outliers,dioscuri_img_0370.png,nan;nan;nan;nan;nan;nan;nan;nan;nan,nan;nan;nan
imc2023_heritage,outliers,dioscuri_img_0112.png,nan;nan;nan;nan;nan;nan;nan;nan;nan,nan;nan;nan
imc2023_heritage,outliers,dioscuri_img_0444.png,nan;nan;nan;nan;nan;nan;nan;nan;nan,nan;nan;nan
imc2023_heritage,outliers,dioscuri_img_0105.png,nan;nan;nan;nan;nan;nan;nan;nan;nan,nan;nan;nan
imc2023_heritage,outliers,dioscuri_img_0283.png,nan;nan;nan;nan;nan;nan;nan;nan;nan,nan;nan;nan
imc2023_heritage,outliers,dioscuri_archive_0026.png,nan;nan;nan;nan;nan;nan;nan;nan;nan,nan;nan;nan
imc2023_heritage,outliers,dioscuri_archive_0015.png,nan;nan;nan;nan;nan;nan;nan;nan;nan,nan;nan;nan
imc2023_heritage,outliers,dioscuri_img_0359.png,nan;nan;nan;nan;nan;nan;nan;nan;nan,nan;nan;nan
imc2023_heritage,outliers,dioscuri_archive_0116.png,nan;nan;nan;nan;nan;nan;nan;nan;nan,nan;nan;nan
imc2023_heritage,outliers,dioscuri_img_0277.png,nan;nan;nan;nan;nan;nan;nan;nan;nan,nan;nan;nan
imc2023_heritage,outliers,dioscuri_img_0376.png,nan;nan;nan;nan;nan;nan;nan;nan;nan,nan;nan;nan
imc2023_heritage,outliers,dioscuri_img_0412.png,nan;nan;nan;nan;nan;nan;nan;nan;nan,nan;nan;nan
imc2023_heritage,outliers,dioscuri_img_0230.png,nan;nan;nan;nan;nan;nan;nan;nan;nan,nan;nan;nan
imc2023_heritage,outliers,dioscuri_img_0266.png,nan;nan;nan;nan;nan;nan;nan;nan;nan,nan;nan;nan
imc2023_heritage,outliers,dioscuri_img_0237.png,nan;nan;nan;nan;nan;nan;nan;nan;nan,nan;nan;nan
imc2023_heritage,outliers,dioscuri_3dom_fbk_img_1524.png,nan;nan;nan;nan;nan;nan;nan;nan;nan,nan;nan;nan
imc2023_heritage,outliers,dioscuri_img_0081.png,nan;nan;nan;nan;nan;nan;nan;nan;nan,nan;nan;nan
imc2023_heritage,outliers,dioscuri_img_0209.png,nan;nan;nan;nan;nan;nan;nan;nan;nan,nan;nan;nan
imc2023_heritage,outliers,dioscuri_img_0401.png,nan;nan;nan;nan;nan;nan;nan;nan;nan,nan;nan;nan
imc2023_heritage,outliers,dioscuri_img_0213.png,nan;nan;nan;nan;nan;nan;nan;nan;nan,nan;nan;nan
imc2023_heritage,outliers,dioscuri_img_0338.png,nan;nan;nan;nan;nan;nan;nan;nan;nan,nan;nan;nan
imc2023_heritage,outliers,dioscuri_img_0216.png,nan;nan;nan;nan;nan;nan;nan;nan;nan,nan;nan;nan
imc2023_heritage,outliers,dioscuri_archive_0071.png,nan;nan;nan;nan;nan;nan;nan;nan;nan,nan;nan;nan
imc2023_heritage,outliers,dioscuri_archive_0072.png,nan;nan;nan;nan;nan;nan;nan;nan;nan,nan;nan;nan
imc2023_heritage,outliers,dioscuri_img_0227.png,nan;nan;nan;nan;nan;nan;nan;nan;nan,nan;nan;nan
imc2023_heritage,outliers,cyprus_dsc_6585.png,nan;nan;nan;nan;nan;nan;nan;nan;nan,nan;nan;nan
imc2023_heritage,outliers,cyprus_dsc_6577.png,nan;nan;nan;nan;nan;nan;nan;nan;nan,nan;nan;nan
imc2023_heritage,outliers,cyprus_dsc_6573.png,nan;nan;nan;nan;nan;nan;nan;nan;nan,nan;nan;nan
imc2023_heritage,outliers,cyprus_dsc_6569.png,nan;nan;nan;nan;nan;nan;nan;nan;nan,nan;nan;nan
imc2023_heritage,outliers,cyprus_dsc_6565.png,nan;nan;nan;nan;nan;nan;nan;nan;nan,nan;nan;nan
imc2023_heritage,outliers,cyprus_dsc_6557.png,nan;nan;nan;nan;nan;nan;nan;nan;nan,nan;nan;nan
imc2023_heritage,outliers,cyprus_dsc_6548.png,nan;nan;nan;nan;nan;nan;nan;nan;nan,nan;nan;nan
imc2023_heritage,outliers,cyprus_dsc_6540.png,nan;nan;nan;nan;nan;nan;nan;nan;nan,nan;nan;nan
imc2023_heritage,outliers,cyprus_dsc_6589.png,nan;nan;nan;nan;nan;nan;nan;nan;nan,nan;nan;nan
imc2023_heritage,outliers,cyprus_dsc_6593.png,nan;nan;nan;nan;nan;nan;nan;nan;nan,nan;nan;nan
imc2023_heritage,outliers,cyprus_dsc_6597.png,nan;nan;nan;nan;nan;nan;nan;nan;nan,nan;nan;nan
imc2023_heritage,outliers,cyprus_dsc_6601.png,nan;nan;nan;nan;nan;nan;nan;nan;nan,nan;nan;nan
imc2023_heritage,outliers,cyprus_dsc_6605.png,nan;nan;nan;nan;nan;nan;nan;nan;nan,nan;nan;nan
imc2023_heritage,outliers,cyprus_dsc_6480.png,nan;nan;nan;nan;nan;nan;nan;nan;nan,nan;nan;nan
imc2023_heritage,outliers,cyprus_dsc_6625.png,nan;nan;nan;nan;nan;nan;nan;nan;nan,nan;nan;nan
imc2023_heritage,outliers,cyprus_dsc_6500.png,nan;nan;nan;nan;nan;nan;nan;nan;nan,nan;nan;nan
imc2023_heritage,outliers,cyprus_dsc_6629.png,nan;nan;nan;nan;nan;nan;nan;nan;nan,nan;nan;nan
imc2023_heritage,outliers,cyprus_dsc_6512.png,nan;nan;nan;nan;nan;nan;nan;nan;nan,nan;nan;nan
imc2023_heritage,outliers,cyprus_dsc_6633.png,nan;nan;nan;nan;nan;nan;nan;nan;nan,nan;nan;nan
imc2023_heritage,outliers,cyprus_dsc_6508.png,nan;nan;nan;nan;nan;nan;nan;nan;nan,nan;nan;nan
imc2023_heritage,outliers,cyprus_dsc_6496.png,nan;nan;nan;nan;nan;nan;nan;nan;nan,nan;nan;nan
imc2023_heritage,outliers,cyprus_dsc_6621.png,nan;nan;nan;nan;nan;nan;nan;nan;nan,nan;nan;nan
imc2023_heritage,outliers,cyprus_dsc_6492.png,nan;nan;nan;nan;nan;nan;nan;nan;nan,nan;nan;nan
imc2023_heritage,outliers,cyprus_dsc_6617.png,nan;nan;nan;nan;nan;nan;nan;nan;nan,nan;nan;nan
imc2023_heritage,outliers,cyprus_dsc_6488.png,nan;nan;nan;nan;nan;nan;nan;nan;nan,nan;nan;nan
imc2023_heritage,outliers,cyprus_dsc_6613.png,nan;nan;nan;nan;nan;nan;nan;nan;nan,nan;nan;nan
imc2023_heritage,outliers,cyprus_dsc_6609.png,nan;nan;nan;nan;nan;nan;nan;nan;nan,nan;nan;nan
imc2023_heritage,outliers,cyprus_dsc_6520.png,nan;nan;nan;nan;nan;nan;nan;nan;nan,nan;nan;nan
imc2023_heritage,outliers,cyprus_dsc_6524.png,nan;nan;nan;nan;nan;nan;nan;nan;nan,nan;nan;nan
imc2023_heritage,outliers,cyprus_dsc_6528.png,nan;nan;nan;nan;nan;nan;nan;nan;nan,nan;nan;nan
imc2023_heritage,outliers,wall_dsc_5063_acr.png,nan;nan;nan;nan;nan;nan;nan;nan;nan,nan;nan;nan
imc2023_heritage,outliers,wall_dsc_5060_acr.png,nan;nan;nan;nan;nan;nan;nan;nan;nan,nan;nan;nan
imc2023_heritage,outliers,wall_dsc_5057_acr.png,nan;nan;nan;nan;nan;nan;nan;nan;nan,nan;nan;nan
imc2023_heritage,outliers,wall_dsc_5054_acr.png,nan;nan;nan;nan;nan;nan;nan;nan;nan,nan;nan;nan
imc2023_heritage,outliers,wall_dsc_5051_acr.png,nan;nan;nan;nan;nan;nan;nan;nan;nan,nan;nan;nan
imc2023_heritage,outliers,wall_dsc_5048_acr.png,nan;nan;nan;nan;nan;nan;nan;nan;nan,nan;nan;nan
imc2023_heritage,outliers,wall_dsc_5045_acr.png,nan;nan;nan;nan;nan;nan;nan;nan;nan,nan;nan;nan
imc2023_heritage,outliers,wall_dsc_5042_acr.png,nan;nan;nan;nan;nan;nan;nan;nan;nan,nan;nan;nan
imc2023_heritage,outliers,wall_dsc_5039_acr.png,nan;nan;nan;nan;nan;nan;nan;nan;nan,nan;nan;nan
imc2023_heritage,outliers,wall_dsc_5033_acr.png,nan;nan;nan;nan;nan;nan;nan;nan;nan,nan;nan;nan
imc2023_heritage,outliers,wall_dsc_4970_acr.png,nan;nan;nan;nan;nan;nan;nan;nan;nan,nan;nan;nan
imc2023_heritage,outliers,wall_dsc_4973_acr.png,nan;nan;nan;nan;nan;nan;nan;nan;nan,nan;nan;nan
imc2023_heritage,outliers,wall_dsc_4976_acr.png,nan;nan;nan;nan;nan;nan;nan;nan;nan,nan;nan;nan
imc2023_heritage,outliers,wall_dsc_4979_acr.png,nan;nan;nan;nan;nan;nan;nan;nan;nan,nan;nan;nan
imc2023_heritage,outliers,wall_dsc_4982_acr.png,nan;nan;nan;nan;nan;nan;nan;nan;nan,nan;nan;nan
imc2023_heritage,outliers,wall_dsc_4985_acr.png,nan;nan;nan;nan;nan;nan;nan;nan;nan,nan;nan;nan
imc2023_heritage,outliers,wall_dsc_4991_acr.png,nan;nan;nan;nan;nan;nan;nan;nan;nan,nan;nan;nan
imc2023_heritage,outliers,wall_dsc_4943_acr.png,nan;nan;nan;nan;nan;nan;nan;nan;nan,nan;nan;nan
imc2023_heritage,outliers,wall_dsc_4946_acr.png,nan;nan;nan;nan;nan;nan;nan;nan;nan,nan;nan;nan
imc2023_heritage,outliers,wall_dsc_4961_acr.png,nan;nan;nan;nan;nan;nan;nan;nan;nan,nan;nan;nan
imc2023_heritage,outliers,wall_dsc_4952_acr.png,nan;nan;nan;nan;nan;nan;nan;nan;nan,nan;nan;nan
imc2023_heritage,outliers,wall_dsc_4964_acr.png,nan;nan;nan;nan;nan;nan;nan;nan;nan,nan;nan;nan
imc2023_heritage,outliers,wall_dsc_4955_acr.png,nan;nan;nan;nan;nan;nan;nan;nan;nan,nan;nan;nan
imc2023_heritage,outliers,wall_dsc_4967_acr.png,nan;nan;nan;nan;nan;nan;nan;nan;nan,nan;nan;nan
imc2023_heritage,outliers,wall_dsc_4958_acr.png,nan;nan;nan;nan;nan;nan;nan;nan;nan,nan;nan;nan
imc2023_heritage,outliers,wall_dsc_4940_acr.png,nan;nan;nan;nan;nan;nan;nan;nan;nan,nan;nan;nan
imc2023_heritage,outliers,wall_dsc_4937_acr.png,nan;nan;nan;nan;nan;nan;nan;nan;nan,nan;nan;nan
imc2023_heritage,outliers,wall_dsc_4934_acr.png,nan;nan;nan;nan;nan;nan;nan;nan;nan,nan;nan;nan
imc2023_heritage,outliers,wall_dsc_4931_acr.png,nan;nan;nan;nan;nan;nan;nan;nan;nan,nan;nan;nan
imc2023_heritage,outliers,wall_dsc_4928_acr.png,nan;nan;nan;nan;nan;nan;nan;nan;nan,nan;nan;nan
imc2023_heritage,outliers,wall_dsc_4994_acr.png,nan;nan;nan;nan;nan;nan;nan;nan;nan,nan;nan;nan
imc2023_heritage,outliers,wall_dsc_4997_acr.png,nan;nan;nan;nan;nan;nan;nan;nan;nan,nan;nan;nan
imc2023_heritage,outliers,wall_dsc_5000_acr.png,nan;nan;nan;nan;nan;nan;nan;nan;nan,nan;nan;nan
imc2023_heritage,outliers,wall_dsc_5003_acr.png,nan;nan;nan;nan;nan;nan;nan;nan;nan,nan;nan;nan
imc2023_heritage,outliers,wall_dsc_5006_acr.png,nan;nan;nan;nan;nan;nan;nan;nan;nan,nan;nan;nan
imc2023_heritage,outliers,wall_dsc_5009_acr.png,nan;nan;nan;nan;nan;nan;nan;nan;nan,nan;nan;nan
imc2023_heritage,outliers,wall_dsc_5012_acr.png,nan;nan;nan;nan;nan;nan;nan;nan;nan,nan;nan;nan
imc2023_heritage,outliers,wall_dsc_5015_acr.png,nan;nan;nan;nan;nan;nan;nan;nan;nan,nan;nan;nan
imc2023_heritage,outliers,wall_dsc_5018_acr.png,nan;nan;nan;nan;nan;nan;nan;nan;nan,nan;nan;nan
imc2023_heritage,outliers,wall_dsc_5021_acr.png,nan;nan;nan;nan;nan;nan;nan;nan;nan,nan;nan;nan
imc2023_heritage,outliers,wall_dsc_5024_acr.png,nan;nan;nan;nan;nan;nan;nan;nan;nan,nan;nan;nan
imc2023_heritage,outliers,wall_dsc_5027_acr.png,nan;nan;nan;nan;nan;nan;nan;nan;nan,nan;nan;nan
imc2023_heritage,outliers,wall_dsc_5030_acr.png,nan;nan;nan;nan;nan;nan;nan;nan;nan,nan;nan;nan
imc2023_theather_imc2024_church,cluster4,church_00020.png,0.986748852;-0.072926270;-0.144942964;0.051082984;0.987503937;-0.149085560;0.154004001;0.139705886;0.978143667,-1.244532603;0.724463742;4.602773776
imc2023_theather_imc2024_church,outliers,church_00046.png,nan;nan;nan;nan;nan;nan;nan;nan;nan,nan;nan;nan
imc2023_theather_imc2024_church,cluster4,church_00080.png,-0.161331186;-0.396739486;-0.903642644;0.181620589;0.888062912;-0.422324788;0.970044437;-0.232254268;-0.071216184,2.834413460;0.901273636;3.055132939
imc2023_theather_imc2024_church,outliers,church_00063.png,nan;nan;nan;nan;nan;nan;nan;nan;nan,nan;nan;nan
imc2023_theather_imc2024_church,cluster4,church_00045.png,0.989332452;0.080546602;0.121381813;-0.074180359;0.995666119;-0.056091485;-0.125373737;0.046488980;0.991019778,-2.180132549;-0.114745593;4.081718247
imc2023_theather_imc2024_church,cluster4,church_00071.png,0.093366135;-0.477751824;-0.873519296;0.216456435;0.866106670;-0.450561702;0.971817563;-0.147011667;0.184277489,2.486601297;0.932460294;2.153837190
imc2023_theather_imc2024_church,cluster4,church_00039.png,0.709123566;0.149146292;0.689129270;-0.183860766;0.982671783;-0.023481589;-0.680690081;-0.110052487;0.724257871,-3.530711447;0.223831041;3.235507113
imc2023_theather_imc2024_church,cluster4,church_00069.png,-0.201878166;-0.360196418;-0.910770963;0.357795090;0.838521795;-0.410930496;0.911716996;-0.408827273;-0.040402732,3.054819237;0.652476841;2.175510566
imc2023_theather_imc2024_church,cluster4,church_00026.png,0.962662780;-0.031580056;-0.268855115;0.033832491;0.999420492;0.003747461;0.268580966;-0.012703579;0.963173340,-0.476008987;0.069899814;-1.673440346
imc2023_theather_imc2024_church,cluster4,church_00038.png,0.990464883;0.134208529;-0.031102849;-0.136400627;0.987033753;-0.084612288;0.019343871;0.088047948;0.995928398,-0.727243854;-0.117889308;2.167375541
imc2023_theather_imc2024_church,cluster4,church_00110.png,0.985857614;0.024287123;-0.165815866;-0.014840872;0.998207915;0.057971607;0.166926673;-0.054690898;0.984451315,-0.883483280;-0.038965142;0.778543440
imc2023_theather_imc2024_church,cluster4,church_00017.png,0.781933490;-0.290422556;-0.551574797;0.220556280;0.956498524;-0.190959421;0.583039402;0.027664281;0.811972748,0.609144574;0.485581704;0.072943050
imc2023_theather_imc2024_church,outliers,church_00035.png,nan;nan;nan;nan;nan;nan;nan;nan;nan,nan;nan;nan
imc2023_theather_imc2024_church,outliers,church_00047.png,nan;nan;nan;nan;nan;nan;nan;nan;nan,nan;nan;nan
imc2023_theather_imc2024_church,outliers,church_00041.png,nan;nan;nan;nan;nan;nan;nan;nan;nan,nan;nan;nan
imc2023_theather_imc2024_church,cluster4,church_00055.png,0.976255209;-0.078291948;-0.201980536;0.075526462;0.996914677;-0.021374780;0.203030834;0.005612365;0.979156260,-0.822956707;-0.320809825;-0.240004786
imc2023_theather_imc2024_church,cluster4,church_00013.png,0.921356446;-0.175913055;-0.346636549;0.035015997;0.925675394;-0.376694763;0.387138451;0.334932323;0.859036762,0.143740762;0.859542012;-0.397163265
imc2023_theather_imc2024_church,cluster4,church_00019.png,0.933804339;-0.217758708;-0.283884840;0.145859240;0.956222310;-0.253700563;0.326702524;0.195499460;0.924686661,0.351981455;0.532022441;-1.229495188
imc2023_theather_imc2024_church,cluster4,church_00012.png,0.852072389;-0.217724468;-0.475992332;0.069398850;0.948346020;-0.309553913;0.518802895;0.230729022;0.823169287,0.332128111;0.596586922;-1.183143942
imc2023_theather_imc2024_church,cluster4,church_00048.png,0.986203303;-0.012799448;-0.165043084;0.015216165;0.999794609;0.013386886;0.164837840;-0.015713514;0.986195504,-0.965934119;-0.130242926;0.453481718
imc2023_theather_imc2024_church,cluster4,church_00108.png,0.962828043;-0.122719444;-0.240628548;0.120451090;0.992424966;-0.024170669;0.241771990;-0.005711773;0.970316279,-0.715832334;-0.236835327;0.376613454
imc2023_theather_imc2024_church,cluster4,church_00111.png,0.996653505;0.075851991;-0.030467480;-0.076218267;0.997029988;-0.011044360;0.029539254;0.013329579;0.999474739,-1.241222749;0.229369908;-1.568533578
imc2023_theather_imc2024_church,cluster4,church_00091.png,0.585911377;-0.431193113;-0.686134359;0.045604338;0.862889928;-0.503330127;0.809090911;0.263616145;0.525241302,0.997326626;0.892911296;-1.486622654
imc2023_theather_imc2024_church,cluster4,church_00082.png,-0.136364355;-0.435289013;-0.889903499;0.155131207;0.877829748;-0.453154766;0.978437055;-0.199845961;-0.052177778,2.779978851;0.981860960;3.155019337
imc2023_theather_imc2024_church,cluster4,church_00023.png,0.916254242;-0.208800314;-0.341878038;0.173119611;0.975999520;-0.132115620;0.361258584;0.061865704;0.930411130,0.029535091;0.342910206;3.021381661
imc2023_theather_imc2024_church,cluster4,church_00053.png,0.998564429;-0.004422864;-0.053380895;0.013343666;0.985706663;0.167941423;0.051875122;-0.168412628;0.984350628,-1.161126637;-0.388009715;-1.811426865
imc2023_theather_imc2024_church,cluster4,church_00079.png,0.069813746;-0.506357880;-0.859492722;0.440559090;0.788668204;-0.428847470;0.895004876;-0.348717883;0.278140449,2.502149825;0.795294480;-0.521411055
imc2023_theather_imc2024_church,cluster4,church_00014.png,0.951885086;-0.122980973;-0.280696389;0.001849405;0.918234535;-0.396032725;0.306449608;0.376458523;0.874281201,0.122156530;0.855586698;-0.388509926
imc2023_theather_imc2024_church,cluster4,church_00022.png,0.991136199;0.053545270;0.121580994;-0.044096657;0.995889382;-0.079119048;-0.125317672;0.073056437;0.989423185,-1.781300621;-0.258484599;6.035112695
imc2023_theather_imc2024_church,outliers,church_00104.png,nan;nan;nan;nan;nan;nan;nan;nan;nan,nan;nan;nan
imc2023_theather_imc2024_church,outliers,church_00043.png,nan;nan;nan;nan;nan;nan;nan;nan;nan,nan;nan;nan
imc2023_theather_imc2024_church,cluster4,church_00109.png,0.983396839;0.019862764;-0.180377735;-0.014739329;0.999450178;0.029700080;0.180868485;-0.026548318;0.983148909,-0.838130215;-0.173820608;0.066126321
imc2023_theather_imc2024_church,cluster4,church_00100.png,0.972621280;-0.055815536;-0.225593600;0.053069743;0.998424534;-0.018222320;0.226255273;0.005751222;0.974051064,-0.817023519;-0.275568558;-0.174510137
imc2023_theather_imc2024_church,cluster4,church_00018.png,0.766568577;-0.302786583;-0.566297539;0.247818747;0.953033587;-0.174105857;0.592417493;-0.006875068;0.805601792,0.697255018;0.423210639;-1.154336239
imc2023_theather_imc2024_church,cluster4,church_00021.png,0.997261902;0.053167687;0.051399369;-0.051891997;0.998318242;-0.025843904;-0.052686988;0.023105925;0.998343727,-2.390574075;0.125609446;2.171435924
imc2023_theather_imc2024_church,cluster4,church_00078.png,0.388595415;-0.426148951;-0.816939823;0.100920810;0.900971432;-0.421978042;0.915864943;0.081532503;0.393120665,1.933420029;0.791327171;1.804613852
imc2023_theather_imc2024_church,cluster4,church_00083.png,0.539489215;-0.432160314;-0.722626356;0.278007491;0.901528379;-0.331599785;0.794772434;-0.022001032;0.606508642,1.516665985;0.521434856;0.853312753
imc2023_theather_imc2024_church,cluster4,church_00092.png,0.666627282;-0.374749403;-0.644337606;0.242242660;0.926425796;-0.288190456;0.704930181;0.036029565;0.708361003,0.862613974;0.377227555;-1.766682368
imc2023_theather_imc2024_church,cluster4,church_00093.png,0.797440039;-0.328486200;-0.506148398;0.318662230;0.941577721;-0.109021913;0.512390249;-0.074351938;0.855527920,0.518806555;-0.018203645;-1.934794768
imc2023_theather_imc2024_church,cluster4,church_00073.png,-0.372599499;-0.397923384;-0.838347538;0.149787099;0.865764848;-0.477509217;0.915823912;-0.303493340;-0.262979760,3.120596031;1.047364499;4.336785310
imc2023_theather_imc2024_church,cluster4,church_00087.png,0.546120464;-0.426716015;-0.720878549;0.255570439;0.904382519;-0.341725050;0.797769509;0.002387795;0.602957800,1.226362406;0.483262553;-1.604926592
imc2023_theather_imc2024_church,cluster4,church_00005.png,0.917854944;-0.220725153;-0.329882871;0.154693599;0.964325351;-0.214817385;0.365530016;0.146140430;0.919255559,-0.692162142;0.924600871;13.071801928
imc2023_theather_imc2024_church,cluster4,church_00028.png,0.964206788;-0.012923864;-0.264836257;-0.008513191;0.996787559;-0.079637220;0.265014707;0.079041350;0.960999308,0.738874927;0.054892381;6.049005320
imc2023_theather_imc2024_church,cluster4,church_00075.png,-0.118338972;-0.552213994;-0.825260924;0.124907111;0.816220809;-0.564076062;0.985085834;-0.169833140;-0.027615277,2.171596570;1.086399181;0.668501262
imc2023_theather_imc2024_church,cluster4,church_00006.png,0.953218836;-0.257215424;-0.158789408;0.204887781;0.935998482;-0.286230395;0.222249518;0.240306194;0.944911681,-0.555335841;0.601939066;6.631579705
imc2023_theather_imc2024_church,cluster4,church_00004.png,0.918351649;-0.227303256;-0.323980675;0.148212597;0.956571874;-0.251004534;0.366964950;0.182492410;0.912158564,-0.571978303;0.526009929;6.143259085
imc2023_theather_imc2024_church,cluster4,church_00016.png,0.984360980;-0.064964890;-0.163746827;0.043870458;0.990634867;-0.129297883;0.170613139;0.120092143;0.977992349,-1.153822896;0.987080215;11.089658966
imc2023_theather_imc2024_church,cluster4,church_00099.png,0.973015482;-0.078944747;-0.216814664;0.087406680;0.995729733;0.029704730;0.213543775;-0.047854213;0.975760745,-0.748095443;-0.294339785;-0.125700156
imc2023_theather_imc2024_church,cluster4,church_00025.png,0.960951669;0.139015905;0.239262340;-0.086138733;0.971966739;-0.218771061;-0.262967694;0.189618661;0.945987714,-1.694196181;0.520498620;-0.976353670
imc2023_theather_imc2024_church,cluster4,church_00040.png,0.501797335;0.172642413;0.847581284;-0.223093060;0.972558909;-0.066020115;-0.835720600;-0.155960784;0.526542792,-3.990034581;0.253794073;7.062386974
imc2023_theather_imc2024_church,outliers,kyiv_puppet_theater_img_20220127_170709.png,nan;nan;nan;nan;nan;nan;nan;nan;nan,nan;nan;nan
imc2023_theather_imc2024_church,outliers,kyiv_puppet_theater_img_20220127_170633.png,nan;nan;nan;nan;nan;nan;nan;nan;nan,nan;nan;nan
imc2023_theather_imc2024_church,outliers,kyiv_puppet_theater_img_20220127_170350.png,nan;nan;nan;nan;nan;nan;nan;nan;nan,nan;nan;nan
imc2023_theather_imc2024_church,outliers,kyiv_puppet_theater_img_20220127_170339.png,nan;nan;nan;nan;nan;nan;nan;nan;nan,nan;nan;nan
imc2023_theather_imc2024_church,outliers,kyiv_puppet_theater_img_20220127_170250.png,nan;nan;nan;nan;nan;nan;nan;nan;nan,nan;nan;nan
imc2023_theather_imc2024_church,cluster5,kyiv_puppet_theater_img_20220127_165709.png,0.858995935;-0.117074790;-0.498416971;0.511981081;0.198640011;0.835713778;0.001164538;-0.973054798;0.230571040,1.906259523;-2.094719707;-0.106093996
imc2023_theather_imc2024_church,cluster6,kyiv_puppet_theater_img_20220127_165703.png,0.797546115;0.193279003;0.571457278;-0.436676081;0.838540260;0.325828532;-0.416214121;-0.509405005;0.753174845,-1.655552772;0.120495275;-2.078528363
imc2023_theather_imc2024_church,cluster6,kyiv_puppet_theater_img_20220127_165700.png,0.816483262;0.233461763;0.528063148;-0.309044030;0.949267789;0.058158852;-0.487695469;-0.210680492;0.847211225,-1.691125088;1.012963943;-2.269069487
imc2023_theather_imc2024_church,cluster6,kyiv_puppet_theater_img_20220127_165641.png,0.965694457;0.259260605;-0.014770090;-0.255262856;0.958174958;0.129389429;0.047697912;-0.121180399;0.991483848,3.010382954;-0.182855748;5.315957920
imc2023_theather_imc2024_church,cluster5,kyiv_puppet_theater_img_20220127_165612.png,0.993182826;0.027812733;0.113200376;-0.057967934;0.960370012;0.272633743;-0.101131557;-0.277337143;0.955435250,1.165752432;-0.799347226;-1.915397409
imc2023_theather_imc2024_church,cluster5,kyiv_puppet_theater_img_20220127_165608.png,0.989164131;0.042158294;-0.140630722;0.032295939;0.871937095;0.488551609;0.143217646;-0.487799529;0.861127357,1.234784196;-0.537763262;-1.763536977
imc2023_theather_imc2024_church,cluster5,kyiv_puppet_theater_img_20220127_165549.png,0.990556459;-0.035967481;-0.132303596;0.054110220;0.989202147;0.136202780;0.125976130;-0.142075521;0.981806784,1.056144194;0.312911333;-0.024022861
imc2023_theather_imc2024_church,cluster5,kyiv_puppet_theater_img_20220127_165418.png,0.998590958;0.051267597;-0.013701526;-0.048761043;0.988332322;0.144296851;0.020939414;-0.143425430;0.989439582,0.834673570;0.517788761;1.537221299
imc2023_theather_imc2024_church,cluster5,kyiv_puppet_theater_img_20220127_165343.png,0.998708046;-0.007376594;0.050277484;0.004633351;0.998505105;0.054461797;-0.050604067;-0.054158481;0.997249260,0.904331762;0.525263032;6.173293386
imc2023_theather_imc2024_church,cluster6,kyiv_puppet_theater_img_20220127_165449.png,0.843411003;0.330110028;0.423892969;-0.395969491;0.915183753;0.075145598;-0.363133643;-0.231227307;0.902589547,-2.379676135;-0.850846179;1.217500763
imc2023_theather_imc2024_church,outliers,kyiv_puppet_theater_img_20220127_165722.png,nan;nan;nan;nan;nan;nan;nan;nan;nan,nan;nan;nan
imc2023_theather_imc2024_church,outliers,kyiv_puppet_theater_img_20220127_165737.png,nan;nan;nan;nan;nan;nan;nan;nan;nan,nan;nan;nan
imc2023_theather_imc2024_church,outliers,kyiv_puppet_theater_img_20220127_165748.png,nan;nan;nan;nan;nan;nan;nan;nan;nan,nan;nan;nan
imc2023_theather_imc2024_church,outliers,kyiv_puppet_theater_img_20220127_165811.png,nan;nan;nan;nan;nan;nan;nan;nan;nan,nan;nan;nan
imc2023_theather_imc2024_church,outliers,kyiv_puppet_theater_img_20220127_165815.png,nan;nan;nan;nan;nan;nan;nan;nan;nan,nan;nan;nan
imc2023_theather_imc2024_church,outliers,kyiv_puppet_theater_img_20220127_165822.png,nan;nan;nan;nan;nan;nan;nan;nan;nan,nan;nan;nan
imc2023_theather_imc2024_church,outliers,kyiv_puppet_theater_img_20220127_165845.png,nan;nan;nan;nan;nan;nan;nan;nan;nan,nan;nan;nan
imc2023_theather_imc2024_church,cluster5,kyiv_puppet_theater_img_20220127_165920.png,0.406261332;0.093073554;0.909004425;-0.331598027;0.942000415;0.051749065;-0.851466076;-0.322447718;0.413561350,-1.701277406;0.453060137;2.467660922
imc2023_theather_imc2024_church,cluster5,kyiv_puppet_theater_img_20220127_165957.png,0.533682898;0.132035469;0.835313833;-0.187821073;0.981573916;-0.035155263;-0.824564011;-0.138127778;0.548648256,-1.808847835;0.514819903;1.701930011
imc2023_theather_imc2024_church,outliers,kyiv_puppet_theater_img_20220127_170001.png,nan;nan;nan;nan;nan;nan;nan;nan;nan,nan;nan;nan
imc2023_theather_imc2024_church,outliers,kyiv_puppet_theater_img_20220127_170022.png,nan;nan;nan;nan;nan;nan;nan;nan;nan,nan;nan;nan
imc2024_dioscuri_baalshamin,cluster8,baalshamin_img_2163.png,0.569978106;-0.243435029;-0.784770250;0.104329687;0.968814912;-0.224750937;0.815009371;0.046228279;0.577600789,2.819343213;0.320626237;15.213138752
imc2024_dioscuri_baalshamin,cluster8,baalshamin_8100208.png,0.986130703;-0.107356779;-0.126573132;0.094356760;0.990029188;-0.104589712;0.136539510;0.091196096;0.986428018,-0.274209020;-0.117624149;3.835828219
imc2024_dioscuri_baalshamin,cluster8,baalshamin_5821.png,-0.619200349;-0.140016655;-0.772648862;0.103706681;0.960772458;-0.257218212;0.778354580;-0.239398456;-0.580389979,3.039352028;0.512490190;4.100093926
imc2024_dioscuri_baalshamin,cluster8,baalshamin_5748.png,0.819818783;-0.203096968;-0.535395914;0.156228521;0.978848347;-0.132093006;0.550899094;0.024648216;0.834207800,1.046110006;0.075884008;2.679808661
imc2024_dioscuri_baalshamin,cluster8,baalshamin_5747.png,0.428629686;-0.229702788;-0.873792436;0.066768236;0.972549444;-0.222911601;0.901009764;0.037204950;0.432200413,2.415327064;-0.084742039;13.720498018
imc2024_dioscuri_baalshamin,outliers,baalshamin_5741.png,nan;nan;nan;nan;nan;nan;nan;nan;nan,nan;nan;nan
imc2024_dioscuri_baalshamin,cluster8,baalshamin_5740.png,0.368796185;-0.261137301;-0.892074371;0.089393057;0.965240905;-0.245599014;0.925201738;0.010830724;0.379321025,2.457981808;0.060899534;12.629719319
imc2024_dioscuri_baalshamin,cluster8,baalshamin_25.png,0.527434764;0.180174798;0.830270806;-0.007461835;0.978198902;-0.207536091;-0.849562764;0.103266406;0.517280542,-3.267972978;0.093857153;9.579979336
imc2024_dioscuri_baalshamin,cluster8,baalshamin_2316.png,0.842231116;-0.187102725;-0.505607869;0.092302528;0.974042109;-0.206693524;0.531156277;0.127414833;0.837638627,0.742634291;0.062122156;6.249815853
imc2024_dioscuri_baalshamin,cluster8,baalshamin_19875043841_a36e9ccb18_o.png,-0.131608726;0.219728365;0.966642948;-0.155430796;0.958489739;-0.239037002;-0.979040556;-0.181705438;-0.091993059,-2.936849644;0.633884935;2.599352015
imc2024_dioscuri_baalshamin,cluster8,baalshamin_19770034361_ab8a99f3a9_o.png,0.897700140;-0.178128176;-0.402994803;0.161890156;0.984006186;-0.074319595;0.409787793;0.001475820;0.912179690,0.950511749;-0.027329361;-0.326425518
imc2024_dioscuri_baalshamin,cluster8,baalshamin_19770021361_0a7ef660e2_o.png,0.993171172;-0.106721444;-0.047133390;0.109990179;0.991227818;0.073277377;0.038899659;-0.077961188;0.996197204,-0.289101079;-0.419499690;-0.986209475
imc2024_dioscuri_baalshamin,cluster8,baalshamin_19765295615_6a8758cc07_o.png,0.582994701;0.142514416;0.799879253;-0.206161197;0.978222974;-0.024028614;-0.785884686;-0.150895510;0.599679753,-2.622958296;0.100174995;0.504122996
imc2024_dioscuri_baalshamin,cluster8,baalshamin_19758057422_3b2d8bf005_o.png,0.992562545;-0.104304998;-0.062769917;0.104074115;0.994545291;-0.006945624;0.063151989;0.000361243;0.998003856,-0.226364260;-0.134827974;-0.615815776
imc2024_dioscuri_baalshamin,cluster8,baalshamin_19758050972_3e8ee37d98_o.png,0.994271023;-0.106198365;-0.012125991;0.106715424;0.992705115;0.056110355;0.006078706;-0.057082930;0.998350934,-0.306451082;-0.379593653;-0.931389042
imc2024_dioscuri_baalshamin,cluster8,baalshamin_85328479_89f3b31dfa_o.png,0.978039188;-0.104694406;-0.180217724;0.072236567;0.981361317;-0.178078193;0.195502494;0.161149142;0.967372591,0.715598944;0.415729504;12.712458474
imc2024_dioscuri_baalshamin,cluster8,baalshamin_palmyra_baalshamin.png,0.993064968;-0.097543500;-0.065629523;0.092351235;0.992668550;-0.077976920;0.072754505;0.071375180;0.994792625,0.014306562;0.128315624;-0.105284424
imc2024_dioscuri_baalshamin,cluster8,baalshamin_182z.png,0.985100603;-0.049390353;0.164734317;0.067762148;0.991856625;-0.107836572;-0.158066738;0.117392623;0.980425356,-0.738042386;0.159887845;0.118653336
imc2024_dioscuri_baalshamin,cluster8,baalshamin_19144401003_5d0dee05f5_o.png,-0.232513987;0.290955818;0.928052778;-0.068223155;0.946975014;-0.313980771;-0.970197324;-0.136319609;-0.200335012,-2.607485592;0.842824675;3.558309943
imc2024_dioscuri_baalshamin,cluster8,baalshamin_194d.png,0.921233475;0.028518271;0.387963391;0.024112233;0.991205468;-0.130116562;-0.388262134;0.129222396;0.912444019,-1.440697049;0.240190869;0.660642961
imc2024_dioscuri_baalshamin,cluster8,baalshamin_19577278428_e8044e854b_o.png,0.900838933;0.035115677;0.432730986;-0.025521499;0.999283151;-0.027961355;-0.433402665;0.014144734;0.901089372,-1.667535260;-0.051430081;0.099774360
imc2024_dioscuri_baalshamin,cluster8,baalshamin_19577300988_4e4ff423a7_o.png,0.994860217;-0.099974335;-0.016071128;0.099498381;0.994640901;-0.028098948;0.018794175;0.026355474;0.999475947,-0.253808968;-0.115250607;-0.572829050
imc2024_dioscuri_baalshamin,cluster8,baalshamin_19577310688_5d2e78386b_o.png,0.881594033;-0.178386061;-0.437001573;0.156833171;0.983938264;-0.085257549;0.445191327;0.006626204;0.895410953,0.995144588;0.015228354;-0.028651121
imc2024_dioscuri_baalshamin,cluster8,baalshamin_19577313278_bf436a42f4_o.png,0.818088739;-0.194110675;-0.541342646;0.161945669;0.980979629;-0.107016674;0.551819187;-0.000118961;0.833963771,1.566078305;0.063706168;0.327021368
imc2024_dioscuri_baalshamin,cluster8,baalshamin_19578696189_92b41b9b79_o.png,0.924306095;0.080229553;0.373123922;-0.114382066;0.990948225;0.070273456;-0.364108480;-0.107632869;0.925116306,-1.508518183;-0.276700654;-0.365795867
imc2024_dioscuri_baalshamin,cluster8,baalshamin_19739127926_d1f03f70ed_o.png,0.901942479;0.138418885;0.409072093;-0.169301964;0.984749207;0.040073000;-0.397286559;-0.105400249;0.911621729,-1.473769166;-0.149437143;-0.249437695
imc2024_dioscuri_baalshamin,cluster8,baalshamin_19739156806_e4f69d8792_o.png,0.771449812;-0.213103883;-0.599543095;0.200320242;0.975676009;-0.089040027;0.603934589;-0.051410706;0.795374095,1.560939360;0.022141995;-0.252640034
imc2024_dioscuri_baalshamin,cluster8,baalshamin_cimg2278.png,0.125724330;-0.232814866;-0.964360218;0.140627697;0.966439896;-0.214983206;0.982047475;-0.108587137;0.154245227,3.337306213;0.463523791;5.509624000
imc2024_dioscuri_baalshamin,cluster8,baalshamin_cimg2282.png,0.651867321;-0.246852507;-0.717030568;0.262216987;0.960583383;-0.092313682;0.711555512;-0.127841322;0.690901838,1.993192419;0.129486076;0.357235434
imc2024_dioscuri_baalshamin,cluster8,baalshamin_dsc01926.png,0.493882637;0.144457993;0.857444942;-0.118235010;0.988101346;-0.098367737;-0.861452508;-0.052797894;0.505086091,-2.709796947;0.324490232;0.619653517
imc2024_dioscuri_baalshamin,cluster8,baalshamin_dscf4498.png,0.646072491;0.094718924;0.757376170;-0.061882656;0.995503911;-0.071711231;-0.760763349;-0.000537795;0.649029150,-2.327491596;0.247285896;0.366973229
imc2024_dioscuri_baalshamin,cluster8,baalshamin_dscf4501.png,0.445748388;0.147849012;0.882864114;-0.059594937;0.988979198;-0.135530767;-0.893172334;0.007798390;0.449646936,-2.269255548;0.395646542;1.939628435
imc2024_dioscuri_baalshamin,cluster8,baalshamin_dscf4642.png,0.854123265;-0.198345280;-0.480762517;0.149628472;0.979051642;-0.138091283;0.498081086;0.046011216;0.865908887,2.282785828;0.514497222;1.539923126
imc2024_dioscuri_baalshamin,outliers,baalshamin_dscf4644.png,nan;nan;nan;nan;nan;nan;nan;nan;nan,nan;nan;nan
imc2024_dioscuri_baalshamin,cluster8,baalshamin_dscn2009.png,0.800723990;0.084265554;0.593077068;-0.025898470;0.994000665;-0.106263577;-0.598473359;0.069728007;0.798102527,-1.484560478;0.586578829;2.244816882
imc2024_dioscuri_baalshamin,cluster8,baalshamin_dscn2022.png,0.988815224;-0.097650241;-0.112733684;0.090676662;0.993729098;-0.065423410;0.118415354;0.054469350;0.991469058,2.651214026;0.888684272;4.187314424
imc2024_dioscuri_baalshamin,cluster8,baalshamin_dscn2027.png,0.923298172;-0.159267442;-0.349505891;0.164892162;0.986214891;-0.013811759;0.346887678;-0.044878410;0.936832358,0.983935397;0.331704157;0.828886275
imc2024_dioscuri_baalshamin,cluster8,baalshamin_dscn2032.png,0.859619647;0.049736100;0.508507997;-0.002781310;0.995691617;-0.092684774;-0.510926930;0.078259334;0.856054408,-0.612345200;1.179708658;7.634520913
imc2024_dioscuri_baalshamin,cluster8,baalshamin_dscn2034.png,0.879812777;0.032954076;0.474176661;0.010952445;0.995923373;-0.089535904;-0.475194193;0.083968226;0.875865182,-1.334949900;0.397197105;1.126185166
imc2024_dioscuri_baalshamin,cluster8,baalshamin_dscn2063.png,0.647054535;0.118313647;0.753208012;-0.052997321;0.992476602;-0.110369737;-0.760599574;0.031497232;0.648456793,-2.100818579;0.450514936;1.653932596
imc2024_dioscuri_baalshamin,cluster8,baalshamin_dscn2064.png,0.651617565;0.117578088;0.749379705;-0.057939779;0.992742604;-0.105380757;-0.756331628;0.025249058;0.653700967,-2.217662007;0.334361533;0.803971655
imc2024_dioscuri_baalshamin,cluster8,baalshamin_dscn2065.png,0.648112746;0.122561880;0.751617225;-0.050063372;0.991686478;-0.118539393;-0.759897050;0.039198399;0.648860508,-2.105286553;0.442839550;1.639959922
imc2024_dioscuri_baalshamin,cluster8,baalshamin_dscn2066.png,0.817608951;-0.202950294;-0.538819805;0.185203499;0.978784658;-0.087637082;0.545174530;-0.028138451;0.837850201,1.672798788;0.160754644;-0.065700821
imc2024_dioscuri_baalshamin,cluster8,baalshamin_hpim3190.png,0.890723036;0.019487706;0.454128508;0.012946682;0.997587506;-0.068202282;-0.454362032;0.066628801;0.888321871,-1.474210004;0.203394648;0.568661671
imc2024_dioscuri_baalshamin,cluster8,baalshamin_img_1145.png,0.360355460;0.160152975;0.918964073;0.032545056;0.982393099;-0.183969070;-0.932247157;0.096201996;0.348798530,-2.275697947;0.367898184;4.661735296
imc2024_dioscuri_baalshamin,outliers,baalshamin_image29.png,nan;nan;nan;nan;nan;nan;nan;nan;nan,nan;nan;nan
imc2024_dioscuri_baalshamin,cluster8,baalshamin_image6.png,-0.677399518;-0.127167740;-0.724540033;0.248288262;0.887619005;-0.387924530;0.692446989;-0.442674675;-0.569698429,2.626934548;1.007519818;2.749113650
imc2024_dioscuri_baalshamin,cluster8,baalshamin_pict0818.png,0.480727513;-0.267201962;-0.835167151;0.231843129;0.957278497;-0.172819683;0.845665313;-0.110548589;0.522139050,2.598714860;0.367982724;0.751128913
imc2024_dioscuri_baalshamin,cluster8,baalshamin_palmyr29.png,0.894918285;-0.153250582;-0.419088918;0.077573460;0.978306000;-0.192093020;0.439435571;0.139397379;0.887392106,0.979712233;0.086899144;6.256301649
imc2024_dioscuri_baalshamin,outliers,outliers_39500842_567338329.png,nan;nan;nan;nan;nan;nan;nan;nan;nan,nan;nan;nan
imc2024_dioscuri_baalshamin,outliers,outliers_04356156_8480804407.png,nan;nan;nan;nan;nan;nan;nan;nan;nan,nan;nan;nan
imc2024_dioscuri_baalshamin,outliers,outliers_08766078_2117237656.png,nan;nan;nan;nan;nan;nan;nan;nan;nan,nan;nan;nan
imc2024_dioscuri_baalshamin,outliers,outliers_15001797_2073024252.png,nan;nan;nan;nan;nan;nan;nan;nan;nan,nan;nan;nan
imc2024_dioscuri_baalshamin,outliers,outliers_15108470_13126668493.png,nan;nan;nan;nan;nan;nan;nan;nan;nan,nan;nan;nan
imc2024_dioscuri_baalshamin,cluster10,outliers_16939073_1562031964.png,0.781312327;0.449825220;0.432675767;-0.354148993;0.890344020;-0.286122381;-0.513935344;0.070319256;0.854941907,-1.866153736;0.044042957;-0.364690566
imc2024_dioscuri_baalshamin,outliers,outliers_17617215_8679921663.png,nan;nan;nan;nan;nan;nan;nan;nan;nan,nan;nan;nan
imc2024_dioscuri_baalshamin,cluster10,outliers_21013750_3810761207.png,0.253529771;0.547094431;0.797753307;-0.251716468;0.833599770;-0.491681038;-0.934002931;-0.076151864;0.349055037,-2.523869256;0.031293744;3.323259123
imc2024_dioscuri_baalshamin,cluster10,outliers_22219055_9555156398.png,0.954638908;0.188735336;0.230311805;-0.140021000;0.967149005;-0.212171917;-0.262790171;0.170299078;0.949704981,3.093193551;0.500892792;0.320514882
imc2024_dioscuri_baalshamin,cluster10,outliers_22516075_5997990597.png,0.893946863;-0.131804930;-0.428353204;-0.001896655;0.954655373;-0.297707108;0.448168952;0.266946773;0.853161187,5.878329650;0.914772857;5.443947494
imc2024_dioscuri_baalshamin,cluster10,outliers_23943395_7008829683.png,0.450934952;0.556774709;0.697609914;-0.294907541;0.830631884;-0.472313683;-0.842429351;0.007252324;0.538758009,-1.814319760;0.219474325;2.326487385
imc2024_dioscuri_baalshamin,outliers,outliers_25155127_2232385924.png,nan;nan;nan;nan;nan;nan;nan;nan;nan,nan;nan;nan
imc2024_dioscuri_baalshamin,cluster10,outliers_25182601_5963423001.png,0.992552147;0.120695541;0.016517320;-0.117412129;0.983945061;-0.134411716;-0.032475030;0.131471304;0.990787903,3.817033566;-0.302264229;2.042378719
imc2024_dioscuri_baalshamin,outliers,outliers_25259690_2957362243.png,nan;nan;nan;nan;nan;nan;nan;nan;nan,nan;nan;nan
imc2024_dioscuri_baalshamin,cluster10,outliers_25404198_10162152833.png,0.938323373;0.214849816;0.270903680;-0.067089284;0.881747869;-0.466925822;-0.339187669;0.419952678;0.841778755,2.790863505;0.708203837;3.035716055
imc2024_dioscuri_baalshamin,cluster10,outliers_27039750_8082864097.png,0.416896288;0.569864402;0.708132791;-0.000776921;0.779286464;-0.626667378;-0.908953729;0.260705140;0.325324373,-2.012740069;1.017167380;5.480000860
imc2024_dioscuri_baalshamin,cluster10,outliers_29622692_8024707719.png,0.392950062;0.564972216;0.725531973;-0.052758351;0.801551031;-0.595594242;-0.918045100;0.195760924;0.344776530,-1.929667672;1.095825670;2.738076628
imc2024_dioscuri_baalshamin,outliers,outliers_29709706_5736365308.png,nan;nan;nan;nan;nan;nan;nan;nan;nan,nan;nan;nan
imc2024_dioscuri_baalshamin,cluster10,outliers_30202749_4422920822.png,0.270615278;0.582080777;0.766778548;-0.090787816;0.808378919;-0.581619374;-0.958397070;0.087780939;0.271605528,-2.586025027;0.384179706;3.693796040
imc2024_dioscuri_baalshamin,cluster10,outliers_32208117_4023556230.png,0.980133944;0.121525711;0.156744869;-0.145610636;0.977494390;0.152650781;-0.134666236;-0.172441932;0.975770867,2.700771905;-0.695974049;-0.115917539
imc2024_dioscuri_baalshamin,cluster10,outliers_32577037_2556031968.png,0.580137690;0.374224148;0.723461504;-0.422429062;0.897653527;-0.125585958;-0.696415069;-0.232754017;0.678845799,-0.057418268;-0.733190537;-1.269289134
imc2024_dioscuri_baalshamin,cluster10,outliers_36840190_2262283891.png,0.894884995;-0.050531760;-0.443426869;0.140332344;0.975033566;0.172094099;0.423659863;-0.216231559;0.879634147,4.400525611;0.190541392;2.121822987
imc2024_dioscuri_baalshamin,outliers,outliers_37941822_4613817560.png,nan;nan;nan;nan;nan;nan;nan;nan;nan,nan;nan;nan
imc2024_dioscuri_baalshamin,cluster10,outliers_46207490_2755733467.png,0.414688743;0.543892864;0.729529848;-0.305062602;0.838413850;-0.451662512;-0.857303946;-0.035252915;0.513602158,-1.539025119;0.097056051;0.854801357
imc2024_dioscuri_baalshamin,outliers,dioscuri_dioscuria_185.png,nan;nan;nan;nan;nan;nan;nan;nan;nan,nan;nan;nan
imc2024_dioscuri_baalshamin,cluster9,dioscuri_3dom_fbk_img_1512.png,0.427871583;-0.693614890;0.579503488;0.026550921;-0.631235202;-0.775136871;0.903449477;0.347045391;-0.251671491,-0.190435675;-0.250491656;7.659955411
imc2024_dioscuri_baalshamin,outliers,dioscuri_archive_0026.png,nan;nan;nan;nan;nan;nan;nan;nan;nan,nan;nan;nan
imc2024_dioscuri_baalshamin,cluster9,dioscuri_img_0281.png,-0.928416536;-0.368427141;0.048001851;-0.298628580;0.663100307;-0.686381056;0.221051368;-0.651582247;-0.725656164,0.220852335;0.942823822;4.566393135
imc2024_dioscuri_baalshamin,cluster12,dioscuri_dioscuria_161.png,0.997986330;0.031181045;-0.055236101;-0.032017671;0.999384620;-0.014326518;0.054755394;0.016066200;0.998370534,1.341617072;0.140641300;-4.393246191
imc2024_dioscuri_baalshamin,outliers,dioscuri_templic_23.png,nan;nan;nan;nan;nan;nan;nan;nan;nan,nan;nan;nan
imc2024_dioscuri_baalshamin,outliers,dioscuri_templic_30.png,nan;nan;nan;nan;nan;nan;nan;nan;nan,nan;nan;nan
imc2024_dioscuri_baalshamin,outliers,dioscuri_3dom_fbk_img_1562.png,nan;nan;nan;nan;nan;nan;nan;nan;nan,nan;nan;nan
imc2024_dioscuri_baalshamin,cluster9,dioscuri_img_0409.png,-0.543467476;0.824760922;-0.156245076;-0.550682866;-0.490777215;-0.675193384;-0.633554642;-0.280904158;0.720903162,1.427121283;0.450148712;1.703588983
imc2024_dioscuri_baalshamin,outliers,dioscuri_3dom_fbk_img_1542.png,nan;nan;nan;nan;nan;nan;nan;nan;nan,nan;nan;nan
imc2024_dioscuri_baalshamin,cluster9,dioscuri_archive_0004.png,-0.883781571;-0.409079705;-0.227120958;-0.152168636;0.710306834;-0.687247341;0.442464508;-0.572815848;-0.690005191,-0.021633718;1.294184700;6.275918489
imc2024_dioscuri_baalshamin,outliers,dioscuri_archive_0132.png,nan;nan;nan;nan;nan;nan;nan;nan;nan,nan;nan;nan
imc2024_dioscuri_baalshamin,outliers,dioscuri_archive_0005.png,nan;nan;nan;nan;nan;nan;nan;nan;nan,nan;nan;nan
imc2024_dioscuri_baalshamin,outliers,dioscuri_img_0060.png,nan;nan;nan;nan;nan;nan;nan;nan;nan,nan;nan;nan
imc2024_dioscuri_baalshamin,cluster9,dioscuri_img_0119.png,0.946648585;-0.049628043;-0.318423483;0.080156232;0.993279595;0.083490264;0.312140090;-0.104559567;0.944264720,-0.345320766;1.296750091;3.259414514
imc2024_dioscuri_baalshamin,cluster9,dioscuri_3dom_fbk_img_1571.png,0.813595725;0.010034105;0.581344401;-0.212523540;0.935797755;0.281276212;-0.541198430;-0.352394493;0.763493537,-0.841559317;1.344123183;2.949755690
imc2024_dioscuri_baalshamin,outliers,dioscuri_archive_0057.png,nan;nan;nan;nan;nan;nan;nan;nan;nan,nan;nan;nan
imc2024_dioscuri_baalshamin,cluster9,dioscuri_img_0391.png,-0.409093169;0.841186273;-0.353621878;-0.352195469;-0.503063477;-0.789230948;-0.841784492;-0.198324967;0.502061826,0.855283858;0.569758123;3.381295905
imc2024_dioscuri_baalshamin,cluster9,dioscuri_img_0362.png,-0.296982061;0.784178764;-0.544853487;0.310075956;-0.460477458;-0.831753216;-0.903135957;-0.415961750;-0.106401435,0.515018506;-0.098935088;2.800921203
imc2024_dioscuri_baalshamin,cluster12,dioscuri_dioscuria_147.png,0.999894057;0.011926098;-0.008345273;-0.012081610;0.999749527;-0.018839279;0.008118504;0.018938108;0.999787696,-0.349864318;-0.646133576;5.294024374
imc2024_dioscuri_baalshamin,cluster9,dioscuri_img_0244.png,-0.656942013;-0.489192558;-0.573687923;0.023174249;0.747457204;-0.663905627;0.753584863;-0.449442286;-0.479699370,0.473842916;1.078494933;1.216410116
imc2024_dioscuri_baalshamin,cluster9,dioscuri_archive_0230.png,-0.748489130;-0.473466994;-0.464319963;0.020276649;0.683509097;-0.729660312;0.662836993;-0.555557666;-0.501998806,-0.176007874;0.953006934;5.227056553
imc2024_dioscuri_baalshamin,outliers,dioscuri_img_0219.png,nan;nan;nan;nan;nan;nan;nan;nan;nan,nan;nan;nan
imc2024_dioscuri_baalshamin,cluster9,dioscuri_img_0107.png,-0.102652851;0.973847455;-0.202690717;-0.994716296;-0.100217936;0.022267826;0.001372221;0.203905615;0.978989590,1.157556023;0.564029545;4.344267880
imc2024_dioscuri_baalshamin,cluster9,dioscuri_3dom_fbk_img_1522.png,0.580155140;-0.706816859;0.404759114;0.186261990;0.598899540;0.778861870;-0.792922748;-0.376469479;0.479107761,-0.808819826;-0.077434136;5.779345373
imc2024_dioscuri_baalshamin,outliers,dioscuri_3dom_fbk_img_1582.png,nan;nan;nan;nan;nan;nan;nan;nan;nan,nan;nan;nan
imc2024_dioscuri_baalshamin,cluster9,dioscuri_img_0272.png,0.018276510;0.680069472;-0.732919833;0.940859738;0.236333699;0.242753653;0.338303004;-0.694011452;-0.635530630,1.250517957;-0.340488372;4.481977170
imc2024_dioscuri_baalshamin,cluster9,dioscuri_img_0311.png,-0.320820586;0.616071775;-0.719395385;0.899996512;-0.038353849;-0.434206472;-0.295093934;-0.786755712;-0.542157744,1.031280599;-0.181314326;2.226817632
imc2024_dioscuri_baalshamin,cluster9,dioscuri_img_0075.png,-0.084717548;0.927126534;-0.365047020;-0.656752708;0.223562113;0.720205431;0.749332248;0.300759657;0.589953227,0.849404315;0.358858896;2.599760671
imc2024_dioscuri_baalshamin,outliers,dioscuri_3dom_fbk_img_1549.png,nan;nan;nan;nan;nan;nan;nan;nan;nan,nan;nan;nan
imc2024_dioscuri_baalshamin,cluster9,dioscuri_img_0461.png,-0.338786256;0.894119036;0.292873731;-0.935778505;-0.287895586;-0.203555207;-0.097685530;-0.343026649;0.934232442,1.198674532;0.525213031;3.712989210
imc2024_dioscuri_baalshamin,cluster9,dioscuri_img_0207.png,0.066483042;0.802928999;-0.592355491;0.420361430;0.515873821;0.746438523;0.904917827;-0.298628905;-0.303223521,1.369371375;-0.077448219;2.316462302
imc2024_dioscuri_baalshamin,cluster11,dioscuri_dioscuria_261.png,0.583943030;0.750077866;-0.310473401;-0.603541543;0.656910697;0.451891516;0.542907122;-0.076495305;0.836301576,2.962761703;-5.149810060;2.448634431
imc2024_dioscuri_baalshamin,cluster9,dioscuri_archive_0015.png,0.646605458;-0.300812119;-0.701008881;0.361063368;0.930194525;-0.066116482;0.671963262;-0.210357349;0.710081094,-0.323320406;1.290722020;1.698069461
imc2024_dioscuri_baalshamin,cluster9,dioscuri_img_0336.png,-0.396782397;0.738946783;-0.544537769;0.536872922;-0.294357889;-0.790645874;-0.744534213;-0.606061948;-0.279924490,0.757554546;-0.231975301;2.955454389
imc2024_dioscuri_baalshamin,cluster9,dioscuri_img_0133.png,-0.342958880;0.932050769;0.116878442;-0.897389855;-0.288320376;-0.334010194;-0.277616022;-0.219437290;0.935294937,1.106584299;0.741520356;1.454746395
imc2024_dioscuri_baalshamin,cluster12,dioscuri_dioscuria_154.png,0.999999274;0.000448476;0.001118025;-0.000424641;0.999774557;-0.021228635;-0.001127294;0.021228145;0.999774022,-0.795565768;0.456274051;-0.835397938
imc2024_dioscuri_baalshamin,cluster9,dioscuri_img_0168.png,-0.117508511;-0.598345132;-0.792574825;-0.195706256;0.796405547;-0.572221343;0.973596842;0.087870973;-0.210684316,-0.014953015;0.892970363;3.244797144
imc2024_dioscuri_baalshamin,cluster9,dioscuri_archive_0013.png,0.787496583;-0.184153490;-0.588163773;0.251026974;0.967410349;0.033206553;0.562880618;-0.173795019;0.808059838,-0.480065796;0.899532204;0.857658582
imc2024_dioscuri_baalshamin,outliers,dioscuri_img_0297.png,nan;nan;nan;nan;nan;nan;nan;nan;nan,nan;nan;nan
imc2024_dioscuri_baalshamin,outliers,dioscuri_archive_0054.png,nan;nan;nan;nan;nan;nan;nan;nan;nan,nan;nan;nan
imc2024_dioscuri_baalshamin,cluster9,dioscuri_img_0102.png,0.908524104;-0.120810269;-0.399986039;0.021419905;0.969495869;-0.244169914;0.417283046;0.213266589;0.883398110,-0.570485619;1.584091861;2.789367794
imc2024_dioscuri_baalshamin,cluster9,dioscuri_3dom_fbk_img_1517.png,0.186208186;-0.606689481;0.772822351;-0.980951257;-0.070504845;0.181007455;-0.055327599;-0.791806126;-0.608261388,-0.455237195;0.446687457;5.964918296
imc2024_dioscuri_baalshamin,outliers,dioscuri_img_0105.png,nan;nan;nan;nan;nan;nan;nan;nan;nan,nan;nan;nan
imc2024_dioscuri_baalshamin,outliers,dioscuri_archive_0025.png,nan;nan;nan;nan;nan;nan;nan;nan;nan,nan;nan;nan
imc2024_dioscuri_baalshamin,outliers,dioscuri_dioscuria_214.png,nan;nan;nan;nan;nan;nan;nan;nan;nan,nan;nan;nan
imc2024_dioscuri_baalshamin,cluster9,dioscuri_img_0152.png,-0.009903821;-0.507936801;-0.861337402;-0.037182967;0.860970991;-0.507293189;0.999259396;0.027002939;-0.027413500,-0.007503761;1.188213709;2.031754359
imc2024_dioscuri_baalshamin,cluster11,dioscuri_dioscuria_236.png,0.988514513;-0.025913435;-0.148887715;0.027150274;0.999611634;0.006280363;0.148667146;-0.010250572;0.988834165,-3.057654063;-0.524487056;0.128938729
imc2024_dioscuri_baalshamin,cluster9,dioscuri_3dom_fbk_img_1564.png,0.426565278;-0.491603351;0.759189179;-0.839613932;0.096864703;0.534477011;-0.336289324;-0.865415146;-0.371437903,-1.224633256;0.560537564;3.143279195
imc2024_dioscuri_baalshamin,cluster9,dioscuri_img_0324.png,-0.377461186;0.663206229;-0.646282099;0.755575697;-0.182919580;-0.629003811;-0.535376895;-0.725739571;-0.432057467,0.901560974;-0.234848092;2.409506408
imc2024_dioscuri_baalshamin,outliers,dioscuri_archive_0008.png,nan;nan;nan;nan;nan;nan;nan;nan;nan,nan;nan;nan
imc2024_dioscuri_baalshamin,cluster9,dioscuri_archive_0003.png,0.363182651;-0.371526889;-0.854439075;-0.152821519;0.880884072;-0.447983074;0.919099530;0.293276358;0.263144510,-0.362765087;1.484678883;7.323737472
imc2024_dioscuri_baalshamin,outliers,dioscuri_archive_0030.png,nan;nan;nan;nan;nan;nan;nan;nan;nan,nan;nan;nan
imc2024_dioscuri_baalshamin,cluster9,dioscuri_archive_0001.png,0.273093625;0.513398041;0.813536922;-0.753774556;0.639637779;-0.150623474;-0.597698746;-0.572089121;0.561667380,0.129942940;1.820651137;3.412387058
imc2024_dioscuri_baalshamin,cluster9,dioscuri_archive_0010.png,0.934151344;0.101395524;0.342169862;-0.291235581;0.770731656;0.566704995;-0.206259795;-0.629040271;0.749509996,-0.502632656;1.290693001;2.343479352
imc2024_dioscuri_baalshamin,cluster11,dioscuri_dioscuria_228.png,0.730456921;-0.669707982;0.133880194;0.679846662;0.731713290;-0.049032414;-0.065124518;0.126834069;0.989783772,-3.419638508;-0.858949305;1.046158470
imc2024_dioscuri_baalshamin,outliers,dioscuri_img_0353.png,nan;nan;nan;nan;nan;nan;nan;nan;nan,nan;nan;nan
imc2024_dioscuri_baalshamin,cluster9,dioscuri_img_0099.png,-0.105748915;0.953612876;-0.281850402;-0.936295919;-0.000024120;0.351212118;0.334913600;0.301035682;0.892866395,0.929500564;0.447320104;2.068119616
imc2024_dioscuri_baalshamin,cluster9,dioscuri_3dom_fbk_img_1573.png,0.974791467;0.213890115;0.063502872;-0.223117791;0.934752941;0.276505679;-0.000217665;-0.283703997;0.958911881,-0.380507210;1.375046042;2.156379314
imc2024_dioscuri_baalshamin,cluster9,dioscuri_3dom_fbk_img_1565.png,-0.628104194;0.423945396;-0.652499366;0.632968790;-0.209361167;-0.745331076;-0.452587707;-0.881157309;-0.136843577,1.532490879;-0.291631970;2.836442019
imc2024_dioscuri_baalshamin,cluster9,dioscuri_3dom_fbk_img_1554.png,0.369924538;-0.666097435;0.647665071;0.231308881;-0.609133924;-0.758585568;0.899806667;0.430430098;-0.071259333,0.087516525;-0.291760198;8.399456437
imc2024_dioscuri_baalshamin,cluster9,dioscuri_img_0257.png,-0.642348180;-0.597311830;-0.480215987;-0.244021586;0.753362787;-0.610653729;0.726527551;-0.275069245;-0.629678195,0.256372732;0.752477703;1.685203165
imc2024_dioscuri_baalshamin,outliers,dioscuri_3dom_fbk_img_1538.png,nan;nan;nan;nan;nan;nan;nan;nan;nan,nan;nan;nan
imc2024_dioscuri_baalshamin,outliers,dioscuri_img_0182.png,nan;nan;nan;nan;nan;nan;nan;nan;nan,nan;nan;nan
imc2024_dioscuri_baalshamin,cluster9,dioscuri_img_0055.png,0.375170889;-0.437658390;-0.817130306;0.041582898;0.888579181;-0.456834655;0.926022498;0.137412417;0.351568146,-0.282770821;1.430836483;2.299604211
imc2024_lizard_pond,outliers,lizard_00459.png,nan;nan;nan;nan;nan;nan;nan;nan;nan,nan;nan;nan
imc2024_lizard_pond,outliers,lizard_00107.png,nan;nan;nan;nan;nan;nan;nan;nan;nan,nan;nan;nan
imc2024_lizard_pond,outliers,lizard_00527.png,nan;nan;nan;nan;nan;nan;nan;nan;nan,nan;nan;nan
imc2024_lizard_pond,outliers,lizard_00618.png,nan;nan;nan;nan;nan;nan;nan;nan;nan,nan;nan;nan
imc2024_lizard_pond,outliers,lizard_00074.png,nan;nan;nan;nan;nan;nan;nan;nan;nan,nan;nan;nan
imc2024_lizard_pond,outliers,lizard_00567.png,nan;nan;nan;nan;nan;nan;nan;nan;nan,nan;nan;nan
imc2024_lizard_pond,outliers,lizard_00173.png,nan;nan;nan;nan;nan;nan;nan;nan;nan,nan;nan;nan
imc2024_lizard_pond,outliers,lizard_00571.png,nan;nan;nan;nan;nan;nan;nan;nan;nan,nan;nan;nan
imc2024_lizard_pond,outliers,lizard_00055.png,nan;nan;nan;nan;nan;nan;nan;nan;nan,nan;nan;nan
imc2024_lizard_pond,outliers,lizard_00568.png,nan;nan;nan;nan;nan;nan;nan;nan;nan,nan;nan;nan
imc2024_lizard_pond,outliers,lizard_00674.png,nan;nan;nan;nan;nan;nan;nan;nan;nan,nan;nan;nan
imc2024_lizard_pond,outliers,lizard_00580.png,nan;nan;nan;nan;nan;nan;nan;nan;nan,nan;nan;nan
imc2024_lizard_pond,outliers,lizard_00676.png,nan;nan;nan;nan;nan;nan;nan;nan;nan,nan;nan;nan
imc2024_lizard_pond,outliers,lizard_00013.png,nan;nan;nan;nan;nan;nan;nan;nan;nan,nan;nan;nan
imc2024_lizard_pond,outliers,lizard_00668.png,nan;nan;nan;nan;nan;nan;nan;nan;nan,nan;nan;nan
imc2024_lizard_pond,outliers,lizard_00351.png,nan;nan;nan;nan;nan;nan;nan;nan;nan,nan;nan;nan
imc2024_lizard_pond,outliers,lizard_00482.png,nan;nan;nan;nan;nan;nan;nan;nan;nan,nan;nan;nan
imc2024_lizard_pond,outliers,lizard_00034.png,nan;nan;nan;nan;nan;nan;nan;nan;nan,nan;nan;nan
imc2024_lizard_pond,outliers,lizard_00161.png,nan;nan;nan;nan;nan;nan;nan;nan;nan,nan;nan;nan
imc2024_lizard_pond,outliers,lizard_00014.png,nan;nan;nan;nan;nan;nan;nan;nan;nan,nan;nan;nan
imc2024_lizard_pond,outliers,lizard_00350.png,nan;nan;nan;nan;nan;nan;nan;nan;nan,nan;nan;nan
imc2024_lizard_pond,outliers,lizard_00308.png,nan;nan;nan;nan;nan;nan;nan;nan;nan,nan;nan;nan
imc2024_lizard_pond,outliers,lizard_00415.png,nan;nan;nan;nan;nan;nan;nan;nan;nan,nan;nan;nan
imc2024_lizard_pond,outliers,lizard_00160.png,nan;nan;nan;nan;nan;nan;nan;nan;nan,nan;nan;nan
imc2024_lizard_pond,outliers,lizard_00402.png,nan;nan;nan;nan;nan;nan;nan;nan;nan,nan;nan;nan
imc2024_lizard_pond,outliers,lizard_00616.png,nan;nan;nan;nan;nan;nan;nan;nan;nan,nan;nan;nan
imc2024_lizard_pond,outliers,lizard_00551.png,nan;nan;nan;nan;nan;nan;nan;nan;nan,nan;nan;nan
imc2024_lizard_pond,outliers,lizard_00181.png,nan;nan;nan;nan;nan;nan;nan;nan;nan,nan;nan;nan
imc2024_lizard_pond,outliers,lizard_00195.png,nan;nan;nan;nan;nan;nan;nan;nan;nan,nan;nan;nan
imc2024_lizard_pond,outliers,lizard_00507.png,nan;nan;nan;nan;nan;nan;nan;nan;nan,nan;nan;nan
imc2024_lizard_pond,outliers,lizard_00606.png,nan;nan;nan;nan;nan;nan;nan;nan;nan,nan;nan;nan
imc2024_lizard_pond,outliers,lizard_00075.png,nan;nan;nan;nan;nan;nan;nan;nan;nan,nan;nan;nan
imc2024_lizard_pond,outliers,lizard_00236.png,nan;nan;nan;nan;nan;nan;nan;nan;nan,nan;nan;nan
imc2024_lizard_pond,outliers,lizard_00716.png,nan;nan;nan;nan;nan;nan;nan;nan;nan,nan;nan;nan
imc2024_lizard_pond,outliers,lizard_00516.png,nan;nan;nan;nan;nan;nan;nan;nan;nan,nan;nan;nan
imc2024_lizard_pond,outliers,lizard_00637.png,nan;nan;nan;nan;nan;nan;nan;nan;nan,nan;nan;nan
imc2024_lizard_pond,outliers,lizard_00089.png,nan;nan;nan;nan;nan;nan;nan;nan;nan,nan;nan;nan
imc2024_lizard_pond,outliers,lizard_00003.png,nan;nan;nan;nan;nan;nan;nan;nan;nan,nan;nan;nan
imc2024_lizard_pond,outliers,lizard_00051.png,nan;nan;nan;nan;nan;nan;nan;nan;nan,nan;nan;nan
imc2024_lizard_pond,outliers,lizard_00070.png,nan;nan;nan;nan;nan;nan;nan;nan;nan,nan;nan;nan
imc2024_lizard_pond,outliers,lizard_00278.png,nan;nan;nan;nan;nan;nan;nan;nan;nan,nan;nan;nan
imc2024_lizard_pond,outliers,lizard_00613.png,nan;nan;nan;nan;nan;nan;nan;nan;nan,nan;nan;nan
imc2024_lizard_pond,outliers,lizard_00329.png,nan;nan;nan;nan;nan;nan;nan;nan;nan,nan;nan;nan
imc2024_lizard_pond,outliers,lizard_00268.png,nan;nan;nan;nan;nan;nan;nan;nan;nan,nan;nan;nan
imc2024_lizard_pond,outliers,lizard_00244.png,nan;nan;nan;nan;nan;nan;nan;nan;nan,nan;nan;nan
imc2024_lizard_pond,outliers,lizard_00466.png,nan;nan;nan;nan;nan;nan;nan;nan;nan,nan;nan;nan
imc2024_lizard_pond,outliers,lizard_00404.png,nan;nan;nan;nan;nan;nan;nan;nan;nan,nan;nan;nan
imc2024_lizard_pond,outliers,lizard_00169.png,nan;nan;nan;nan;nan;nan;nan;nan;nan,nan;nan;nan
imc2024_lizard_pond,outliers,lizard_00233.png,nan;nan;nan;nan;nan;nan;nan;nan;nan,nan;nan;nan
imc2024_lizard_pond,outliers,lizard_00164.png,nan;nan;nan;nan;nan;nan;nan;nan;nan,nan;nan;nan
imc2024_lizard_pond,outliers,lizard_00585.png,nan;nan;nan;nan;nan;nan;nan;nan;nan,nan;nan;nan
imc2024_lizard_pond,outliers,lizard_00203.png,nan;nan;nan;nan;nan;nan;nan;nan;nan,nan;nan;nan
imc2024_lizard_pond,outliers,lizard_00512.png,nan;nan;nan;nan;nan;nan;nan;nan;nan,nan;nan;nan
imc2024_lizard_pond,outliers,lizard_00217.png,nan;nan;nan;nan;nan;nan;nan;nan;nan,nan;nan;nan
imc2024_lizard_pond,outliers,lizard_00519.png,nan;nan;nan;nan;nan;nan;nan;nan;nan,nan;nan;nan
imc2024_lizard_pond,outliers,lizard_00698.png,nan;nan;nan;nan;nan;nan;nan;nan;nan,nan;nan;nan
imc2024_lizard_pond,outliers,lizard_00670.png,nan;nan;nan;nan;nan;nan;nan;nan;nan,nan;nan;nan
imc2024_lizard_pond,outliers,lizard_00175.png,nan;nan;nan;nan;nan;nan;nan;nan;nan,nan;nan;nan
imc2024_lizard_pond,outliers,lizard_00165.png,nan;nan;nan;nan;nan;nan;nan;nan;nan,nan;nan;nan
imc2024_lizard_pond,outliers,lizard_00592.png,nan;nan;nan;nan;nan;nan;nan;nan;nan,nan;nan;nan
imc2024_lizard_pond,outliers,lizard_00113.png,nan;nan;nan;nan;nan;nan;nan;nan;nan,nan;nan;nan
imc2024_lizard_pond,outliers,lizard_00538.png,nan;nan;nan;nan;nan;nan;nan;nan;nan,nan;nan;nan
imc2024_lizard_pond,outliers,lizard_00431.png,nan;nan;nan;nan;nan;nan;nan;nan;nan,nan;nan;nan
imc2024_lizard_pond,outliers,lizard_00307.png,nan;nan;nan;nan;nan;nan;nan;nan;nan,nan;nan;nan
imc2024_lizard_pond,outliers,lizard_00192.png,nan;nan;nan;nan;nan;nan;nan;nan;nan,nan;nan;nan
imc2024_lizard_pond,outliers,lizard_00591.png,nan;nan;nan;nan;nan;nan;nan;nan;nan,nan;nan;nan
imc2024_lizard_pond,outliers,lizard_00226.png,nan;nan;nan;nan;nan;nan;nan;nan;nan,nan;nan;nan
imc2024_lizard_pond,outliers,lizard_00435.png,nan;nan;nan;nan;nan;nan;nan;nan;nan,nan;nan;nan
imc2024_lizard_pond,outliers,lizard_00531.png,nan;nan;nan;nan;nan;nan;nan;nan;nan,nan;nan;nan
imc2024_lizard_pond,outliers,lizard_00190.png,nan;nan;nan;nan;nan;nan;nan;nan;nan,nan;nan;nan
imc2024_lizard_pond,outliers,lizard_00361.png,nan;nan;nan;nan;nan;nan;nan;nan;nan,nan;nan;nan
imc2024_lizard_pond,outliers,lizard_00087.png,nan;nan;nan;nan;nan;nan;nan;nan;nan,nan;nan;nan
imc2024_lizard_pond,outliers,lizard_00682.png,nan;nan;nan;nan;nan;nan;nan;nan;nan,nan;nan;nan
imc2024_lizard_pond,outliers,lizard_00019.png,nan;nan;nan;nan;nan;nan;nan;nan;nan,nan;nan;nan
imc2024_lizard_pond,outliers,lizard_00707.png,nan;nan;nan;nan;nan;nan;nan;nan;nan,nan;nan;nan
imc2024_lizard_pond,outliers,lizard_00242.png,nan;nan;nan;nan;nan;nan;nan;nan;nan,nan;nan;nan
imc2024_lizard_pond,outliers,lizard_00292.png,nan;nan;nan;nan;nan;nan;nan;nan;nan,nan;nan;nan
imc2024_lizard_pond,outliers,lizard_00154.png,nan;nan;nan;nan;nan;nan;nan;nan;nan,nan;nan;nan
imc2024_lizard_pond,outliers,lizard_00633.png,nan;nan;nan;nan;nan;nan;nan;nan;nan,nan;nan;nan
imc2024_lizard_pond,outliers,lizard_00017.png,nan;nan;nan;nan;nan;nan;nan;nan;nan,nan;nan;nan
imc2024_lizard_pond,outliers,lizard_00391.png,nan;nan;nan;nan;nan;nan;nan;nan;nan,nan;nan;nan
imc2024_lizard_pond,outliers,lizard_00212.png,nan;nan;nan;nan;nan;nan;nan;nan;nan,nan;nan;nan
imc2024_lizard_pond,outliers,lizard_00492.png,nan;nan;nan;nan;nan;nan;nan;nan;nan,nan;nan;nan
imc2024_lizard_pond,outliers,lizard_00549.png,nan;nan;nan;nan;nan;nan;nan;nan;nan,nan;nan;nan
imc2024_lizard_pond,outliers,lizard_00720.png,nan;nan;nan;nan;nan;nan;nan;nan;nan,nan;nan;nan
imc2024_lizard_pond,outliers,lizard_00544.png,nan;nan;nan;nan;nan;nan;nan;nan;nan,nan;nan;nan
imc2024_lizard_pond,outliers,lizard_00140.png,nan;nan;nan;nan;nan;nan;nan;nan;nan,nan;nan;nan
imc2024_lizard_pond,outliers,lizard_00318.png,nan;nan;nan;nan;nan;nan;nan;nan;nan,nan;nan;nan
imc2024_lizard_pond,outliers,lizard_00066.png,nan;nan;nan;nan;nan;nan;nan;nan;nan,nan;nan;nan
imc2024_lizard_pond,outliers,lizard_00086.png,nan;nan;nan;nan;nan;nan;nan;nan;nan,nan;nan;nan
imc2024_lizard_pond,outliers,outliers_img_20230617_181536.png,nan;nan;nan;nan;nan;nan;nan;nan;nan,nan;nan;nan
imc2024_lizard_pond,outliers,outliers_img_20230617_181545.png,nan;nan;nan;nan;nan;nan;nan;nan;nan,nan;nan;nan
imc2024_lizard_pond,outliers,outliers_img_20230617_181719.png,nan;nan;nan;nan;nan;nan;nan;nan;nan,nan;nan;nan
imc2024_lizard_pond,outliers,outliers_img_20230617_181721.png,nan;nan;nan;nan;nan;nan;nan;nan;nan,nan;nan;nan
imc2024_lizard_pond,outliers,outliers_img_20230617_181724.png,nan;nan;nan;nan;nan;nan;nan;nan;nan,nan;nan;nan
imc2024_lizard_pond,outliers,outliers_img_20230617_181726.png,nan;nan;nan;nan;nan;nan;nan;nan;nan,nan;nan;nan
imc2024_lizard_pond,outliers,outliers_img_20230617_181728.png,nan;nan;nan;nan;nan;nan;nan;nan;nan,nan;nan;nan
imc2024_lizard_pond,outliers,outliers_img_20230617_181729.png,nan;nan;nan;nan;nan;nan;nan;nan;nan,nan;nan;nan
imc2024_lizard_pond,outliers,outliers_img_20230617_181747.png,nan;nan;nan;nan;nan;nan;nan;nan;nan,nan;nan;nan
imc2024_lizard_pond,outliers,outliers_img_20230617_181748.png,nan;nan;nan;nan;nan;nan;nan;nan;nan,nan;nan;nan
imc2024_lizard_pond,outliers,outliers_img_20230617_181749.png,nan;nan;nan;nan;nan;nan;nan;nan;nan,nan;nan;nan
imc2024_lizard_pond,outliers,outliers_img_20230617_181752.png,nan;nan;nan;nan;nan;nan;nan;nan;nan,nan;nan;nan
imc2024_lizard_pond,outliers,outliers_img_20230617_181850.png,nan;nan;nan;nan;nan;nan;nan;nan;nan,nan;nan;nan
imc2024_lizard_pond,outliers,outliers_img_20230617_181852.png,nan;nan;nan;nan;nan;nan;nan;nan;nan,nan;nan;nan
imc2024_lizard_pond,outliers,outliers_img_20230617_181853.png,nan;nan;nan;nan;nan;nan;nan;nan;nan,nan;nan;nan
imc2024_lizard_pond,outliers,outliers_img_20230617_181854.png,nan;nan;nan;nan;nan;nan;nan;nan;nan,nan;nan;nan
imc2024_lizard_pond,outliers,outliers_img_20230617_181855.png,nan;nan;nan;nan;nan;nan;nan;nan;nan,nan;nan;nan
imc2024_lizard_pond,outliers,outliers_img_20230617_181856.png,nan;nan;nan;nan;nan;nan;nan;nan;nan,nan;nan;nan
imc2024_lizard_pond,outliers,outliers_img_20230617_181858.png,nan;nan;nan;nan;nan;nan;nan;nan;nan,nan;nan;nan
imc2024_lizard_pond,outliers,outliers_img_20230617_181901.png,nan;nan;nan;nan;nan;nan;nan;nan;nan,nan;nan;nan
imc2024_lizard_pond,outliers,outliers_img_20230617_181905.png,nan;nan;nan;nan;nan;nan;nan;nan;nan,nan;nan;nan
imc2024_lizard_pond,outliers,outliers_img_20230617_181910.png,nan;nan;nan;nan;nan;nan;nan;nan;nan,nan;nan;nan
imc2024_lizard_pond,outliers,outliers_img_20230617_181912.png,nan;nan;nan;nan;nan;nan;nan;nan;nan,nan;nan;nan
imc2024_lizard_pond,outliers,outliers_img_20230617_181914.png,nan;nan;nan;nan;nan;nan;nan;nan;nan,nan;nan;nan
imc2024_lizard_pond,outliers,outliers_img_20230617_182716.png,nan;nan;nan;nan;nan;nan;nan;nan;nan,nan;nan;nan
imc2024_lizard_pond,outliers,outliers_img_20230617_182718.png,nan;nan;nan;nan;nan;nan;nan;nan;nan,nan;nan;nan
imc2024_lizard_pond,outliers,outliers_img_20230617_195104.png,nan;nan;nan;nan;nan;nan;nan;nan;nan,nan;nan;nan
imc2024_lizard_pond,outliers,outliers_img_20230617_202436.png,nan;nan;nan;nan;nan;nan;nan;nan;nan,nan;nan;nan
imc2024_lizard_pond,outliers,outliers_img_20230617_202438.png,nan;nan;nan;nan;nan;nan;nan;nan;nan,nan;nan;nan
imc2024_lizard_pond,outliers,outliers_img_20230617_211228.png,nan;nan;nan;nan;nan;nan;nan;nan;nan,nan;nan;nan
imc2024_lizard_pond,outliers,outliers_img_20230617_211229.png,nan;nan;nan;nan;nan;nan;nan;nan;nan,nan;nan;nan
imc2024_lizard_pond,outliers,outliers_img_20230617_212007.png,nan;nan;nan;nan;nan;nan;nan;nan;nan,nan;nan;nan
imc2024_lizard_pond,outliers,outliers_img_20230617_212014.png,nan;nan;nan;nan;nan;nan;nan;nan;nan,nan;nan;nan
imc2024_lizard_pond,outliers,outliers_img_20230617_212059.png,nan;nan;nan;nan;nan;nan;nan;nan;nan,nan;nan;nan
imc2024_lizard_pond,outliers,pond_00022.png,nan;nan;nan;nan;nan;nan;nan;nan;nan,nan;nan;nan
imc2024_lizard_pond,outliers,pond_00969.png,nan;nan;nan;nan;nan;nan;nan;nan;nan,nan;nan;nan
imc2024_lizard_pond,outliers,pond_00101.png,nan;nan;nan;nan;nan;nan;nan;nan;nan,nan;nan;nan
imc2024_lizard_pond,outliers,pond_00312.png,nan;nan;nan;nan;nan;nan;nan;nan;nan,nan;nan;nan
imc2024_lizard_pond,outliers,pond_00832.png,nan;nan;nan;nan;nan;nan;nan;nan;nan,nan;nan;nan
imc2024_lizard_pond,outliers,pond_01024.png,nan;nan;nan;nan;nan;nan;nan;nan;nan,nan;nan;nan
imc2024_lizard_pond,outliers,pond_00915.png,nan;nan;nan;nan;nan;nan;nan;nan;nan,nan;nan;nan
imc2024_lizard_pond,outliers,pond_00508.png,nan;nan;nan;nan;nan;nan;nan;nan;nan,nan;nan;nan
imc2024_lizard_pond,outliers,pond_01061.png,nan;nan;nan;nan;nan;nan;nan;nan;nan,nan;nan;nan
imc2024_lizard_pond,outliers,pond_00300.png,nan;nan;nan;nan;nan;nan;nan;nan;nan,nan;nan;nan
imc2024_lizard_pond,outliers,pond_00958.png,nan;nan;nan;nan;nan;nan;nan;nan;nan,nan;nan;nan
imc2024_lizard_pond,outliers,pond_00196.png,nan;nan;nan;nan;nan;nan;nan;nan;nan,nan;nan;nan
imc2024_lizard_pond,outliers,pond_01136.png,nan;nan;nan;nan;nan;nan;nan;nan;nan,nan;nan;nan
imc2024_lizard_pond,outliers,pond_00974.png,nan;nan;nan;nan;nan;nan;nan;nan;nan,nan;nan;nan
imc2024_lizard_pond,outliers,pond_01131.png,nan;nan;nan;nan;nan;nan;nan;nan;nan,nan;nan;nan
imc2024_lizard_pond,outliers,pond_00726.png,nan;nan;nan;nan;nan;nan;nan;nan;nan,nan;nan;nan
imc2024_lizard_pond,outliers,pond_01138.png,nan;nan;nan;nan;nan;nan;nan;nan;nan,nan;nan;nan
imc2024_lizard_pond,outliers,pond_00047.png,nan;nan;nan;nan;nan;nan;nan;nan;nan,nan;nan;nan
imc2024_lizard_pond,outliers,pond_00548.png,nan;nan;nan;nan;nan;nan;nan;nan;nan,nan;nan;nan
imc2024_lizard_pond,outliers,pond_00016.png,nan;nan;nan;nan;nan;nan;nan;nan;nan,nan;nan;nan
imc2024_lizard_pond,outliers,pond_00195.png,nan;nan;nan;nan;nan;nan;nan;nan;nan,nan;nan;nan
imc2024_lizard_pond,outliers,pond_00941.png,nan;nan;nan;nan;nan;nan;nan;nan;nan,nan;nan;nan
imc2024_lizard_pond,outliers,pond_00070.png,nan;nan;nan;nan;nan;nan;nan;nan;nan,nan;nan;nan
imc2024_lizard_pond,outliers,pond_00637.png,nan;nan;nan;nan;nan;nan;nan;nan;nan,nan;nan;nan
imc2024_lizard_pond,outliers,pond_00864.png,nan;nan;nan;nan;nan;nan;nan;nan;nan,nan;nan;nan
imc2024_lizard_pond,outliers,pond_01035.png,nan;nan;nan;nan;nan;nan;nan;nan;nan,nan;nan;nan
imc2024_lizard_pond,outliers,pond_01120.png,nan;nan;nan;nan;nan;nan;nan;nan;nan,nan;nan;nan
imc2024_lizard_pond,outliers,pond_00274.png,nan;nan;nan;nan;nan;nan;nan;nan;nan,nan;nan;nan
imc2024_lizard_pond,outliers,pond_00135.png,nan;nan;nan;nan;nan;nan;nan;nan;nan,nan;nan;nan
imc2024_lizard_pond,outliers,pond_00914.png,nan;nan;nan;nan;nan;nan;nan;nan;nan,nan;nan;nan
imc2024_lizard_pond,outliers,pond_00352.png,nan;nan;nan;nan;nan;nan;nan;nan;nan,nan;nan;nan
imc2024_lizard_pond,outliers,pond_01088.png,nan;nan;nan;nan;nan;nan;nan;nan;nan,nan;nan;nan
imc2024_lizard_pond,outliers,pond_00011.png,nan;nan;nan;nan;nan;nan;nan;nan;nan,nan;nan;nan
imc2024_lizard_pond,outliers,pond_01068.png,nan;nan;nan;nan;nan;nan;nan;nan;nan,nan;nan;nan
imc2024_lizard_pond,outliers,pond_00440.png,nan;nan;nan;nan;nan;nan;nan;nan;nan,nan;nan;nan
imc2024_lizard_pond,outliers,pond_00030.png,nan;nan;nan;nan;nan;nan;nan;nan;nan,nan;nan;nan
imc2024_lizard_pond,outliers,pond_00324.png,nan;nan;nan;nan;nan;nan;nan;nan;nan,nan;nan;nan
imc2024_lizard_pond,outliers,pond_00499.png,nan;nan;nan;nan;nan;nan;nan;nan;nan,nan;nan;nan
imc2024_lizard_pond,outliers,pond_01020.png,nan;nan;nan;nan;nan;nan;nan;nan;nan,nan;nan;nan
imc2024_lizard_pond,outliers,pond_00955.png,nan;nan;nan;nan;nan;nan;nan;nan;nan,nan;nan;nan
imc2024_lizard_pond,outliers,pond_00450.png,nan;nan;nan;nan;nan;nan;nan;nan;nan,nan;nan;nan
imc2024_lizard_pond,outliers,pond_00596.png,nan;nan;nan;nan;nan;nan;nan;nan;nan,nan;nan;nan
imc2024_lizard_pond,outliers,pond_00567.png,nan;nan;nan;nan;nan;nan;nan;nan;nan,nan;nan;nan
imc2024_lizard_pond,outliers,pond_00509.png,nan;nan;nan;nan;nan;nan;nan;nan;nan,nan;nan;nan
imc2024_lizard_pond,outliers,pond_00333.png,nan;nan;nan;nan;nan;nan;nan;nan;nan,nan;nan;nan
imc2024_lizard_pond,outliers,pond_00896.png,nan;nan;nan;nan;nan;nan;nan;nan;nan,nan;nan;nan
imc2024_lizard_pond,outliers,pond_00750.png,nan;nan;nan;nan;nan;nan;nan;nan;nan,nan;nan;nan
imc2024_lizard_pond,outliers,pond_00779.png,nan;nan;nan;nan;nan;nan;nan;nan;nan,nan;nan;nan
imc2024_lizard_pond,outliers,pond_00143.png,nan;nan;nan;nan;nan;nan;nan;nan;nan,nan;nan;nan
imc2024_lizard_pond,outliers,pond_00043.png,nan;nan;nan;nan;nan;nan;nan;nan;nan,nan;nan;nan
imc2024_lizard_pond,outliers,pond_00122.png,nan;nan;nan;nan;nan;nan;nan;nan;nan,nan;nan;nan
imc2024_lizard_pond,outliers,pond_00793.png,nan;nan;nan;nan;nan;nan;nan;nan;nan,nan;nan;nan
imc2024_lizard_pond,outliers,pond_00293.png,nan;nan;nan;nan;nan;nan;nan;nan;nan,nan;nan;nan
imc2024_lizard_pond,outliers,pond_00834.png,nan;nan;nan;nan;nan;nan;nan;nan;nan,nan;nan;nan
imc2024_lizard_pond,outliers,pond_00129.png,nan;nan;nan;nan;nan;nan;nan;nan;nan,nan;nan;nan
imc2024_lizard_pond,outliers,pond_00605.png,nan;nan;nan;nan;nan;nan;nan;nan;nan,nan;nan;nan
imc2024_lizard_pond,outliers,pond_00306.png,nan;nan;nan;nan;nan;nan;nan;nan;nan,nan;nan;nan
imc2024_lizard_pond,outliers,pond_00086.png,nan;nan;nan;nan;nan;nan;nan;nan;nan,nan;nan;nan
imc2024_lizard_pond,outliers,pond_00893.png,nan;nan;nan;nan;nan;nan;nan;nan;nan,nan;nan;nan
imc2024_lizard_pond,outliers,pond_00476.png,nan;nan;nan;nan;nan;nan;nan;nan;nan,nan;nan;nan
imc2024_lizard_pond,outliers,pond_00724.png,nan;nan;nan;nan;nan;nan;nan;nan;nan,nan;nan;nan
imc2024_lizard_pond,outliers,pond_00796.png,nan;nan;nan;nan;nan;nan;nan;nan;nan,nan;nan;nan
imc2024_lizard_pond,outliers,pond_00634.png,nan;nan;nan;nan;nan;nan;nan;nan;nan,nan;nan;nan
imc2024_lizard_pond,outliers,pond_00456.png,nan;nan;nan;nan;nan;nan;nan;nan;nan,nan;nan;nan
imc2024_lizard_pond,outliers,pond_01133.png,nan;nan;nan;nan;nan;nan;nan;nan;nan,nan;nan;nan
imc2024_lizard_pond,outliers,pond_00231.png,nan;nan;nan;nan;nan;nan;nan;nan;nan,nan;nan;nan
imc2024_lizard_pond,outliers,pond_00359.png,nan;nan;nan;nan;nan;nan;nan;nan;nan,nan;nan;nan
imc2024_lizard_pond,outliers,pond_00997.png,nan;nan;nan;nan;nan;nan;nan;nan;nan,nan;nan;nan
imc2024_lizard_pond,outliers,pond_00429.png,nan;nan;nan;nan;nan;nan;nan;nan;nan,nan;nan;nan
imc2024_lizard_pond,outliers,pond_00658.png,nan;nan;nan;nan;nan;nan;nan;nan;nan,nan;nan;nan
imc2024_lizard_pond,outliers,pond_00696.png,nan;nan;nan;nan;nan;nan;nan;nan;nan,nan;nan;nan
imc2024_lizard_pond,outliers,pond_00878.png,nan;nan;nan;nan;nan;nan;nan;nan;nan,nan;nan;nan
imc2024_lizard_pond,outliers,pond_00474.png,nan;nan;nan;nan;nan;nan;nan;nan;nan,nan;nan;nan
imc2024_lizard_pond,outliers,pond_00617.png,nan;nan;nan;nan;nan;nan;nan;nan;nan,nan;nan;nan
imc2024_lizard_pond,outliers,pond_00574.png,nan;nan;nan;nan;nan;nan;nan;nan;nan,nan;nan;nan
imc2024_lizard_pond,outliers,pond_00007.png,nan;nan;nan;nan;nan;nan;nan;nan;nan,nan;nan;nan
imc2024_lizard_pond,outliers,pond_00181.png,nan;nan;nan;nan;nan;nan;nan;nan;nan,nan;nan;nan
imc2024_lizard_pond,outliers,pond_00210.png,nan;nan;nan;nan;nan;nan;nan;nan;nan,nan;nan;nan
imc2024_lizard_pond,outliers,pond_00421.png,nan;nan;nan;nan;nan;nan;nan;nan;nan,nan;nan;nan
imc2024_lizard_pond,outliers,pond_00558.png,nan;nan;nan;nan;nan;nan;nan;nan;nan,nan;nan;nan
imc2024_lizard_pond,outliers,pond_00095.png,nan;nan;nan;nan;nan;nan;nan;nan;nan,nan;nan;nan
imc2024_lizard_pond,outliers,pond_00162.png,nan;nan;nan;nan;nan;nan;nan;nan;nan,nan;nan;nan
imc2024_lizard_pond,outliers,pond_00920.png,nan;nan;nan;nan;nan;nan;nan;nan;nan,nan;nan;nan
imc2024_lizard_pond,outliers,pond_00493.png,nan;nan;nan;nan;nan;nan;nan;nan;nan,nan;nan;nan
imc2024_lizard_pond,outliers,pond_00199.png,nan;nan;nan;nan;nan;nan;nan;nan;nan,nan;nan;nan
imc2024_lizard_pond,outliers,pond_00006.png,nan;nan;nan;nan;nan;nan;nan;nan;nan,nan;nan;nan
imc2024_lizard_pond,outliers,pond_00491.png,nan;nan;nan;nan;nan;nan;nan;nan;nan,nan;nan;nan
imc2024_lizard_pond,outliers,pond_00472.png,nan;nan;nan;nan;nan;nan;nan;nan;nan,nan;nan;nan
imc2024_lizard_pond,outliers,pond_00573.png,nan;nan;nan;nan;nan;nan;nan;nan;nan,nan;nan;nan
imc2024_lizard_pond,outliers,pond_00644.png,nan;nan;nan;nan;nan;nan;nan;nan;nan,nan;nan;nan
pt_brandenburg_british_buckingham,outliers,british_museum_15144115_117839432.png,nan;nan;nan;nan;nan;nan;nan;nan;nan,nan;nan;nan
pt_brandenburg_british_buckingham,outliers,british_museum_96255967_5091378744.png,nan;nan;nan;nan;nan;nan;nan;nan;nan,nan;nan;nan
pt_brandenburg_british_buckingham,outliers,british_museum_03576546_367645446.png,nan;nan;nan;nan;nan;nan;nan;nan;nan,nan;nan;nan
pt_brandenburg_british_buckingham,outliers,british_museum_62774028_4348685003.png,nan;nan;nan;nan;nan;nan;nan;nan;nan,nan;nan;nan
pt_brandenburg_british_buckingham,outliers,british_museum_68914717_4070962405.png,nan;nan;nan;nan;nan;nan;nan;nan;nan,nan;nan;nan
pt_brandenburg_british_buckingham,outliers,british_museum_84932226_4352179060.png,nan;nan;nan;nan;nan;nan;nan;nan;nan,nan;nan;nan
pt_brandenburg_british_buckingham,outliers,british_museum_93658023_4980549800.png,nan;nan;nan;nan;nan;nan;nan;nan;nan,nan;nan;nan
pt_brandenburg_british_buckingham,outliers,british_museum_54432186_6732914439.png,nan;nan;nan;nan;nan;nan;nan;nan;nan,nan;nan;nan
pt_brandenburg_british_buckingham,outliers,british_museum_87893778_8781019493.png,nan;nan;nan;nan;nan;nan;nan;nan;nan,nan;nan;nan
pt_brandenburg_british_buckingham,outliers,british_museum_91782790_275554656.png,nan;nan;nan;nan;nan;nan;nan;nan;nan,nan;nan;nan
pt_brandenburg_british_buckingham,outliers,british_museum_19254317_158538587.png,nan;nan;nan;nan;nan;nan;nan;nan;nan,nan;nan;nan
pt_brandenburg_british_buckingham,outliers,british_museum_61892850_2364933018.png,nan;nan;nan;nan;nan;nan;nan;nan;nan,nan;nan;nan
pt_brandenburg_british_buckingham,outliers,british_museum_60624404_7093768535.png,nan;nan;nan;nan;nan;nan;nan;nan;nan,nan;nan;nan
pt_brandenburg_british_buckingham,outliers,british_museum_21757263_3848724084.png,nan;nan;nan;nan;nan;nan;nan;nan;nan,nan;nan;nan
pt_brandenburg_british_buckingham,outliers,british_museum_73748105_4531531922.png,nan;nan;nan;nan;nan;nan;nan;nan;nan,nan;nan;nan
pt_brandenburg_british_buckingham,outliers,british_museum_19811771_3152186510.png,nan;nan;nan;nan;nan;nan;nan;nan;nan,nan;nan;nan
pt_brandenburg_british_buckingham,outliers,british_museum_72728072_3851668437.png,nan;nan;nan;nan;nan;nan;nan;nan;nan,nan;nan;nan
pt_brandenburg_british_buckingham,outliers,british_museum_78242267_4404579754.png,nan;nan;nan;nan;nan;nan;nan;nan;nan,nan;nan;nan
pt_brandenburg_british_buckingham,outliers,british_museum_67521166_4735236552.png,nan;nan;nan;nan;nan;nan;nan;nan;nan,nan;nan;nan
pt_brandenburg_british_buckingham,outliers,british_museum_67772160_2655952816.png,nan;nan;nan;nan;nan;nan;nan;nan;nan,nan;nan;nan
pt_brandenburg_british_buckingham,outliers,british_museum_99480770_3945403640.png,nan;nan;nan;nan;nan;nan;nan;nan;nan,nan;nan;nan
pt_brandenburg_british_buckingham,outliers,british_museum_42803655_6429621523.png,nan;nan;nan;nan;nan;nan;nan;nan;nan,nan;nan;nan
pt_brandenburg_british_buckingham,outliers,british_museum_53881364_5029031037.png,nan;nan;nan;nan;nan;nan;nan;nan;nan,nan;nan;nan
pt_brandenburg_british_buckingham,outliers,british_museum_66393650_5300086486.png,nan;nan;nan;nan;nan;nan;nan;nan;nan,nan;nan;nan
pt_brandenburg_british_buckingham,outliers,british_museum_90095149_11613863483.png,nan;nan;nan;nan;nan;nan;nan;nan;nan,nan;nan;nan
pt_brandenburg_british_buckingham,outliers,british_museum_76518628_3747715512.png,nan;nan;nan;nan;nan;nan;nan;nan;nan,nan;nan;nan
pt_brandenburg_british_buckingham,outliers,british_museum_39461890_106560712.png,nan;nan;nan;nan;nan;nan;nan;nan;nan,nan;nan;nan
pt_brandenburg_british_buckingham,outliers,british_museum_09362272_3871121693.png,nan;nan;nan;nan;nan;nan;nan;nan;nan,nan;nan;nan
pt_brandenburg_british_buckingham,outliers,british_museum_99981082_8904760272.png,nan;nan;nan;nan;nan;nan;nan;nan;nan,nan;nan;nan
pt_brandenburg_british_buckingham,outliers,british_museum_78137733_4059821853.png,nan;nan;nan;nan;nan;nan;nan;nan;nan,nan;nan;nan
pt_brandenburg_british_buckingham,outliers,british_museum_89208997_5875216727.png,nan;nan;nan;nan;nan;nan;nan;nan;nan,nan;nan;nan
pt_brandenburg_british_buckingham,outliers,british_museum_45839934_4117745134.png,nan;nan;nan;nan;nan;nan;nan;nan;nan,nan;nan;nan
pt_brandenburg_british_buckingham,outliers,british_museum_67471600_1224757581.png,nan;nan;nan;nan;nan;nan;nan;nan;nan,nan;nan;nan
pt_brandenburg_british_buckingham,outliers,british_museum_26677707_11389887745.png,nan;nan;nan;nan;nan;nan;nan;nan;nan,nan;nan;nan
pt_brandenburg_british_buckingham,outliers,british_museum_63647221_4349439258.png,nan;nan;nan;nan;nan;nan;nan;nan;nan,nan;nan;nan
pt_brandenburg_british_buckingham,outliers,british_museum_51111273_4980544542.png,nan;nan;nan;nan;nan;nan;nan;nan;nan,nan;nan;nan
pt_brandenburg_british_buckingham,outliers,british_museum_27732591_4349424252.png,nan;nan;nan;nan;nan;nan;nan;nan;nan,nan;nan;nan
pt_brandenburg_british_buckingham,outliers,british_museum_28309287_5482270912.png,nan;nan;nan;nan;nan;nan;nan;nan;nan,nan;nan;nan
pt_brandenburg_british_buckingham,outliers,british_museum_27779894_6489328657.png,nan;nan;nan;nan;nan;nan;nan;nan;nan,nan;nan;nan
pt_brandenburg_british_buckingham,outliers,british_museum_66747696_4734591579.png,nan;nan;nan;nan;nan;nan;nan;nan;nan,nan;nan;nan
pt_brandenburg_british_buckingham,outliers,british_museum_04790098_4924719784.png,nan;nan;nan;nan;nan;nan;nan;nan;nan,nan;nan;nan
pt_brandenburg_british_buckingham,outliers,british_museum_95591790_8233423442.png,nan;nan;nan;nan;nan;nan;nan;nan;nan,nan;nan;nan
pt_brandenburg_british_buckingham,outliers,british_museum_66361736_3945101598.png,nan;nan;nan;nan;nan;nan;nan;nan;nan,nan;nan;nan
pt_brandenburg_british_buckingham,outliers,british_museum_67894974_9704498288.png,nan;nan;nan;nan;nan;nan;nan;nan;nan,nan;nan;nan
pt_brandenburg_british_buckingham,outliers,british_museum_21326450_90598151.png,nan;nan;nan;nan;nan;nan;nan;nan;nan,nan;nan;nan
pt_brandenburg_british_buckingham,outliers,british_museum_56818398_67603532.png,nan;nan;nan;nan;nan;nan;nan;nan;nan,nan;nan;nan
pt_brandenburg_british_buckingham,outliers,british_museum_98018049_7167451918.png,nan;nan;nan;nan;nan;nan;nan;nan;nan,nan;nan;nan
pt_brandenburg_british_buckingham,outliers,british_museum_74626542_2453940576.png,nan;nan;nan;nan;nan;nan;nan;nan;nan,nan;nan;nan
pt_brandenburg_british_buckingham,outliers,british_museum_09740642_11372944273.png,nan;nan;nan;nan;nan;nan;nan;nan;nan,nan;nan;nan
pt_brandenburg_british_buckingham,outliers,british_museum_99662030_3945401118.png,nan;nan;nan;nan;nan;nan;nan;nan;nan,nan;nan;nan
pt_brandenburg_british_buckingham,outliers,british_museum_78567520_2219457772.png,nan;nan;nan;nan;nan;nan;nan;nan;nan,nan;nan;nan
pt_brandenburg_british_buckingham,outliers,british_museum_85835963_3490488375.png,nan;nan;nan;nan;nan;nan;nan;nan;nan,nan;nan;nan
pt_brandenburg_british_buckingham,outliers,british_museum_09218102_3818070255.png,nan;nan;nan;nan;nan;nan;nan;nan;nan,nan;nan;nan
pt_brandenburg_british_buckingham,outliers,british_museum_17892330_2218662345.png,nan;nan;nan;nan;nan;nan;nan;nan;nan,nan;nan;nan
pt_brandenburg_british_buckingham,outliers,british_museum_31925345_5986804667.png,nan;nan;nan;nan;nan;nan;nan;nan;nan,nan;nan;nan
pt_brandenburg_british_buckingham,outliers,british_museum_73406890_5043569825.png,nan;nan;nan;nan;nan;nan;nan;nan;nan,nan;nan;nan
pt_brandenburg_british_buckingham,outliers,british_museum_80976991_8342057400.png,nan;nan;nan;nan;nan;nan;nan;nan;nan,nan;nan;nan
pt_brandenburg_british_buckingham,outliers,british_museum_94308218_4349427490.png,nan;nan;nan;nan;nan;nan;nan;nan;nan,nan;nan;nan
pt_brandenburg_british_buckingham,outliers,british_museum_39667919_12715742453.png,nan;nan;nan;nan;nan;nan;nan;nan;nan,nan;nan;nan
pt_brandenburg_british_buckingham,outliers,british_museum_77196526_11613990374.png,nan;nan;nan;nan;nan;nan;nan;nan;nan,nan;nan;nan
pt_brandenburg_british_buckingham,outliers,british_museum_32520806_97760578.png,nan;nan;nan;nan;nan;nan;nan;nan;nan,nan;nan;nan
pt_brandenburg_british_buckingham,outliers,british_museum_25308247_4757972250.png,nan;nan;nan;nan;nan;nan;nan;nan;nan,nan;nan;nan
pt_brandenburg_british_buckingham,outliers,british_museum_92242343_4351333520.png,nan;nan;nan;nan;nan;nan;nan;nan;nan,nan;nan;nan
pt_brandenburg_british_buckingham,outliers,british_museum_84019782_6926081795.png,nan;nan;nan;nan;nan;nan;nan;nan;nan,nan;nan;nan
pt_brandenburg_british_buckingham,outliers,british_museum_61744140_838726075.png,nan;nan;nan;nan;nan;nan;nan;nan;nan,nan;nan;nan
pt_brandenburg_british_buckingham,outliers,british_museum_83025239_9530039386.png,nan;nan;nan;nan;nan;nan;nan;nan;nan,nan;nan;nan
pt_brandenburg_british_buckingham,outliers,british_museum_30495805_5912735553.png,nan;nan;nan;nan;nan;nan;nan;nan;nan,nan;nan;nan
pt_brandenburg_british_buckingham,outliers,british_museum_90026426_4349430506.png,nan;nan;nan;nan;nan;nan;nan;nan;nan,nan;nan;nan
pt_brandenburg_british_buckingham,outliers,british_museum_17406933_4349448982.png,nan;nan;nan;nan;nan;nan;nan;nan;nan,nan;nan;nan
pt_brandenburg_british_buckingham,outliers,british_museum_59356487_3468534134.png,nan;nan;nan;nan;nan;nan;nan;nan;nan,nan;nan;nan
pt_brandenburg_british_buckingham,outliers,british_museum_73361450_117839447.png,nan;nan;nan;nan;nan;nan;nan;nan;nan,nan;nan;nan
pt_brandenburg_british_buckingham,outliers,british_museum_21021803_3610519149.png,nan;nan;nan;nan;nan;nan;nan;nan;nan,nan;nan;nan
pt_brandenburg_british_buckingham,outliers,british_museum_29840064_6240820088.png,nan;nan;nan;nan;nan;nan;nan;nan;nan,nan;nan;nan
pt_brandenburg_british_buckingham,outliers,british_museum_52641281_5921667676.png,nan;nan;nan;nan;nan;nan;nan;nan;nan,nan;nan;nan
pt_brandenburg_british_buckingham,outliers,british_museum_32161143_8079875050.png,nan;nan;nan;nan;nan;nan;nan;nan;nan,nan;nan;nan
pt_brandenburg_british_buckingham,outliers,buckingham_palace_66580063_2204250033.png,nan;nan;nan;nan;nan;nan;nan;nan;nan,nan;nan;nan
pt_brandenburg_british_buckingham,outliers,buckingham_palace_42572558_3847795752.png,nan;nan;nan;nan;nan;nan;nan;nan;nan,nan;nan;nan
pt_brandenburg_british_buckingham,outliers,buckingham_palace_73465264_3740611434.png,nan;nan;nan;nan;nan;nan;nan;nan;nan,nan;nan;nan
pt_brandenburg_british_buckingham,outliers,buckingham_palace_34791488_2406713663.png,nan;nan;nan;nan;nan;nan;nan;nan;nan,nan;nan;nan
pt_brandenburg_british_buckingham,outliers,buckingham_palace_11272171_837310675.png,nan;nan;nan;nan;nan;nan;nan;nan;nan,nan;nan;nan
pt_brandenburg_british_buckingham,outliers,buckingham_palace_59875279_3803024920.png,nan;nan;nan;nan;nan;nan;nan;nan;nan,nan;nan;nan
pt_brandenburg_british_buckingham,outliers,buckingham_palace_70462905_5669092857.png,nan;nan;nan;nan;nan;nan;nan;nan;nan,nan;nan;nan
pt_brandenburg_british_buckingham,outliers,buckingham_palace_85181405_8612250269.png,nan;nan;nan;nan;nan;nan;nan;nan;nan,nan;nan;nan
pt_brandenburg_british_buckingham,outliers,buckingham_palace_82600926_8760297100.png,nan;nan;nan;nan;nan;nan;nan;nan;nan,nan;nan;nan
pt_brandenburg_british_buckingham,outliers,buckingham_palace_38217522_12120715573.png,nan;nan;nan;nan;nan;nan;nan;nan;nan,nan;nan;nan
pt_brandenburg_british_buckingham,outliers,buckingham_palace_86418271_9241595670.png,nan;nan;nan;nan;nan;nan;nan;nan;nan,nan;nan;nan
pt_brandenburg_british_buckingham,outliers,buckingham_palace_69568614_12055226536.png,nan;nan;nan;nan;nan;nan;nan;nan;nan,nan;nan;nan
pt_brandenburg_british_buckingham,outliers,buckingham_palace_54621533_151517675.png,nan;nan;nan;nan;nan;nan;nan;nan;nan,nan;nan;nan
pt_brandenburg_british_buckingham,outliers,buckingham_palace_77667400_439062740.png,nan;nan;nan;nan;nan;nan;nan;nan;nan,nan;nan;nan
pt_brandenburg_british_buckingham,outliers,buckingham_palace_76669421_1878873201.png,nan;nan;nan;nan;nan;nan;nan;nan;nan,nan;nan;nan
pt_brandenburg_british_buckingham,outliers,buckingham_palace_81876166_676507850.png,nan;nan;nan;nan;nan;nan;nan;nan;nan,nan;nan;nan
pt_brandenburg_british_buckingham,outliers,buckingham_palace_35128922_3585104193.png,nan;nan;nan;nan;nan;nan;nan;nan;nan,nan;nan;nan
pt_brandenburg_british_buckingham,outliers,buckingham_palace_25910232_4557319964.png,nan;nan;nan;nan;nan;nan;nan;nan;nan,nan;nan;nan
pt_brandenburg_british_buckingham,outliers,buckingham_palace_20371484_12209806.png,nan;nan;nan;nan;nan;nan;nan;nan;nan,nan;nan;nan
pt_brandenburg_british_buckingham,outliers,buckingham_palace_89367054_672839242.png,nan;nan;nan;nan;nan;nan;nan;nan;nan,nan;nan;nan
pt_brandenburg_british_buckingham,outliers,buckingham_palace_46109345_5162840183.png,nan;nan;nan;nan;nan;nan;nan;nan;nan,nan;nan;nan
pt_brandenburg_british_buckingham,outliers,buckingham_palace_82116100_4565320676.png,nan;nan;nan;nan;nan;nan;nan;nan;nan,nan;nan;nan
pt_brandenburg_british_buckingham,outliers,buckingham_palace_35301556_5755414976.png,nan;nan;nan;nan;nan;nan;nan;nan;nan,nan;nan;nan
pt_brandenburg_british_buckingham,outliers,buckingham_palace_39291857_1523464373.png,nan;nan;nan;nan;nan;nan;nan;nan;nan,nan;nan;nan
pt_brandenburg_british_buckingham,outliers,buckingham_palace_84522886_5954681667.png,nan;nan;nan;nan;nan;nan;nan;nan;nan,nan;nan;nan
pt_brandenburg_british_buckingham,outliers,buckingham_palace_85556619_3740631958.png,nan;nan;nan;nan;nan;nan;nan;nan;nan,nan;nan;nan
pt_brandenburg_british_buckingham,outliers,buckingham_palace_93037627_13638822993.png,nan;nan;nan;nan;nan;nan;nan;nan;nan,nan;nan;nan
pt_brandenburg_british_buckingham,outliers,buckingham_palace_70979018_2078157897.png,nan;nan;nan;nan;nan;nan;nan;nan;nan,nan;nan;nan
pt_brandenburg_british_buckingham,outliers,buckingham_palace_64822253_2217151982.png,nan;nan;nan;nan;nan;nan;nan;nan;nan,nan;nan;nan
pt_brandenburg_british_buckingham,outliers,buckingham_palace_62660707_10596782846.png,nan;nan;nan;nan;nan;nan;nan;nan;nan,nan;nan;nan
pt_brandenburg_british_buckingham,outliers,buckingham_palace_28542033_5434317589.png,nan;nan;nan;nan;nan;nan;nan;nan;nan,nan;nan;nan
pt_brandenburg_british_buckingham,outliers,buckingham_palace_61805239_2253432740.png,nan;nan;nan;nan;nan;nan;nan;nan;nan,nan;nan;nan
pt_brandenburg_british_buckingham,outliers,buckingham_palace_51699589_9343866373.png,nan;nan;nan;nan;nan;nan;nan;nan;nan,nan;nan;nan
pt_brandenburg_british_buckingham,outliers,buckingham_palace_21697383_6430594307.png,nan;nan;nan;nan;nan;nan;nan;nan;nan,nan;nan;nan
pt_brandenburg_british_buckingham,outliers,buckingham_palace_16774617_219184039.png,nan;nan;nan;nan;nan;nan;nan;nan;nan,nan;nan;nan
pt_brandenburg_british_buckingham,outliers,buckingham_palace_89205589_356802584.png,nan;nan;nan;nan;nan;nan;nan;nan;nan,nan;nan;nan
pt_brandenburg_british_buckingham,outliers,buckingham_palace_12842704_470297372.png,nan;nan;nan;nan;nan;nan;nan;nan;nan,nan;nan;nan
pt_brandenburg_british_buckingham,outliers,buckingham_palace_05394210_3325092555.png,nan;nan;nan;nan;nan;nan;nan;nan;nan,nan;nan;nan
pt_brandenburg_british_buckingham,outliers,buckingham_palace_38257186_6252086513.png,nan;nan;nan;nan;nan;nan;nan;nan;nan,nan;nan;nan
pt_brandenburg_british_buckingham,outliers,buckingham_palace_39528348_6563861043.png,nan;nan;nan;nan;nan;nan;nan;nan;nan,nan;nan;nan
pt_brandenburg_british_buckingham,outliers,buckingham_palace_14258385_9378732166.png,nan;nan;nan;nan;nan;nan;nan;nan;nan,nan;nan;nan
pt_brandenburg_british_buckingham,outliers,buckingham_palace_37797945_4824569303.png,nan;nan;nan;nan;nan;nan;nan;nan;nan,nan;nan;nan
pt_brandenburg_british_buckingham,outliers,buckingham_palace_62469402_3202824067.png,nan;nan;nan;nan;nan;nan;nan;nan;nan,nan;nan;nan
pt_brandenburg_british_buckingham,outliers,buckingham_palace_66580194_6996358425.png,nan;nan;nan;nan;nan;nan;nan;nan;nan,nan;nan;nan
pt_brandenburg_british_buckingham,outliers,buckingham_palace_35654194_9287834913.png,nan;nan;nan;nan;nan;nan;nan;nan;nan,nan;nan;nan
pt_brandenburg_british_buckingham,outliers,buckingham_palace_52410261_4937469812.png,nan;nan;nan;nan;nan;nan;nan;nan;nan,nan;nan;nan
pt_brandenburg_british_buckingham,outliers,buckingham_palace_74296459_103436516.png,nan;nan;nan;nan;nan;nan;nan;nan;nan,nan;nan;nan
pt_brandenburg_british_buckingham,outliers,buckingham_palace_05879148_4721852797.png,nan;nan;nan;nan;nan;nan;nan;nan;nan,nan;nan;nan
pt_brandenburg_british_buckingham,outliers,buckingham_palace_67053735_5824219898.png,nan;nan;nan;nan;nan;nan;nan;nan;nan,nan;nan;nan
pt_brandenburg_british_buckingham,outliers,buckingham_palace_35686206_4081926571.png,nan;nan;nan;nan;nan;nan;nan;nan;nan,nan;nan;nan
pt_brandenburg_british_buckingham,outliers,buckingham_palace_37524858_3739802247.png,nan;nan;nan;nan;nan;nan;nan;nan;nan,nan;nan;nan
pt_brandenburg_british_buckingham,outliers,buckingham_palace_06170639_4557285016.png,nan;nan;nan;nan;nan;nan;nan;nan;nan,nan;nan;nan
pt_brandenburg_british_buckingham,outliers,buckingham_palace_59781164_3740564586.png,nan;nan;nan;nan;nan;nan;nan;nan;nan,nan;nan;nan
pt_brandenburg_british_buckingham,outliers,buckingham_palace_47315604_5047670100.png,nan;nan;nan;nan;nan;nan;nan;nan;nan,nan;nan;nan
pt_brandenburg_british_buckingham,outliers,buckingham_palace_80761089_1260341347.png,nan;nan;nan;nan;nan;nan;nan;nan;nan,nan;nan;nan
pt_brandenburg_british_buckingham,outliers,buckingham_palace_21167644_8707271738.png,nan;nan;nan;nan;nan;nan;nan;nan;nan,nan;nan;nan
pt_brandenburg_british_buckingham,outliers,buckingham_palace_44573130_5715131949.png,nan;nan;nan;nan;nan;nan;nan;nan;nan,nan;nan;nan
pt_brandenburg_british_buckingham,outliers,buckingham_palace_08413293_4591289960.png,nan;nan;nan;nan;nan;nan;nan;nan;nan,nan;nan;nan
pt_brandenburg_british_buckingham,outliers,buckingham_palace_40942590_10086689274.png,nan;nan;nan;nan;nan;nan;nan;nan;nan,nan;nan;nan
pt_brandenburg_british_buckingham,outliers,buckingham_palace_04861657_8587228495.png,nan;nan;nan;nan;nan;nan;nan;nan;nan,nan;nan;nan
pt_brandenburg_british_buckingham,outliers,buckingham_palace_19226918_112883362.png,nan;nan;nan;nan;nan;nan;nan;nan;nan,nan;nan;nan
pt_brandenburg_british_buckingham,outliers,buckingham_palace_26606950_5411314264.png,nan;nan;nan;nan;nan;nan;nan;nan;nan,nan;nan;nan
pt_brandenburg_british_buckingham,outliers,buckingham_palace_49269748_4041495348.png,nan;nan;nan;nan;nan;nan;nan;nan;nan,nan;nan;nan
pt_brandenburg_british_buckingham,outliers,buckingham_palace_52402986_5523235865.png,nan;nan;nan;nan;nan;nan;nan;nan;nan,nan;nan;nan
pt_brandenburg_british_buckingham,outliers,buckingham_palace_48484647_7883607208.png,nan;nan;nan;nan;nan;nan;nan;nan;nan,nan;nan;nan
pt_brandenburg_british_buckingham,outliers,buckingham_palace_21134535_11614071253.png,nan;nan;nan;nan;nan;nan;nan;nan;nan,nan;nan;nan
pt_brandenburg_british_buckingham,outliers,buckingham_palace_94455955_3929007141.png,nan;nan;nan;nan;nan;nan;nan;nan;nan,nan;nan;nan
pt_brandenburg_british_buckingham,outliers,buckingham_palace_95865994_275402759.png,nan;nan;nan;nan;nan;nan;nan;nan;nan,nan;nan;nan
pt_brandenburg_british_buckingham,outliers,buckingham_palace_91676499_3739813019.png,nan;nan;nan;nan;nan;nan;nan;nan;nan,nan;nan;nan
pt_brandenburg_british_buckingham,outliers,buckingham_palace_36576167_9378677290.png,nan;nan;nan;nan;nan;nan;nan;nan;nan,nan;nan;nan
pt_brandenburg_british_buckingham,outliers,buckingham_palace_11299827_3665838648.png,nan;nan;nan;nan;nan;nan;nan;nan;nan,nan;nan;nan
pt_brandenburg_british_buckingham,outliers,buckingham_palace_10097113_4343681151.png,nan;nan;nan;nan;nan;nan;nan;nan;nan,nan;nan;nan
pt_brandenburg_british_buckingham,outliers,buckingham_palace_11220321_6429817645.png,nan;nan;nan;nan;nan;nan;nan;nan;nan,nan;nan;nan
pt_brandenburg_british_buckingham,outliers,buckingham_palace_91446393_39141513.png,nan;nan;nan;nan;nan;nan;nan;nan;nan,nan;nan;nan
pt_brandenburg_british_buckingham,outliers,buckingham_palace_46810479_13785513864.png,nan;nan;nan;nan;nan;nan;nan;nan;nan,nan;nan;nan
pt_brandenburg_british_buckingham,outliers,brandenburg_gate_47510282_2492277573.png,nan;nan;nan;nan;nan;nan;nan;nan;nan,nan;nan;nan
pt_brandenburg_british_buckingham,outliers,brandenburg_gate_91824386_51142061.png,nan;nan;nan;nan;nan;nan;nan;nan;nan,nan;nan;nan
pt_brandenburg_british_buckingham,outliers,brandenburg_gate_26655336_6192911644.png,nan;nan;nan;nan;nan;nan;nan;nan;nan,nan;nan;nan
pt_brandenburg_british_buckingham,outliers,brandenburg_gate_60863296_2846812457.png,nan;nan;nan;nan;nan;nan;nan;nan;nan,nan;nan;nan
pt_brandenburg_british_buckingham,outliers,brandenburg_gate_01069771_8567470929.png,nan;nan;nan;nan;nan;nan;nan;nan;nan,nan;nan;nan
pt_brandenburg_british_buckingham,outliers,brandenburg_gate_06935805_2163586273.png,nan;nan;nan;nan;nan;nan;nan;nan;nan,nan;nan;nan
pt_brandenburg_british_buckingham,outliers,brandenburg_gate_22465257_94852237.png,nan;nan;nan;nan;nan;nan;nan;nan;nan,nan;nan;nan
pt_brandenburg_british_buckingham,outliers,brandenburg_gate_73039718_4294835156.png,nan;nan;nan;nan;nan;nan;nan;nan;nan,nan;nan;nan
pt_brandenburg_british_buckingham,outliers,brandenburg_gate_94029235_930442362.png,nan;nan;nan;nan;nan;nan;nan;nan;nan,nan;nan;nan
pt_brandenburg_british_buckingham,outliers,brandenburg_gate_20133057_3035445116.png,nan;nan;nan;nan;nan;nan;nan;nan;nan,nan;nan;nan
pt_brandenburg_british_buckingham,outliers,brandenburg_gate_35200934_73110776.png,nan;nan;nan;nan;nan;nan;nan;nan;nan,nan;nan;nan
pt_brandenburg_british_buckingham,outliers,brandenburg_gate_52599802_11381897224.png,nan;nan;nan;nan;nan;nan;nan;nan;nan,nan;nan;nan
pt_brandenburg_british_buckingham,outliers,brandenburg_gate_82089809_2789175595.png,nan;nan;nan;nan;nan;nan;nan;nan;nan,nan;nan;nan
pt_brandenburg_british_buckingham,outliers,brandenburg_gate_54714905_6154442539.png,nan;nan;nan;nan;nan;nan;nan;nan;nan,nan;nan;nan
pt_brandenburg_british_buckingham,outliers,brandenburg_gate_75037828_1434507967.png,nan;nan;nan;nan;nan;nan;nan;nan;nan,nan;nan;nan
pt_brandenburg_british_buckingham,outliers,brandenburg_gate_97371403_4823878472.png,nan;nan;nan;nan;nan;nan;nan;nan;nan,nan;nan;nan
pt_brandenburg_british_buckingham,outliers,brandenburg_gate_02936509_94852264.png,nan;nan;nan;nan;nan;nan;nan;nan;nan,nan;nan;nan
pt_brandenburg_british_buckingham,outliers,brandenburg_gate_68654335_2476618452.png,nan;nan;nan;nan;nan;nan;nan;nan;nan,nan;nan;nan
pt_brandenburg_british_buckingham,outliers,brandenburg_gate_09870003_7184351941.png,nan;nan;nan;nan;nan;nan;nan;nan;nan,nan;nan;nan
pt_brandenburg_british_buckingham,outliers,brandenburg_gate_04705241_3760208106.png,nan;nan;nan;nan;nan;nan;nan;nan;nan,nan;nan;nan
pt_brandenburg_british_buckingham,outliers,brandenburg_gate_69366784_6629915323.png,nan;nan;nan;nan;nan;nan;nan;nan;nan,nan;nan;nan
pt_brandenburg_british_buckingham,outliers,brandenburg_gate_28221825_5139496129.png,nan;nan;nan;nan;nan;nan;nan;nan;nan,nan;nan;nan
pt_brandenburg_british_buckingham,outliers,brandenburg_gate_18348543_5140101294.png,nan;nan;nan;nan;nan;nan;nan;nan;nan,nan;nan;nan
pt_brandenburg_british_buckingham,outliers,brandenburg_gate_72396943_4654565284.png,nan;nan;nan;nan;nan;nan;nan;nan;nan,nan;nan;nan
pt_brandenburg_british_buckingham,outliers,brandenburg_gate_19431740_4837182516.png,nan;nan;nan;nan;nan;nan;nan;nan;nan,nan;nan;nan
pt_brandenburg_british_buckingham,outliers,brandenburg_gate_85067470_51142901.png,nan;nan;nan;nan;nan;nan;nan;nan;nan,nan;nan;nan
pt_brandenburg_british_buckingham,outliers,brandenburg_gate_60553649_2254779884.png,nan;nan;nan;nan;nan;nan;nan;nan;nan,nan;nan;nan
pt_brandenburg_british_buckingham,outliers,brandenburg_gate_47521158_5096477796.png,nan;nan;nan;nan;nan;nan;nan;nan;nan,nan;nan;nan
pt_brandenburg_british_buckingham,outliers,brandenburg_gate_93110830_1932760362.png,nan;nan;nan;nan;nan;nan;nan;nan;nan,nan;nan;nan
pt_brandenburg_british_buckingham,outliers,brandenburg_gate_08455944_11844596793.png,nan;nan;nan;nan;nan;nan;nan;nan;nan,nan;nan;nan
pt_brandenburg_british_buckingham,outliers,brandenburg_gate_18933011_9395787270.png,nan;nan;nan;nan;nan;nan;nan;nan;nan,nan;nan;nan
pt_brandenburg_british_buckingham,outliers,brandenburg_gate_23898581_3418292777.png,nan;nan;nan;nan;nan;nan;nan;nan;nan,nan;nan;nan
pt_brandenburg_british_buckingham,outliers,brandenburg_gate_08655339_301940774.png,nan;nan;nan;nan;nan;nan;nan;nan;nan,nan;nan;nan
pt_brandenburg_british_buckingham,outliers,brandenburg_gate_94045317_3752214176.png,nan;nan;nan;nan;nan;nan;nan;nan;nan,nan;nan;nan
pt_brandenburg_british_buckingham,outliers,brandenburg_gate_98157145_9159024129.png,nan;nan;nan;nan;nan;nan;nan;nan;nan,nan;nan;nan
pt_brandenburg_british_buckingham,outliers,brandenburg_gate_79167472_5876853278.png,nan;nan;nan;nan;nan;nan;nan;nan;nan,nan;nan;nan
pt_brandenburg_british_buckingham,outliers,brandenburg_gate_06809631_5499605152.png,nan;nan;nan;nan;nan;nan;nan;nan;nan,nan;nan;nan
pt_brandenburg_british_buckingham,outliers,brandenburg_gate_71214740_51142248.png,nan;nan;nan;nan;nan;nan;nan;nan;nan,nan;nan;nan
pt_brandenburg_british_buckingham,outliers,brandenburg_gate_03300929_2790010816.png,nan;nan;nan;nan;nan;nan;nan;nan;nan,nan;nan;nan
pt_brandenburg_british_buckingham,outliers,brandenburg_gate_76173312_1901163610.png,nan;nan;nan;nan;nan;nan;nan;nan;nan,nan;nan;nan
pt_brandenburg_british_buckingham,outliers,brandenburg_gate_54744886_13665893353.png,nan;nan;nan;nan;nan;nan;nan;nan;nan,nan;nan;nan
pt_brandenburg_british_buckingham,outliers,brandenburg_gate_53208747_4264002612.png,nan;nan;nan;nan;nan;nan;nan;nan;nan,nan;nan;nan
pt_brandenburg_british_buckingham,outliers,brandenburg_gate_90142764_8281118641.png,nan;nan;nan;nan;nan;nan;nan;nan;nan,nan;nan;nan
pt_brandenburg_british_buckingham,outliers,brandenburg_gate_06950806_3245016486.png,nan;nan;nan;nan;nan;nan;nan;nan;nan,nan;nan;nan
pt_brandenburg_british_buckingham,outliers,brandenburg_gate_78329459_8088722344.png,nan;nan;nan;nan;nan;nan;nan;nan;nan,nan;nan;nan
pt_brandenburg_british_buckingham,outliers,brandenburg_gate_92884278_346751510.png,nan;nan;nan;nan;nan;nan;nan;nan;nan,nan;nan;nan
pt_brandenburg_british_buckingham,outliers,brandenburg_gate_91333167_11075684623.png,nan;nan;nan;nan;nan;nan;nan;nan;nan,nan;nan;nan
pt_brandenburg_british_buckingham,outliers,brandenburg_gate_59826471_8014732885.png,nan;nan;nan;nan;nan;nan;nan;nan;nan,nan;nan;nan
pt_brandenburg_british_buckingham,outliers,brandenburg_gate_52630012_12435805525.png,nan;nan;nan;nan;nan;nan;nan;nan;nan,nan;nan;nan
pt_brandenburg_british_buckingham,outliers,brandenburg_gate_93385231_5436268017.png,nan;nan;nan;nan;nan;nan;nan;nan;nan,nan;nan;nan
pt_brandenburg_british_buckingham,outliers,brandenburg_gate_38891238_3944459389.png,nan;nan;nan;nan;nan;nan;nan;nan;nan,nan;nan;nan
pt_brandenburg_british_buckingham,outliers,brandenburg_gate_99467148_7775852980.png,nan;nan;nan;nan;nan;nan;nan;nan;nan,nan;nan;nan
pt_brandenburg_british_buckingham,outliers,brandenburg_gate_99778055_7859904484.png,nan;nan;nan;nan;nan;nan;nan;nan;nan,nan;nan;nan
pt_brandenburg_british_buckingham,outliers,brandenburg_gate_82618295_1916872032.png,nan;nan;nan;nan;nan;nan;nan;nan;nan,nan;nan;nan
pt_brandenburg_british_buckingham,outliers,brandenburg_gate_71033172_8108767503.png,nan;nan;nan;nan;nan;nan;nan;nan;nan,nan;nan;nan
pt_brandenburg_british_buckingham,outliers,brandenburg_gate_69037173_2735815523.png,nan;nan;nan;nan;nan;nan;nan;nan;nan,nan;nan;nan
pt_brandenburg_british_buckingham,outliers,brandenburg_gate_85386984_3990647856.png,nan;nan;nan;nan;nan;nan;nan;nan;nan,nan;nan;nan
pt_brandenburg_british_buckingham,outliers,brandenburg_gate_99933312_2768771111.png,nan;nan;nan;nan;nan;nan;nan;nan;nan,nan;nan;nan
pt_brandenburg_british_buckingham,outliers,brandenburg_gate_04684290_2698969364.png,nan;nan;nan;nan;nan;nan;nan;nan;nan,nan;nan;nan
pt_brandenburg_british_buckingham,outliers,brandenburg_gate_48127186_5425905321.png,nan;nan;nan;nan;nan;nan;nan;nan;nan,nan;nan;nan
pt_brandenburg_british_buckingham,outliers,brandenburg_gate_43929418_4177129462.png,nan;nan;nan;nan;nan;nan;nan;nan;nan,nan;nan;nan
pt_brandenburg_british_buckingham,outliers,brandenburg_gate_42723789_7775854318.png,nan;nan;nan;nan;nan;nan;nan;nan;nan,nan;nan;nan
pt_brandenburg_british_buckingham,outliers,brandenburg_gate_90954945_7168342309.png,nan;nan;nan;nan;nan;nan;nan;nan;nan,nan;nan;nan
pt_brandenburg_british_buckingham,outliers,brandenburg_gate_76177997_2293073399.png,nan;nan;nan;nan;nan;nan;nan;nan;nan,nan;nan;nan
pt_brandenburg_british_buckingham,outliers,brandenburg_gate_74077013_184987611.png,nan;nan;nan;nan;nan;nan;nan;nan;nan,nan;nan;nan
pt_brandenburg_british_buckingham,outliers,brandenburg_gate_33797050_227462369.png,nan;nan;nan;nan;nan;nan;nan;nan;nan,nan;nan;nan
pt_brandenburg_british_buckingham,outliers,brandenburg_gate_74576406_1433639911.png,nan;nan;nan;nan;nan;nan;nan;nan;nan,nan;nan;nan
pt_brandenburg_british_buckingham,outliers,brandenburg_gate_92841931_3067495942.png,nan;nan;nan;nan;nan;nan;nan;nan;nan,nan;nan;nan
pt_brandenburg_british_buckingham,outliers,brandenburg_gate_24072578_3313430186.png,nan;nan;nan;nan;nan;nan;nan;nan;nan,nan;nan;nan
pt_brandenburg_british_buckingham,outliers,brandenburg_gate_41213067_5831563503.png,nan;nan;nan;nan;nan;nan;nan;nan;nan,nan;nan;nan
pt_brandenburg_british_buckingham,outliers,brandenburg_gate_80142447_1434506947.png,nan;nan;nan;nan;nan;nan;nan;nan;nan,nan;nan;nan
pt_brandenburg_british_buckingham,outliers,brandenburg_gate_23128078_9800439215.png,nan;nan;nan;nan;nan;nan;nan;nan;nan,nan;nan;nan
pt_brandenburg_british_buckingham,outliers,brandenburg_gate_36555276_225381350.png,nan;nan;nan;nan;nan;nan;nan;nan;nan,nan;nan;nan
pt_brandenburg_british_buckingham,outliers,brandenburg_gate_59713287_6809504619.png,nan;nan;nan;nan;nan;nan;nan;nan;nan,nan;nan;nan
pt_brandenburg_british_buckingham,outliers,brandenburg_gate_82818583_7062231077.png,nan;nan;nan;nan;nan;nan;nan;nan;nan,nan;nan;nan
pt_piazzasanmarco_grandplace,outliers,piazza_san_marco_62119409_1192224848.png,nan;nan;nan;nan;nan;nan;nan;nan;nan,nan;nan;nan
pt_piazzasanmarco_grandplace,outliers,piazza_san_marco_62044241_3006469222.png,nan;nan;nan;nan;nan;nan;nan;nan;nan,nan;nan;nan
pt_piazzasanmarco_grandplace,outliers,piazza_san_marco_60642120_4838112159.png,nan;nan;nan;nan;nan;nan;nan;nan;nan,nan;nan;nan
pt_piazzasanmarco_grandplace,outliers,piazza_san_marco_60124074_10553534575.png,nan;nan;nan;nan;nan;nan;nan;nan;nan,nan;nan;nan
pt_piazzasanmarco_grandplace,outliers,piazza_san_marco_59702055_3587019674.png,nan;nan;nan;nan;nan;nan;nan;nan;nan,nan;nan;nan
pt_piazzasanmarco_grandplace,outliers,piazza_san_marco_57743773_3911679421.png,nan;nan;nan;nan;nan;nan;nan;nan;nan,nan;nan;nan
pt_piazzasanmarco_grandplace,outliers,piazza_san_marco_51641355_9558925683.png,nan;nan;nan;nan;nan;nan;nan;nan;nan,nan;nan;nan
pt_piazzasanmarco_grandplace,outliers,piazza_san_marco_51202043_9310221789.png,nan;nan;nan;nan;nan;nan;nan;nan;nan,nan;nan;nan
pt_piazzasanmarco_grandplace,outliers,piazza_san_marco_50153416_1936826074.png,nan;nan;nan;nan;nan;nan;nan;nan;nan,nan;nan;nan
pt_piazzasanmarco_grandplace,outliers,piazza_san_marco_49865216_1748767363.png,nan;nan;nan;nan;nan;nan;nan;nan;nan,nan;nan;nan
pt_piazzasanmarco_grandplace,outliers,piazza_san_marco_48879463_9871466366.png,nan;nan;nan;nan;nan;nan;nan;nan;nan,nan;nan;nan
pt_piazzasanmarco_grandplace,outliers,piazza_san_marco_48336247_12513898.png,nan;nan;nan;nan;nan;nan;nan;nan;nan,nan;nan;nan
pt_piazzasanmarco_grandplace,outliers,piazza_san_marco_47978286_6233178275.png,nan;nan;nan;nan;nan;nan;nan;nan;nan,nan;nan;nan
pt_piazzasanmarco_grandplace,outliers,piazza_san_marco_44559050_8123175494.png,nan;nan;nan;nan;nan;nan;nan;nan;nan,nan;nan;nan
pt_piazzasanmarco_grandplace,outliers,piazza_san_marco_43613632_3927740200.png,nan;nan;nan;nan;nan;nan;nan;nan;nan,nan;nan;nan
pt_piazzasanmarco_grandplace,outliers,piazza_san_marco_43351518_2659980686.png,nan;nan;nan;nan;nan;nan;nan;nan;nan,nan;nan;nan
pt_piazzasanmarco_grandplace,outliers,piazza_san_marco_37929918_11153434073.png,nan;nan;nan;nan;nan;nan;nan;nan;nan,nan;nan;nan
pt_piazzasanmarco_grandplace,outliers,piazza_san_marco_36422008_2674079787.png,nan;nan;nan;nan;nan;nan;nan;nan;nan,nan;nan;nan
pt_piazzasanmarco_grandplace,outliers,piazza_san_marco_36146268_3693794507.png,nan;nan;nan;nan;nan;nan;nan;nan;nan,nan;nan;nan
pt_piazzasanmarco_grandplace,outliers,piazza_san_marco_35580319_7242840168.png,nan;nan;nan;nan;nan;nan;nan;nan;nan,nan;nan;nan
pt_piazzasanmarco_grandplace,outliers,piazza_san_marco_34900147_9647945813.png,nan;nan;nan;nan;nan;nan;nan;nan;nan,nan;nan;nan
pt_piazzasanmarco_grandplace,outliers,piazza_san_marco_33370194_3086484243.png,nan;nan;nan;nan;nan;nan;nan;nan;nan,nan;nan;nan
pt_piazzasanmarco_grandplace,outliers,piazza_san_marco_32189638_13916077925.png,nan;nan;nan;nan;nan;nan;nan;nan;nan,nan;nan;nan
pt_piazzasanmarco_grandplace,outliers,piazza_san_marco_23831030_2515629875.png,nan;nan;nan;nan;nan;nan;nan;nan;nan,nan;nan;nan
pt_piazzasanmarco_grandplace,outliers,piazza_san_marco_08641657_1396164280.png,nan;nan;nan;nan;nan;nan;nan;nan;nan,nan;nan;nan
pt_piazzasanmarco_grandplace,outliers,piazza_san_marco_07961084_7175726083.png,nan;nan;nan;nan;nan;nan;nan;nan;nan,nan;nan;nan
pt_piazzasanmarco_grandplace,outliers,piazza_san_marco_05687240_1655294248.png,nan;nan;nan;nan;nan;nan;nan;nan;nan,nan;nan;nan
pt_piazzasanmarco_grandplace,outliers,piazza_san_marco_05446260_7175726639.png,nan;nan;nan;nan;nan;nan;nan;nan;nan,nan;nan;nan
pt_piazzasanmarco_grandplace,outliers,piazza_san_marco_00911019_30410665.png,nan;nan;nan;nan;nan;nan;nan;nan;nan,nan;nan;nan
pt_piazzasanmarco_grandplace,outliers,piazza_san_marco_02765213_3937871604.png,nan;nan;nan;nan;nan;nan;nan;nan;nan,nan;nan;nan
pt_piazzasanmarco_grandplace,outliers,piazza_san_marco_02938363_7768045658.png,nan;nan;nan;nan;nan;nan;nan;nan;nan,nan;nan;nan
pt_piazzasanmarco_grandplace,outliers,piazza_san_marco_03929605_4794028100.png,nan;nan;nan;nan;nan;nan;nan;nan;nan,nan;nan;nan
pt_piazzasanmarco_grandplace,outliers,piazza_san_marco_16413076_9488649958.png,nan;nan;nan;nan;nan;nan;nan;nan;nan,nan;nan;nan
pt_piazzasanmarco_grandplace,outliers,piazza_san_marco_16953110_11565839383.png,nan;nan;nan;nan;nan;nan;nan;nan;nan,nan;nan;nan
pt_piazzasanmarco_grandplace,outliers,piazza_san_marco_19489590_236391387.png,nan;nan;nan;nan;nan;nan;nan;nan;nan,nan;nan;nan
pt_piazzasanmarco_grandplace,outliers,piazza_san_marco_20308172_3751782049.png,nan;nan;nan;nan;nan;nan;nan;nan;nan,nan;nan;nan
pt_piazzasanmarco_grandplace,outliers,piazza_san_marco_21269219_11222531165.png,nan;nan;nan;nan;nan;nan;nan;nan;nan,nan;nan;nan
pt_piazzasanmarco_grandplace,outliers,piazza_san_marco_78763159_3108420750.png,nan;nan;nan;nan;nan;nan;nan;nan;nan,nan;nan;nan
pt_piazzasanmarco_grandplace,outliers,piazza_san_marco_79015492_5156227704.png,nan;nan;nan;nan;nan;nan;nan;nan;nan,nan;nan;nan
pt_piazzasanmarco_grandplace,outliers,piazza_san_marco_79425959_1797859257.png,nan;nan;nan;nan;nan;nan;nan;nan;nan,nan;nan;nan
pt_piazzasanmarco_grandplace,outliers,piazza_san_marco_79666681_10553566785.png,nan;nan;nan;nan;nan;nan;nan;nan;nan,nan;nan;nan
pt_piazzasanmarco_grandplace,outliers,piazza_san_marco_86390456_4731250935.png,nan;nan;nan;nan;nan;nan;nan;nan;nan,nan;nan;nan
pt_piazzasanmarco_grandplace,outliers,piazza_san_marco_87075524_5742959286.png,nan;nan;nan;nan;nan;nan;nan;nan;nan,nan;nan;nan
pt_piazzasanmarco_grandplace,outliers,piazza_san_marco_87197910_5742405011.png,nan;nan;nan;nan;nan;nan;nan;nan;nan,nan;nan;nan
pt_piazzasanmarco_grandplace,outliers,piazza_san_marco_89563571_5498158307.png,nan;nan;nan;nan;nan;nan;nan;nan;nan,nan;nan;nan
pt_piazzasanmarco_grandplace,outliers,piazza_san_marco_93114090_518435769.png,nan;nan;nan;nan;nan;nan;nan;nan;nan,nan;nan;nan
pt_piazzasanmarco_grandplace,outliers,piazza_san_marco_93221497_7164520549.png,nan;nan;nan;nan;nan;nan;nan;nan;nan,nan;nan;nan
pt_piazzasanmarco_grandplace,outliers,piazza_san_marco_93587382_6156273792.png,nan;nan;nan;nan;nan;nan;nan;nan;nan,nan;nan;nan
pt_piazzasanmarco_grandplace,outliers,piazza_san_marco_94011496_2894625345.png,nan;nan;nan;nan;nan;nan;nan;nan;nan,nan;nan;nan
pt_piazzasanmarco_grandplace,outliers,piazza_san_marco_92816782_2348689080.png,nan;nan;nan;nan;nan;nan;nan;nan;nan,nan;nan;nan
pt_piazzasanmarco_grandplace,outliers,piazza_san_marco_92643910_5422709475.png,nan;nan;nan;nan;nan;nan;nan;nan;nan,nan;nan;nan
pt_piazzasanmarco_grandplace,outliers,piazza_san_marco_91949369_5742957310.png,nan;nan;nan;nan;nan;nan;nan;nan;nan,nan;nan;nan
pt_piazzasanmarco_grandplace,outliers,piazza_san_marco_91363954_9618264007.png,nan;nan;nan;nan;nan;nan;nan;nan;nan,nan;nan;nan
pt_piazzasanmarco_grandplace,outliers,piazza_san_marco_91217018_430586397.png,nan;nan;nan;nan;nan;nan;nan;nan;nan,nan;nan;nan
pt_piazzasanmarco_grandplace,outliers,piazza_san_marco_90726425_1192292030.png,nan;nan;nan;nan;nan;nan;nan;nan;nan,nan;nan;nan
pt_piazzasanmarco_grandplace,outliers,piazza_san_marco_90638337_1435435593.png,nan;nan;nan;nan;nan;nan;nan;nan;nan,nan;nan;nan
pt_piazzasanmarco_grandplace,outliers,piazza_san_marco_78389630_9150785175.png,nan;nan;nan;nan;nan;nan;nan;nan;nan,nan;nan;nan
pt_piazzasanmarco_grandplace,outliers,piazza_san_marco_78197122_7042380723.png,nan;nan;nan;nan;nan;nan;nan;nan;nan,nan;nan;nan
pt_piazzasanmarco_grandplace,outliers,piazza_san_marco_76323662_4175035496.png,nan;nan;nan;nan;nan;nan;nan;nan;nan,nan;nan;nan
pt_piazzasanmarco_grandplace,outliers,piazza_san_marco_75292523_2051266090.png,nan;nan;nan;nan;nan;nan;nan;nan;nan,nan;nan;nan
pt_piazzasanmarco_grandplace,outliers,piazza_san_marco_73256062_9276377947.png,nan;nan;nan;nan;nan;nan;nan;nan;nan,nan;nan;nan
pt_piazzasanmarco_grandplace,outliers,piazza_san_marco_66788909_420268870.png,nan;nan;nan;nan;nan;nan;nan;nan;nan,nan;nan;nan
pt_piazzasanmarco_grandplace,outliers,piazza_san_marco_65627187_4621853852.png,nan;nan;nan;nan;nan;nan;nan;nan;nan,nan;nan;nan
pt_piazzasanmarco_grandplace,outliers,piazza_san_marco_65581481_3524160597.png,nan;nan;nan;nan;nan;nan;nan;nan;nan,nan;nan;nan
pt_piazzasanmarco_grandplace,outliers,piazza_san_marco_65217461_5742419027.png,nan;nan;nan;nan;nan;nan;nan;nan;nan,nan;nan;nan
pt_piazzasanmarco_grandplace,outliers,piazza_san_marco_64400658_2226109244.png,nan;nan;nan;nan;nan;nan;nan;nan;nan,nan;nan;nan
pt_piazzasanmarco_grandplace,outliers,piazza_san_marco_63338936_4890937953.png,nan;nan;nan;nan;nan;nan;nan;nan;nan,nan;nan;nan
pt_piazzasanmarco_grandplace,outliers,piazza_san_marco_62409294_4434824649.png,nan;nan;nan;nan;nan;nan;nan;nan;nan,nan;nan;nan
pt_piazzasanmarco_grandplace,outliers,grand_place_brussels_57895262_5823807439.png,nan;nan;nan;nan;nan;nan;nan;nan;nan,nan;nan;nan
pt_piazzasanmarco_grandplace,outliers,grand_place_brussels_94589793_5911133174.png,nan;nan;nan;nan;nan;nan;nan;nan;nan,nan;nan;nan
pt_piazzasanmarco_grandplace,outliers,grand_place_brussels_29589789_8732590004.png,nan;nan;nan;nan;nan;nan;nan;nan;nan,nan;nan;nan
pt_piazzasanmarco_grandplace,outliers,grand_place_brussels_32610159_13881489624.png,nan;nan;nan;nan;nan;nan;nan;nan;nan,nan;nan;nan
pt_piazzasanmarco_grandplace,outliers,grand_place_brussels_22907382_4299384445.png,nan;nan;nan;nan;nan;nan;nan;nan;nan,nan;nan;nan
pt_piazzasanmarco_grandplace,outliers,grand_place_brussels_54689750_8177752931.png,nan;nan;nan;nan;nan;nan;nan;nan;nan,nan;nan;nan
pt_piazzasanmarco_grandplace,outliers,grand_place_brussels_61195081_2862626518.png,nan;nan;nan;nan;nan;nan;nan;nan;nan,nan;nan;nan
pt_piazzasanmarco_grandplace,outliers,grand_place_brussels_61442570_1877638298.png,nan;nan;nan;nan;nan;nan;nan;nan;nan,nan;nan;nan
pt_piazzasanmarco_grandplace,outliers,grand_place_brussels_89270148_8703811409.png,nan;nan;nan;nan;nan;nan;nan;nan;nan,nan;nan;nan
pt_piazzasanmarco_grandplace,outliers,grand_place_brussels_65723931_2797767702.png,nan;nan;nan;nan;nan;nan;nan;nan;nan,nan;nan;nan
pt_piazzasanmarco_grandplace,outliers,grand_place_brussels_12461054_2954451845.png,nan;nan;nan;nan;nan;nan;nan;nan;nan,nan;nan;nan
pt_piazzasanmarco_grandplace,outliers,grand_place_brussels_63879656_8828566618.png,nan;nan;nan;nan;nan;nan;nan;nan;nan,nan;nan;nan
pt_piazzasanmarco_grandplace,outliers,grand_place_brussels_36406299_8032284977.png,nan;nan;nan;nan;nan;nan;nan;nan;nan,nan;nan;nan
pt_piazzasanmarco_grandplace,outliers,grand_place_brussels_77082765_2334078741.png,nan;nan;nan;nan;nan;nan;nan;nan;nan,nan;nan;nan
pt_piazzasanmarco_grandplace,outliers,grand_place_brussels_98365344_176581376.png,nan;nan;nan;nan;nan;nan;nan;nan;nan,nan;nan;nan
pt_piazzasanmarco_grandplace,outliers,grand_place_brussels_04102017_4543731951.png,nan;nan;nan;nan;nan;nan;nan;nan;nan,nan;nan;nan
pt_piazzasanmarco_grandplace,outliers,grand_place_brussels_19836104_416362563.png,nan;nan;nan;nan;nan;nan;nan;nan;nan,nan;nan;nan
pt_piazzasanmarco_grandplace,outliers,grand_place_brussels_09039293_8703814883.png,nan;nan;nan;nan;nan;nan;nan;nan;nan,nan;nan;nan
pt_piazzasanmarco_grandplace,outliers,grand_place_brussels_30060098_13881136865.png,nan;nan;nan;nan;nan;nan;nan;nan;nan,nan;nan;nan
pt_piazzasanmarco_grandplace,outliers,grand_place_brussels_82619588_2231634419.png,nan;nan;nan;nan;nan;nan;nan;nan;nan,nan;nan;nan
pt_piazzasanmarco_grandplace,outliers,grand_place_brussels_33996128_10532176005.png,nan;nan;nan;nan;nan;nan;nan;nan;nan,nan;nan;nan
pt_piazzasanmarco_grandplace,outliers,grand_place_brussels_03884640_3907488533.png,nan;nan;nan;nan;nan;nan;nan;nan;nan,nan;nan;nan
pt_piazzasanmarco_grandplace,outliers,grand_place_brussels_85875165_3423168615.png,nan;nan;nan;nan;nan;nan;nan;nan;nan,nan;nan;nan
pt_piazzasanmarco_grandplace,outliers,grand_place_brussels_98347882_247481604.png,nan;nan;nan;nan;nan;nan;nan;nan;nan,nan;nan;nan
pt_piazzasanmarco_grandplace,outliers,grand_place_brussels_90505934_1674425132.png,nan;nan;nan;nan;nan;nan;nan;nan;nan,nan;nan;nan
pt_piazzasanmarco_grandplace,outliers,grand_place_brussels_65600629_2179631506.png,nan;nan;nan;nan;nan;nan;nan;nan;nan,nan;nan;nan
pt_piazzasanmarco_grandplace,outliers,grand_place_brussels_57903036_6034663613.png,nan;nan;nan;nan;nan;nan;nan;nan;nan,nan;nan;nan
pt_piazzasanmarco_grandplace,outliers,grand_place_brussels_32506932_9376290469.png,nan;nan;nan;nan;nan;nan;nan;nan;nan,nan;nan;nan
pt_piazzasanmarco_grandplace,outliers,grand_place_brussels_76893682_2999450842.png,nan;nan;nan;nan;nan;nan;nan;nan;nan,nan;nan;nan
pt_piazzasanmarco_grandplace,outliers,grand_place_brussels_56929508_8486048059.png,nan;nan;nan;nan;nan;nan;nan;nan;nan,nan;nan;nan
pt_piazzasanmarco_grandplace,outliers,grand_place_brussels_12259150_2265169853.png,nan;nan;nan;nan;nan;nan;nan;nan;nan,nan;nan;nan
pt_piazzasanmarco_grandplace,outliers,grand_place_brussels_33234837_3550291978.png,nan;nan;nan;nan;nan;nan;nan;nan;nan,nan;nan;nan
pt_piazzasanmarco_grandplace,outliers,grand_place_brussels_42923853_104932205.png,nan;nan;nan;nan;nan;nan;nan;nan;nan,nan;nan;nan
pt_piazzasanmarco_grandplace,outliers,grand_place_brussels_19450330_5824490434.png,nan;nan;nan;nan;nan;nan;nan;nan;nan,nan;nan;nan
pt_piazzasanmarco_grandplace,outliers,grand_place_brussels_27114106_8683698083.png,nan;nan;nan;nan;nan;nan;nan;nan;nan,nan;nan;nan
pt_piazzasanmarco_grandplace,outliers,grand_place_brussels_95763587_2232280810.png,nan;nan;nan;nan;nan;nan;nan;nan;nan,nan;nan;nan
pt_piazzasanmarco_grandplace,outliers,grand_place_brussels_33680148_1033484404.png,nan;nan;nan;nan;nan;nan;nan;nan;nan,nan;nan;nan
pt_piazzasanmarco_grandplace,outliers,grand_place_brussels_45351744_6834302276.png,nan;nan;nan;nan;nan;nan;nan;nan;nan,nan;nan;nan
pt_piazzasanmarco_grandplace,outliers,grand_place_brussels_64752693_9379071376.png,nan;nan;nan;nan;nan;nan;nan;nan;nan,nan;nan;nan
pt_piazzasanmarco_grandplace,outliers,grand_place_brussels_80419518_5109586935.png,nan;nan;nan;nan;nan;nan;nan;nan;nan,nan;nan;nan
pt_piazzasanmarco_grandplace,outliers,grand_place_brussels_64133734_1372277262.png,nan;nan;nan;nan;nan;nan;nan;nan;nan,nan;nan;nan
pt_piazzasanmarco_grandplace,outliers,grand_place_brussels_29761653_183977068.png,nan;nan;nan;nan;nan;nan;nan;nan;nan,nan;nan;nan
pt_piazzasanmarco_grandplace,outliers,grand_place_brussels_45605507_6470820469.png,nan;nan;nan;nan;nan;nan;nan;nan;nan,nan;nan;nan
pt_piazzasanmarco_grandplace,outliers,grand_place_brussels_54789298_4426358141.png,nan;nan;nan;nan;nan;nan;nan;nan;nan,nan;nan;nan
pt_piazzasanmarco_grandplace,outliers,grand_place_brussels_37434597_3796271634.png,nan;nan;nan;nan;nan;nan;nan;nan;nan,nan;nan;nan
pt_piazzasanmarco_grandplace,outliers,grand_place_brussels_92332702_2575760403.png,nan;nan;nan;nan;nan;nan;nan;nan;nan,nan;nan;nan
pt_piazzasanmarco_grandplace,outliers,grand_place_brussels_10479978_4543725197.png,nan;nan;nan;nan;nan;nan;nan;nan;nan,nan;nan;nan
pt_piazzasanmarco_grandplace,outliers,grand_place_brussels_96196686_8643079931.png,nan;nan;nan;nan;nan;nan;nan;nan;nan,nan;nan;nan
pt_piazzasanmarco_grandplace,outliers,grand_place_brussels_75963148_11531980813.png,nan;nan;nan;nan;nan;nan;nan;nan;nan,nan;nan;nan
pt_piazzasanmarco_grandplace,outliers,grand_place_brussels_47313503_3591060105.png,nan;nan;nan;nan;nan;nan;nan;nan;nan,nan;nan;nan
pt_piazzasanmarco_grandplace,outliers,grand_place_brussels_10933059_2435329014.png,nan;nan;nan;nan;nan;nan;nan;nan;nan,nan;nan;nan
pt_piazzasanmarco_grandplace,outliers,grand_place_brussels_46564187_2334079229.png,nan;nan;nan;nan;nan;nan;nan;nan;nan,nan;nan;nan
pt_piazzasanmarco_grandplace,outliers,grand_place_brussels_23213882_6298454445.png,nan;nan;nan;nan;nan;nan;nan;nan;nan,nan;nan;nan
pt_piazzasanmarco_grandplace,outliers,grand_place_brussels_55042300_2998445423.png,nan;nan;nan;nan;nan;nan;nan;nan;nan,nan;nan;nan
pt_piazzasanmarco_grandplace,outliers,grand_place_brussels_02136283_5474380279.png,nan;nan;nan;nan;nan;nan;nan;nan;nan,nan;nan;nan
pt_piazzasanmarco_grandplace,outliers,grand_place_brussels_50058391_104937272.png,nan;nan;nan;nan;nan;nan;nan;nan;nan,nan;nan;nan
pt_piazzasanmarco_grandplace,outliers,grand_place_brussels_19785873_3796268760.png,nan;nan;nan;nan;nan;nan;nan;nan;nan,nan;nan;nan
pt_piazzasanmarco_grandplace,outliers,grand_place_brussels_84280780_9149810125.png,nan;nan;nan;nan;nan;nan;nan;nan;nan,nan;nan;nan
pt_piazzasanmarco_grandplace,outliers,grand_place_brussels_72646474_2231631573.png,nan;nan;nan;nan;nan;nan;nan;nan;nan,nan;nan;nan
pt_piazzasanmarco_grandplace,outliers,grand_place_brussels_89428328_415853343.png,nan;nan;nan;nan;nan;nan;nan;nan;nan,nan;nan;nan
pt_piazzasanmarco_grandplace,outliers,grand_place_brussels_94608068_9152036176.png,nan;nan;nan;nan;nan;nan;nan;nan;nan,nan;nan;nan
pt_piazzasanmarco_grandplace,outliers,grand_place_brussels_63358653_3107448586.png,nan;nan;nan;nan;nan;nan;nan;nan;nan,nan;nan;nan
pt_piazzasanmarco_grandplace,outliers,grand_place_brussels_18834309_5057033556.png,nan;nan;nan;nan;nan;nan;nan;nan;nan,nan;nan;nan
pt_piazzasanmarco_grandplace,outliers,grand_place_brussels_48329521_332727450.png,nan;nan;nan;nan;nan;nan;nan;nan;nan,nan;nan;nan
pt_piazzasanmarco_grandplace,outliers,grand_place_brussels_28465422_5284916930.png,nan;nan;nan;nan;nan;nan;nan;nan;nan,nan;nan;nan
pt_piazzasanmarco_grandplace,outliers,grand_place_brussels_31608163_6102133633.png,nan;nan;nan;nan;nan;nan;nan;nan;nan,nan;nan;nan
pt_piazzasanmarco_grandplace,outliers,grand_place_brussels_08583359_2727285776.png,nan;nan;nan;nan;nan;nan;nan;nan;nan,nan;nan;nan
pt_piazzasanmarco_grandplace,outliers,grand_place_brussels_58370062_228935435.png,nan;nan;nan;nan;nan;nan;nan;nan;nan,nan;nan;nan
pt_piazzasanmarco_grandplace,outliers,grand_place_brussels_01587288_3907486251.png,nan;nan;nan;nan;nan;nan;nan;nan;nan,nan;nan;nan
pt_piazzasanmarco_grandplace,outliers,grand_place_brussels_97679107_216044726.png,nan;nan;nan;nan;nan;nan;nan;nan;nan,nan;nan;nan
pt_piazzasanmarco_grandplace,outliers,grand_place_brussels_21473586_5735108576.png,nan;nan;nan;nan;nan;nan;nan;nan;nan,nan;nan;nan
pt_piazzasanmarco_grandplace,outliers,grand_place_brussels_37673540_9374525231.png,nan;nan;nan;nan;nan;nan;nan;nan;nan,nan;nan;nan
pt_piazzasanmarco_grandplace,outliers,grand_place_brussels_19469781_41739753.png,nan;nan;nan;nan;nan;nan;nan;nan;nan,nan;nan;nan
pt_piazzasanmarco_grandplace,outliers,grand_place_brussels_17061032_2781005813.png,nan;nan;nan;nan;nan;nan;nan;nan;nan,nan;nan;nan
pt_piazzasanmarco_grandplace,outliers,grand_place_brussels_37000623_5094537023.png,nan;nan;nan;nan;nan;nan;nan;nan;nan,nan;nan;nan
pt_piazzasanmarco_grandplace,outliers,grand_place_brussels_61353083_128372808.png,nan;nan;nan;nan;nan;nan;nan;nan;nan,nan;nan;nan
pt_piazzasanmarco_grandplace,outliers,grand_place_brussels_60409409_9335730523.png,nan;nan;nan;nan;nan;nan;nan;nan;nan,nan;nan;nan
pt_piazzasanmarco_grandplace,outliers,grand_place_brussels_64177922_6939801959.png,nan;nan;nan;nan;nan;nan;nan;nan;nan,nan;nan;nan
pt_piazzasanmarco_grandplace,outliers,grand_place_brussels_20089826_6525672545.png,nan;nan;nan;nan;nan;nan;nan;nan;nan,nan;nan;nan
pt_piazzasanmarco_grandplace,outliers,grand_place_brussels_83880039_8704930508.png,nan;nan;nan;nan;nan;nan;nan;nan;nan,nan;nan;nan
pt_piazzasanmarco_grandplace,outliers,grand_place_brussels_89912815_3055922954.png,nan;nan;nan;nan;nan;nan;nan;nan;nan,nan;nan;nan
pt_piazzasanmarco_grandplace,outliers,grand_place_brussels_27265710_2527915420.png,nan;nan;nan;nan;nan;nan;nan;nan;nan,nan;nan;nan
pt_piazzasanmarco_grandplace,outliers,grand_place_brussels_70032246_6347641014.png,nan;nan;nan;nan;nan;nan;nan;nan;nan,nan;nan;nan
pt_piazzasanmarco_grandplace,outliers,grand_place_brussels_73543943_6819377449.png,nan;nan;nan;nan;nan;nan;nan;nan;nan,nan;nan;nan
pt_piazzasanmarco_grandplace,outliers,grand_place_brussels_97408314_4660309480.png,nan;nan;nan;nan;nan;nan;nan;nan;nan,nan;nan;nan
pt_piazzasanmarco_grandplace,outliers,grand_place_brussels_76033783_4998492930.png,nan;nan;nan;nan;nan;nan;nan;nan;nan,nan;nan;nan
pt_piazzasanmarco_grandplace,outliers,grand_place_brussels_12750924_3498788909.png,nan;nan;nan;nan;nan;nan;nan;nan;nan,nan;nan;nan
pt_piazzasanmarco_grandplace,outliers,grand_place_brussels_06397880_3164163639.png,nan;nan;nan;nan;nan;nan;nan;nan;nan,nan;nan;nan
pt_piazzasanmarco_grandplace,outliers,grand_place_brussels_17665284_5616961414.png,nan;nan;nan;nan;nan;nan;nan;nan;nan,nan;nan;nan
pt_piazzasanmarco_grandplace,outliers,grand_place_brussels_61931752_11269229804.png,nan;nan;nan;nan;nan;nan;nan;nan;nan,nan;nan;nan
pt_piazzasanmarco_grandplace,outliers,grand_place_brussels_16829624_11531851815.png,nan;nan;nan;nan;nan;nan;nan;nan;nan,nan;nan;nan
pt_piazzasanmarco_grandplace,outliers,grand_place_brussels_07659394_5946559496.png,nan;nan;nan;nan;nan;nan;nan;nan;nan,nan;nan;nan
pt_piazzasanmarco_grandplace,outliers,grand_place_brussels_75670494_10532227934.png,nan;nan;nan;nan;nan;nan;nan;nan;nan,nan;nan;nan
pt_piazzasanmarco_grandplace,outliers,grand_place_brussels_98413296_389554202.png,nan;nan;nan;nan;nan;nan;nan;nan;nan,nan;nan;nan
pt_piazzasanmarco_grandplace,outliers,grand_place_brussels_80238669_11531890454.png,nan;nan;nan;nan;nan;nan;nan;nan;nan,nan;nan;nan
pt_piazzasanmarco_grandplace,outliers,grand_place_brussels_56336675_12025095504.png,nan;nan;nan;nan;nan;nan;nan;nan;nan,nan;nan;nan
pt_piazzasanmarco_grandplace,outliers,grand_place_brussels_12650889_5688674640.png,nan;nan;nan;nan;nan;nan;nan;nan;nan,nan;nan;nan
pt_piazzasanmarco_grandplace,outliers,grand_place_brussels_15550848_3634998137.png,nan;nan;nan;nan;nan;nan;nan;nan;nan,nan;nan;nan
pt_piazzasanmarco_grandplace,outliers,grand_place_brussels_00460368_4162644685.png,nan;nan;nan;nan;nan;nan;nan;nan;nan,nan;nan;nan
pt_piazzasanmarco_grandplace,outliers,grand_place_brussels_80159334_3432556478.png,nan;nan;nan;nan;nan;nan;nan;nan;nan,nan;nan;nan
pt_sacrecoeur_trevi_tajmahal,outliers,trevi_fountain_30069642_3966141600.png,nan;nan;nan;nan;nan;nan;nan;nan;nan,nan;nan;nan
pt_sacrecoeur_trevi_tajmahal,outliers,trevi_fountain_59883665_3581996971.png,nan;nan;nan;nan;nan;nan;nan;nan;nan,nan;nan;nan
pt_sacrecoeur_trevi_tajmahal,outliers,trevi_fountain_73284018_2156414038.png,nan;nan;nan;nan;nan;nan;nan;nan;nan,nan;nan;nan
pt_sacrecoeur_trevi_tajmahal,outliers,trevi_fountain_17973182_5956257468.png,nan;nan;nan;nan;nan;nan;nan;nan;nan,nan;nan;nan
pt_sacrecoeur_trevi_tajmahal,outliers,trevi_fountain_85397053_1435622623.png,nan;nan;nan;nan;nan;nan;nan;nan;nan,nan;nan;nan
pt_sacrecoeur_trevi_tajmahal,outliers,trevi_fountain_92808638_88785341.png,nan;nan;nan;nan;nan;nan;nan;nan;nan,nan;nan;nan
pt_sacrecoeur_trevi_tajmahal,outliers,trevi_fountain_01404558_5160423697.png,nan;nan;nan;nan;nan;nan;nan;nan;nan,nan;nan;nan
pt_sacrecoeur_trevi_tajmahal,outliers,trevi_fountain_91729188_430652744.png,nan;nan;nan;nan;nan;nan;nan;nan;nan,nan;nan;nan
pt_sacrecoeur_trevi_tajmahal,outliers,trevi_fountain_48230932_8038671426.png,nan;nan;nan;nan;nan;nan;nan;nan;nan,nan;nan;nan
pt_sacrecoeur_trevi_tajmahal,outliers,trevi_fountain_80167621_5886522855.png,nan;nan;nan;nan;nan;nan;nan;nan;nan,nan;nan;nan
pt_sacrecoeur_trevi_tajmahal,outliers,trevi_fountain_17750259_5579050866.png,nan;nan;nan;nan;nan;nan;nan;nan;nan,nan;nan;nan
pt_sacrecoeur_trevi_tajmahal,outliers,trevi_fountain_14195208_276265172.png,nan;nan;nan;nan;nan;nan;nan;nan;nan,nan;nan;nan
pt_sacrecoeur_trevi_tajmahal,outliers,trevi_fountain_41815199_3578791286.png,nan;nan;nan;nan;nan;nan;nan;nan;nan,nan;nan;nan
pt_sacrecoeur_trevi_tajmahal,outliers,trevi_fountain_56493755_3454995877.png,nan;nan;nan;nan;nan;nan;nan;nan;nan,nan;nan;nan
pt_sacrecoeur_trevi_tajmahal,outliers,trevi_fountain_74305025_425098856.png,nan;nan;nan;nan;nan;nan;nan;nan;nan,nan;nan;nan
pt_sacrecoeur_trevi_tajmahal,outliers,trevi_fountain_21324671_251787492.png,nan;nan;nan;nan;nan;nan;nan;nan;nan,nan;nan;nan
pt_sacrecoeur_trevi_tajmahal,outliers,trevi_fountain_15038544_3727504813.png,nan;nan;nan;nan;nan;nan;nan;nan;nan,nan;nan;nan
pt_sacrecoeur_trevi_tajmahal,outliers,trevi_fountain_16517106_11484965983.png,nan;nan;nan;nan;nan;nan;nan;nan;nan,nan;nan;nan
pt_sacrecoeur_trevi_tajmahal,outliers,trevi_fountain_98446525_8467892061.png,nan;nan;nan;nan;nan;nan;nan;nan;nan,nan;nan;nan
pt_sacrecoeur_trevi_tajmahal,outliers,trevi_fountain_71421235_8100441323.png,nan;nan;nan;nan;nan;nan;nan;nan;nan,nan;nan;nan
pt_sacrecoeur_trevi_tajmahal,outliers,trevi_fountain_55838538_4636348360.png,nan;nan;nan;nan;nan;nan;nan;nan;nan,nan;nan;nan
pt_sacrecoeur_trevi_tajmahal,outliers,trevi_fountain_33816922_8591444000.png,nan;nan;nan;nan;nan;nan;nan;nan;nan,nan;nan;nan
pt_sacrecoeur_trevi_tajmahal,outliers,trevi_fountain_01241225_4293371290.png,nan;nan;nan;nan;nan;nan;nan;nan;nan,nan;nan;nan
pt_sacrecoeur_trevi_tajmahal,outliers,trevi_fountain_42098841_2972162031.png,nan;nan;nan;nan;nan;nan;nan;nan;nan,nan;nan;nan
pt_sacrecoeur_trevi_tajmahal,outliers,trevi_fountain_94682384_4342842330.png,nan;nan;nan;nan;nan;nan;nan;nan;nan,nan;nan;nan
pt_sacrecoeur_trevi_tajmahal,outliers,trevi_fountain_58732203_2711105477.png,nan;nan;nan;nan;nan;nan;nan;nan;nan,nan;nan;nan
pt_sacrecoeur_trevi_tajmahal,outliers,trevi_fountain_56026722_4376692497.png,nan;nan;nan;nan;nan;nan;nan;nan;nan,nan;nan;nan
pt_sacrecoeur_trevi_tajmahal,outliers,trevi_fountain_27009206_5185352408.png,nan;nan;nan;nan;nan;nan;nan;nan;nan,nan;nan;nan
pt_sacrecoeur_trevi_tajmahal,outliers,trevi_fountain_00358444_4165248133.png,nan;nan;nan;nan;nan;nan;nan;nan;nan,nan;nan;nan
pt_sacrecoeur_trevi_tajmahal,outliers,trevi_fountain_40184297_2989394429.png,nan;nan;nan;nan;nan;nan;nan;nan;nan,nan;nan;nan
pt_sacrecoeur_trevi_tajmahal,outliers,trevi_fountain_18865921_5109712344.png,nan;nan;nan;nan;nan;nan;nan;nan;nan,nan;nan;nan
pt_sacrecoeur_trevi_tajmahal,outliers,trevi_fountain_90669518_8321386929.png,nan;nan;nan;nan;nan;nan;nan;nan;nan,nan;nan;nan
pt_sacrecoeur_trevi_tajmahal,outliers,trevi_fountain_75017867_5746101695.png,nan;nan;nan;nan;nan;nan;nan;nan;nan,nan;nan;nan
pt_sacrecoeur_trevi_tajmahal,outliers,trevi_fountain_78010545_349314185.png,nan;nan;nan;nan;nan;nan;nan;nan;nan,nan;nan;nan
pt_sacrecoeur_trevi_tajmahal,outliers,trevi_fountain_66677085_4725569846.png,nan;nan;nan;nan;nan;nan;nan;nan;nan,nan;nan;nan
pt_sacrecoeur_trevi_tajmahal,outliers,trevi_fountain_34630714_3685665828.png,nan;nan;nan;nan;nan;nan;nan;nan;nan,nan;nan;nan
pt_sacrecoeur_trevi_tajmahal,outliers,trevi_fountain_19939802_5963665770.png,nan;nan;nan;nan;nan;nan;nan;nan;nan,nan;nan;nan
pt_sacrecoeur_trevi_tajmahal,outliers,trevi_fountain_09071644_2938441433.png,nan;nan;nan;nan;nan;nan;nan;nan;nan,nan;nan;nan
pt_sacrecoeur_trevi_tajmahal,outliers,trevi_fountain_29511430_5519433926.png,nan;nan;nan;nan;nan;nan;nan;nan;nan,nan;nan;nan
pt_sacrecoeur_trevi_tajmahal,outliers,trevi_fountain_58525833_5956866479.png,nan;nan;nan;nan;nan;nan;nan;nan;nan,nan;nan;nan
pt_sacrecoeur_trevi_tajmahal,outliers,trevi_fountain_38993702_4733402071.png,nan;nan;nan;nan;nan;nan;nan;nan;nan,nan;nan;nan
pt_sacrecoeur_trevi_tajmahal,outliers,trevi_fountain_96647518_7739315718.png,nan;nan;nan;nan;nan;nan;nan;nan;nan,nan;nan;nan
pt_sacrecoeur_trevi_tajmahal,outliers,trevi_fountain_54470469_2296508341.png,nan;nan;nan;nan;nan;nan;nan;nan;nan,nan;nan;nan
pt_sacrecoeur_trevi_tajmahal,outliers,trevi_fountain_99804374_8024711160.png,nan;nan;nan;nan;nan;nan;nan;nan;nan,nan;nan;nan
pt_sacrecoeur_trevi_tajmahal,outliers,trevi_fountain_30910735_201249046.png,nan;nan;nan;nan;nan;nan;nan;nan;nan,nan;nan;nan
pt_sacrecoeur_trevi_tajmahal,outliers,trevi_fountain_29250228_5522743340.png,nan;nan;nan;nan;nan;nan;nan;nan;nan,nan;nan;nan
pt_sacrecoeur_trevi_tajmahal,outliers,trevi_fountain_69481877_5327669439.png,nan;nan;nan;nan;nan;nan;nan;nan;nan,nan;nan;nan
pt_sacrecoeur_trevi_tajmahal,outliers,trevi_fountain_21017479_3693575843.png,nan;nan;nan;nan;nan;nan;nan;nan;nan,nan;nan;nan
pt_sacrecoeur_trevi_tajmahal,outliers,trevi_fountain_78842056_325218062.png,nan;nan;nan;nan;nan;nan;nan;nan;nan,nan;nan;nan
pt_sacrecoeur_trevi_tajmahal,outliers,trevi_fountain_93831605_13948911711.png,nan;nan;nan;nan;nan;nan;nan;nan;nan,nan;nan;nan
pt_sacrecoeur_trevi_tajmahal,outliers,trevi_fountain_78723734_3158991011.png,nan;nan;nan;nan;nan;nan;nan;nan;nan,nan;nan;nan
pt_sacrecoeur_trevi_tajmahal,outliers,trevi_fountain_95794971_4901889397.png,nan;nan;nan;nan;nan;nan;nan;nan;nan,nan;nan;nan
pt_sacrecoeur_trevi_tajmahal,outliers,trevi_fountain_81409989_5495330211.png,nan;nan;nan;nan;nan;nan;nan;nan;nan,nan;nan;nan
pt_sacrecoeur_trevi_tajmahal,outliers,trevi_fountain_22555231_8007352373.png,nan;nan;nan;nan;nan;nan;nan;nan;nan,nan;nan;nan
pt_sacrecoeur_trevi_tajmahal,outliers,trevi_fountain_90077341_5746101059.png,nan;nan;nan;nan;nan;nan;nan;nan;nan,nan;nan;nan
pt_sacrecoeur_trevi_tajmahal,outliers,trevi_fountain_98071474_3495805188.png,nan;nan;nan;nan;nan;nan;nan;nan;nan,nan;nan;nan
pt_sacrecoeur_trevi_tajmahal,outliers,trevi_fountain_64273020_5411668132.png,nan;nan;nan;nan;nan;nan;nan;nan;nan,nan;nan;nan
pt_sacrecoeur_trevi_tajmahal,outliers,trevi_fountain_89086898_3494993799.png,nan;nan;nan;nan;nan;nan;nan;nan;nan,nan;nan;nan
pt_sacrecoeur_trevi_tajmahal,outliers,trevi_fountain_16771025_6187661240.png,nan;nan;nan;nan;nan;nan;nan;nan;nan,nan;nan;nan
pt_sacrecoeur_trevi_tajmahal,outliers,trevi_fountain_30002765_4759346847.png,nan;nan;nan;nan;nan;nan;nan;nan;nan,nan;nan;nan
pt_sacrecoeur_trevi_tajmahal,outliers,trevi_fountain_91266839_729663994.png,nan;nan;nan;nan;nan;nan;nan;nan;nan,nan;nan;nan
pt_sacrecoeur_trevi_tajmahal,outliers,trevi_fountain_72669213_5987184866.png,nan;nan;nan;nan;nan;nan;nan;nan;nan,nan;nan;nan
pt_sacrecoeur_trevi_tajmahal,outliers,trevi_fountain_79598868_8555774052.png,nan;nan;nan;nan;nan;nan;nan;nan;nan,nan;nan;nan
pt_sacrecoeur_trevi_tajmahal,outliers,trevi_fountain_43321508_5715952972.png,nan;nan;nan;nan;nan;nan;nan;nan;nan,nan;nan;nan
pt_sacrecoeur_trevi_tajmahal,outliers,trevi_fountain_75810419_3515709926.png,nan;nan;nan;nan;nan;nan;nan;nan;nan,nan;nan;nan
pt_sacrecoeur_trevi_tajmahal,outliers,trevi_fountain_50357199_8205859052.png,nan;nan;nan;nan;nan;nan;nan;nan;nan,nan;nan;nan
pt_sacrecoeur_trevi_tajmahal,outliers,trevi_fountain_22494549_5871994022.png,nan;nan;nan;nan;nan;nan;nan;nan;nan,nan;nan;nan
pt_sacrecoeur_trevi_tajmahal,outliers,trevi_fountain_26921609_5411058517.png,nan;nan;nan;nan;nan;nan;nan;nan;nan,nan;nan;nan
pt_sacrecoeur_trevi_tajmahal,outliers,trevi_fountain_66347814_2029982255.png,nan;nan;nan;nan;nan;nan;nan;nan;nan,nan;nan;nan
pt_sacrecoeur_trevi_tajmahal,outliers,trevi_fountain_86451018_5200654015.png,nan;nan;nan;nan;nan;nan;nan;nan;nan,nan;nan;nan
pt_sacrecoeur_trevi_tajmahal,outliers,trevi_fountain_17378230_8657377873.png,nan;nan;nan;nan;nan;nan;nan;nan;nan,nan;nan;nan
pt_sacrecoeur_trevi_tajmahal,outliers,trevi_fountain_84357746_4061156508.png,nan;nan;nan;nan;nan;nan;nan;nan;nan,nan;nan;nan
pt_sacrecoeur_trevi_tajmahal,outliers,trevi_fountain_17804574_3525103748.png,nan;nan;nan;nan;nan;nan;nan;nan;nan,nan;nan;nan
pt_sacrecoeur_trevi_tajmahal,outliers,trevi_fountain_70315674_7178465185.png,nan;nan;nan;nan;nan;nan;nan;nan;nan,nan;nan;nan
pt_sacrecoeur_trevi_tajmahal,outliers,trevi_fountain_52144216_2711106071.png,nan;nan;nan;nan;nan;nan;nan;nan;nan,nan;nan;nan
pt_sacrecoeur_trevi_tajmahal,outliers,sacre_coeur_93423882_13476569344.png,nan;nan;nan;nan;nan;nan;nan;nan;nan,nan;nan;nan
pt_sacrecoeur_trevi_tajmahal,outliers,sacre_coeur_45927449_5904684394.png,nan;nan;nan;nan;nan;nan;nan;nan;nan,nan;nan;nan
pt_sacrecoeur_trevi_tajmahal,outliers,sacre_coeur_90467261_5816977333.png,nan;nan;nan;nan;nan;nan;nan;nan;nan,nan;nan;nan
pt_sacrecoeur_trevi_tajmahal,outliers,sacre_coeur_47029087_8959697396.png,nan;nan;nan;nan;nan;nan;nan;nan;nan,nan;nan;nan
pt_sacrecoeur_trevi_tajmahal,outliers,sacre_coeur_33340964_112626481.png,nan;nan;nan;nan;nan;nan;nan;nan;nan,nan;nan;nan
pt_sacrecoeur_trevi_tajmahal,outliers,sacre_coeur_55695069_9640098822.png,nan;nan;nan;nan;nan;nan;nan;nan;nan,nan;nan;nan
pt_sacrecoeur_trevi_tajmahal,outliers,sacre_coeur_86731151_442052253.png,nan;nan;nan;nan;nan;nan;nan;nan;nan,nan;nan;nan
pt_sacrecoeur_trevi_tajmahal,outliers,sacre_coeur_90517919_4394638107.png,nan;nan;nan;nan;nan;nan;nan;nan;nan,nan;nan;nan
pt_sacrecoeur_trevi_tajmahal,outliers,sacre_coeur_55297752_267282770.png,nan;nan;nan;nan;nan;nan;nan;nan;nan,nan;nan;nan
pt_sacrecoeur_trevi_tajmahal,outliers,sacre_coeur_98546957_2200688611.png,nan;nan;nan;nan;nan;nan;nan;nan;nan,nan;nan;nan
pt_sacrecoeur_trevi_tajmahal,outliers,sacre_coeur_68663909_1356782012.png,nan;nan;nan;nan;nan;nan;nan;nan;nan,nan;nan;nan
pt_sacrecoeur_trevi_tajmahal,outliers,sacre_coeur_80691366_2623658065.png,nan;nan;nan;nan;nan;nan;nan;nan;nan,nan;nan;nan
pt_sacrecoeur_trevi_tajmahal,outliers,sacre_coeur_16537684_4545274148.png,nan;nan;nan;nan;nan;nan;nan;nan;nan,nan;nan;nan
pt_sacrecoeur_trevi_tajmahal,outliers,sacre_coeur_04739785_8198592553.png,nan;nan;nan;nan;nan;nan;nan;nan;nan,nan;nan;nan
pt_sacrecoeur_trevi_tajmahal,outliers,sacre_coeur_55167859_91653543.png,nan;nan;nan;nan;nan;nan;nan;nan;nan,nan;nan;nan
pt_sacrecoeur_trevi_tajmahal,outliers,sacre_coeur_70116109_2697195876.png,nan;nan;nan;nan;nan;nan;nan;nan;nan,nan;nan;nan
pt_sacrecoeur_trevi_tajmahal,outliers,sacre_coeur_39702035_1808089104.png,nan;nan;nan;nan;nan;nan;nan;nan;nan,nan;nan;nan
pt_sacrecoeur_trevi_tajmahal,outliers,sacre_coeur_46031506_3822251715.png,nan;nan;nan;nan;nan;nan;nan;nan;nan,nan;nan;nan
pt_sacrecoeur_trevi_tajmahal,outliers,sacre_coeur_68688218_4738908453.png,nan;nan;nan;nan;nan;nan;nan;nan;nan,nan;nan;nan
pt_sacrecoeur_trevi_tajmahal,outliers,sacre_coeur_82410562_10997050704.png,nan;nan;nan;nan;nan;nan;nan;nan;nan,nan;nan;nan
pt_sacrecoeur_trevi_tajmahal,outliers,sacre_coeur_41224690_4580747259.png,nan;nan;nan;nan;nan;nan;nan;nan;nan,nan;nan;nan
pt_sacrecoeur_trevi_tajmahal,outliers,sacre_coeur_34264811_99184810.png,nan;nan;nan;nan;nan;nan;nan;nan;nan,nan;nan;nan
pt_sacrecoeur_trevi_tajmahal,outliers,sacre_coeur_47042061_9637017399.png,nan;nan;nan;nan;nan;nan;nan;nan;nan,nan;nan;nan
pt_sacrecoeur_trevi_tajmahal,outliers,sacre_coeur_73084286_312927075.png,nan;nan;nan;nan;nan;nan;nan;nan;nan,nan;nan;nan
pt_sacrecoeur_trevi_tajmahal,outliers,sacre_coeur_10474405_6093717701.png,nan;nan;nan;nan;nan;nan;nan;nan;nan,nan;nan;nan
pt_sacrecoeur_trevi_tajmahal,outliers,sacre_coeur_11626754_2718827730.png,nan;nan;nan;nan;nan;nan;nan;nan;nan,nan;nan;nan
pt_sacrecoeur_trevi_tajmahal,outliers,sacre_coeur_42287322_536307676.png,nan;nan;nan;nan;nan;nan;nan;nan;nan,nan;nan;nan
pt_sacrecoeur_trevi_tajmahal,outliers,sacre_coeur_70118605_5991576631.png,nan;nan;nan;nan;nan;nan;nan;nan;nan,nan;nan;nan
pt_sacrecoeur_trevi_tajmahal,outliers,sacre_coeur_35905283_32603557.png,nan;nan;nan;nan;nan;nan;nan;nan;nan,nan;nan;nan
pt_sacrecoeur_trevi_tajmahal,outliers,sacre_coeur_70724808_2779990339.png,nan;nan;nan;nan;nan;nan;nan;nan;nan,nan;nan;nan
pt_sacrecoeur_trevi_tajmahal,outliers,sacre_coeur_02928139_3448003521.png,nan;nan;nan;nan;nan;nan;nan;nan;nan,nan;nan;nan
pt_sacrecoeur_trevi_tajmahal,outliers,sacre_coeur_28088482_1061487806.png,nan;nan;nan;nan;nan;nan;nan;nan;nan,nan;nan;nan
pt_sacrecoeur_trevi_tajmahal,outliers,sacre_coeur_70970334_5790897082.png,nan;nan;nan;nan;nan;nan;nan;nan;nan,nan;nan;nan
pt_sacrecoeur_trevi_tajmahal,outliers,sacre_coeur_91671915_1791174514.png,nan;nan;nan;nan;nan;nan;nan;nan;nan,nan;nan;nan
pt_sacrecoeur_trevi_tajmahal,outliers,sacre_coeur_75030977_10341125684.png,nan;nan;nan;nan;nan;nan;nan;nan;nan,nan;nan;nan
pt_sacrecoeur_trevi_tajmahal,outliers,sacre_coeur_39852107_3868092306.png,nan;nan;nan;nan;nan;nan;nan;nan;nan,nan;nan;nan
pt_sacrecoeur_trevi_tajmahal,outliers,sacre_coeur_32069695_13023252634.png,nan;nan;nan;nan;nan;nan;nan;nan;nan,nan;nan;nan
pt_sacrecoeur_trevi_tajmahal,outliers,sacre_coeur_30642459_5864476232.png,nan;nan;nan;nan;nan;nan;nan;nan;nan,nan;nan;nan
pt_sacrecoeur_trevi_tajmahal,outliers,sacre_coeur_69399539_4178098151.png,nan;nan;nan;nan;nan;nan;nan;nan;nan,nan;nan;nan
pt_sacrecoeur_trevi_tajmahal,outliers,sacre_coeur_91139284_7856526282.png,nan;nan;nan;nan;nan;nan;nan;nan;nan,nan;nan;nan
pt_sacrecoeur_trevi_tajmahal,outliers,sacre_coeur_55640818_3363877988.png,nan;nan;nan;nan;nan;nan;nan;nan;nan,nan;nan;nan
pt_sacrecoeur_trevi_tajmahal,outliers,sacre_coeur_95021816_8071366303.png,nan;nan;nan;nan;nan;nan;nan;nan;nan,nan;nan;nan
pt_sacrecoeur_trevi_tajmahal,outliers,sacre_coeur_23327088_8208333914.png,nan;nan;nan;nan;nan;nan;nan;nan;nan,nan;nan;nan
pt_sacrecoeur_trevi_tajmahal,outliers,sacre_coeur_16971221_7856309770.png,nan;nan;nan;nan;nan;nan;nan;nan;nan,nan;nan;nan
pt_sacrecoeur_trevi_tajmahal,outliers,sacre_coeur_04822190_12621366523.png,nan;nan;nan;nan;nan;nan;nan;nan;nan,nan;nan;nan
pt_sacrecoeur_trevi_tajmahal,outliers,sacre_coeur_38755762_4239668423.png,nan;nan;nan;nan;nan;nan;nan;nan;nan,nan;nan;nan
pt_sacrecoeur_trevi_tajmahal,outliers,sacre_coeur_79500596_4830716729.png,nan;nan;nan;nan;nan;nan;nan;nan;nan,nan;nan;nan
pt_sacrecoeur_trevi_tajmahal,outliers,sacre_coeur_16776129_4239663609.png,nan;nan;nan;nan;nan;nan;nan;nan;nan,nan;nan;nan
pt_sacrecoeur_trevi_tajmahal,outliers,sacre_coeur_77299481_4479618965.png,nan;nan;nan;nan;nan;nan;nan;nan;nan,nan;nan;nan
pt_sacrecoeur_trevi_tajmahal,outliers,sacre_coeur_61531052_7402696624.png,nan;nan;nan;nan;nan;nan;nan;nan;nan,nan;nan;nan
pt_sacrecoeur_trevi_tajmahal,outliers,sacre_coeur_81935357_9658163122.png,nan;nan;nan;nan;nan;nan;nan;nan;nan,nan;nan;nan
pt_sacrecoeur_trevi_tajmahal,outliers,sacre_coeur_39172134_3155998144.png,nan;nan;nan;nan;nan;nan;nan;nan;nan,nan;nan;nan
pt_sacrecoeur_trevi_tajmahal,outliers,sacre_coeur_32086795_402359870.png,nan;nan;nan;nan;nan;nan;nan;nan;nan,nan;nan;nan
pt_sacrecoeur_trevi_tajmahal,outliers,sacre_coeur_76611857_9600863579.png,nan;nan;nan;nan;nan;nan;nan;nan;nan,nan;nan;nan
pt_sacrecoeur_trevi_tajmahal,outliers,sacre_coeur_48325951_2932818065.png,nan;nan;nan;nan;nan;nan;nan;nan;nan,nan;nan;nan
pt_sacrecoeur_trevi_tajmahal,outliers,sacre_coeur_75716321_3698743515.png,nan;nan;nan;nan;nan;nan;nan;nan;nan,nan;nan;nan
pt_sacrecoeur_trevi_tajmahal,outliers,sacre_coeur_93638576_44195081.png,nan;nan;nan;nan;nan;nan;nan;nan;nan,nan;nan;nan
pt_sacrecoeur_trevi_tajmahal,outliers,sacre_coeur_52914810_3288295639.png,nan;nan;nan;nan;nan;nan;nan;nan;nan,nan;nan;nan
pt_sacrecoeur_trevi_tajmahal,outliers,sacre_coeur_24292909_11972893303.png,nan;nan;nan;nan;nan;nan;nan;nan;nan,nan;nan;nan
pt_sacrecoeur_trevi_tajmahal,outliers,sacre_coeur_71955478_140210696.png,nan;nan;nan;nan;nan;nan;nan;nan;nan,nan;nan;nan
pt_sacrecoeur_trevi_tajmahal,outliers,sacre_coeur_18725380_2402129328.png,nan;nan;nan;nan;nan;nan;nan;nan;nan,nan;nan;nan
pt_sacrecoeur_trevi_tajmahal,outliers,sacre_coeur_66573940_9624143830.png,nan;nan;nan;nan;nan;nan;nan;nan;nan,nan;nan;nan
pt_sacrecoeur_trevi_tajmahal,outliers,sacre_coeur_32188921_4453876221.png,nan;nan;nan;nan;nan;nan;nan;nan;nan,nan;nan;nan
pt_sacrecoeur_trevi_tajmahal,outliers,sacre_coeur_85164542_170630708.png,nan;nan;nan;nan;nan;nan;nan;nan;nan,nan;nan;nan
pt_sacrecoeur_trevi_tajmahal,outliers,sacre_coeur_67466492_5056065534.png,nan;nan;nan;nan;nan;nan;nan;nan;nan,nan;nan;nan
pt_sacrecoeur_trevi_tajmahal,outliers,sacre_coeur_37175111_6635304477.png,nan;nan;nan;nan;nan;nan;nan;nan;nan,nan;nan;nan
pt_sacrecoeur_trevi_tajmahal,outliers,sacre_coeur_16385535_4660789205.png,nan;nan;nan;nan;nan;nan;nan;nan;nan,nan;nan;nan
pt_sacrecoeur_trevi_tajmahal,outliers,sacre_coeur_47788810_3531619701.png,nan;nan;nan;nan;nan;nan;nan;nan;nan,nan;nan;nan
pt_sacrecoeur_trevi_tajmahal,outliers,sacre_coeur_49896012_2400282601.png,nan;nan;nan;nan;nan;nan;nan;nan;nan,nan;nan;nan
pt_sacrecoeur_trevi_tajmahal,outliers,sacre_coeur_34904068_5083153.png,nan;nan;nan;nan;nan;nan;nan;nan;nan,nan;nan;nan
pt_sacrecoeur_trevi_tajmahal,outliers,sacre_coeur_95734826_713795234.png,nan;nan;nan;nan;nan;nan;nan;nan;nan,nan;nan;nan
pt_sacrecoeur_trevi_tajmahal,outliers,sacre_coeur_88008039_6208734830.png,nan;nan;nan;nan;nan;nan;nan;nan;nan,nan;nan;nan
pt_sacrecoeur_trevi_tajmahal,outliers,sacre_coeur_87446292_3971192822.png,nan;nan;nan;nan;nan;nan;nan;nan;nan,nan;nan;nan
pt_sacrecoeur_trevi_tajmahal,outliers,sacre_coeur_81282261_3885204620.png,nan;nan;nan;nan;nan;nan;nan;nan;nan,nan;nan;nan
pt_sacrecoeur_trevi_tajmahal,outliers,sacre_coeur_46459330_5716002401.png,nan;nan;nan;nan;nan;nan;nan;nan;nan,nan;nan;nan
pt_sacrecoeur_trevi_tajmahal,outliers,taj_mahal_68263048_3884219324.png,nan;nan;nan;nan;nan;nan;nan;nan;nan,nan;nan;nan
pt_sacrecoeur_trevi_tajmahal,outliers,taj_mahal_21749909_452666809.png,nan;nan;nan;nan;nan;nan;nan;nan;nan,nan;nan;nan
pt_sacrecoeur_trevi_tajmahal,outliers,taj_mahal_16773607_5525472114.png,nan;nan;nan;nan;nan;nan;nan;nan;nan,nan;nan;nan
pt_sacrecoeur_trevi_tajmahal,outliers,taj_mahal_73346411_11842150495.png,nan;nan;nan;nan;nan;nan;nan;nan;nan,nan;nan;nan
pt_sacrecoeur_trevi_tajmahal,outliers,taj_mahal_07295255_5949580464.png,nan;nan;nan;nan;nan;nan;nan;nan;nan,nan;nan;nan
pt_sacrecoeur_trevi_tajmahal,outliers,taj_mahal_33243562_4772593759.png,nan;nan;nan;nan;nan;nan;nan;nan;nan,nan;nan;nan
pt_sacrecoeur_trevi_tajmahal,outliers,taj_mahal_35310867_4710497352.png,nan;nan;nan;nan;nan;nan;nan;nan;nan,nan;nan;nan
pt_sacrecoeur_trevi_tajmahal,outliers,taj_mahal_88681740_6486186923.png,nan;nan;nan;nan;nan;nan;nan;nan;nan,nan;nan;nan
pt_sacrecoeur_trevi_tajmahal,outliers,taj_mahal_75694348_4552162843.png,nan;nan;nan;nan;nan;nan;nan;nan;nan,nan;nan;nan
pt_sacrecoeur_trevi_tajmahal,outliers,taj_mahal_87027560_6486839789.png,nan;nan;nan;nan;nan;nan;nan;nan;nan,nan;nan;nan
pt_sacrecoeur_trevi_tajmahal,outliers,taj_mahal_84623051_5972175223.png,nan;nan;nan;nan;nan;nan;nan;nan;nan,nan;nan;nan
pt_sacrecoeur_trevi_tajmahal,outliers,taj_mahal_82182023_330370375.png,nan;nan;nan;nan;nan;nan;nan;nan;nan,nan;nan;nan
pt_sacrecoeur_trevi_tajmahal,outliers,taj_mahal_23360557_2453971988.png,nan;nan;nan;nan;nan;nan;nan;nan;nan,nan;nan;nan
pt_sacrecoeur_trevi_tajmahal,outliers,taj_mahal_52650931_8268706459.png,nan;nan;nan;nan;nan;nan;nan;nan;nan,nan;nan;nan
pt_sacrecoeur_trevi_tajmahal,outliers,taj_mahal_97524709_11495119913.png,nan;nan;nan;nan;nan;nan;nan;nan;nan,nan;nan;nan
pt_sacrecoeur_trevi_tajmahal,outliers,taj_mahal_99106990_5972735988.png,nan;nan;nan;nan;nan;nan;nan;nan;nan,nan;nan;nan
pt_sacrecoeur_trevi_tajmahal,outliers,taj_mahal_82967489_11494979004.png,nan;nan;nan;nan;nan;nan;nan;nan;nan,nan;nan;nan
pt_sacrecoeur_trevi_tajmahal,outliers,taj_mahal_40301482_6349100470.png,nan;nan;nan;nan;nan;nan;nan;nan;nan,nan;nan;nan
pt_sacrecoeur_trevi_tajmahal,outliers,taj_mahal_09748237_4479958542.png,nan;nan;nan;nan;nan;nan;nan;nan;nan,nan;nan;nan
pt_sacrecoeur_trevi_tajmahal,outliers,taj_mahal_05099279_2123782505.png,nan;nan;nan;nan;nan;nan;nan;nan;nan,nan;nan;nan
pt_sacrecoeur_trevi_tajmahal,outliers,taj_mahal_40047213_6060347747.png,nan;nan;nan;nan;nan;nan;nan;nan;nan,nan;nan;nan
pt_sacrecoeur_trevi_tajmahal,outliers,taj_mahal_35012799_233724898.png,nan;nan;nan;nan;nan;nan;nan;nan;nan,nan;nan;nan
pt_sacrecoeur_trevi_tajmahal,outliers,taj_mahal_15626988_320395276.png,nan;nan;nan;nan;nan;nan;nan;nan;nan,nan;nan;nan
pt_sacrecoeur_trevi_tajmahal,outliers,taj_mahal_47981545_2123782613.png,nan;nan;nan;nan;nan;nan;nan;nan;nan,nan;nan;nan
pt_sacrecoeur_trevi_tajmahal,outliers,taj_mahal_40357326_9141483717.png,nan;nan;nan;nan;nan;nan;nan;nan;nan,nan;nan;nan
pt_sacrecoeur_trevi_tajmahal,outliers,taj_mahal_33878661_5337234382.png,nan;nan;nan;nan;nan;nan;nan;nan;nan,nan;nan;nan
pt_sacrecoeur_trevi_tajmahal,outliers,taj_mahal_96431892_320398075.png,nan;nan;nan;nan;nan;nan;nan;nan;nan,nan;nan;nan
pt_sacrecoeur_trevi_tajmahal,outliers,taj_mahal_66281696_4846036976.png,nan;nan;nan;nan;nan;nan;nan;nan;nan,nan;nan;nan
pt_sacrecoeur_trevi_tajmahal,outliers,taj_mahal_97855310_320398500.png,nan;nan;nan;nan;nan;nan;nan;nan;nan,nan;nan;nan
pt_sacrecoeur_trevi_tajmahal,outliers,taj_mahal_84741117_2234024581.png,nan;nan;nan;nan;nan;nan;nan;nan;nan,nan;nan;nan
pt_sacrecoeur_trevi_tajmahal,outliers,taj_mahal_86821641_6619697153.png,nan;nan;nan;nan;nan;nan;nan;nan;nan,nan;nan;nan
pt_sacrecoeur_trevi_tajmahal,outliers,taj_mahal_46483850_3092227510.png,nan;nan;nan;nan;nan;nan;nan;nan;nan,nan;nan;nan
pt_sacrecoeur_trevi_tajmahal,outliers,taj_mahal_34892661_4479236831.png,nan;nan;nan;nan;nan;nan;nan;nan;nan,nan;nan;nan
pt_sacrecoeur_trevi_tajmahal,outliers,taj_mahal_33561486_8345882977.png,nan;nan;nan;nan;nan;nan;nan;nan;nan,nan;nan;nan
pt_sacrecoeur_trevi_tajmahal,outliers,taj_mahal_72418664_4552163871.png,nan;nan;nan;nan;nan;nan;nan;nan;nan,nan;nan;nan
pt_sacrecoeur_trevi_tajmahal,outliers,taj_mahal_35871047_6486466789.png,nan;nan;nan;nan;nan;nan;nan;nan;nan,nan;nan;nan
pt_sacrecoeur_trevi_tajmahal,outliers,taj_mahal_05644193_4809375226.png,nan;nan;nan;nan;nan;nan;nan;nan;nan,nan;nan;nan
pt_sacrecoeur_trevi_tajmahal,outliers,taj_mahal_80209116_3299258442.png,nan;nan;nan;nan;nan;nan;nan;nan;nan,nan;nan;nan
pt_sacrecoeur_trevi_tajmahal,outliers,taj_mahal_48590156_9372591744.png,nan;nan;nan;nan;nan;nan;nan;nan;nan,nan;nan;nan
pt_sacrecoeur_trevi_tajmahal,outliers,taj_mahal_41314954_4418442825.png,nan;nan;nan;nan;nan;nan;nan;nan;nan,nan;nan;nan
pt_sacrecoeur_trevi_tajmahal,outliers,taj_mahal_53757432_11494604856.png,nan;nan;nan;nan;nan;nan;nan;nan;nan,nan;nan;nan
pt_sacrecoeur_trevi_tajmahal,outliers,taj_mahal_86871041_2123874981.png,nan;nan;nan;nan;nan;nan;nan;nan;nan,nan;nan;nan
pt_sacrecoeur_trevi_tajmahal,outliers,taj_mahal_80696644_2234023339.png,nan;nan;nan;nan;nan;nan;nan;nan;nan,nan;nan;nan
pt_sacrecoeur_trevi_tajmahal,outliers,taj_mahal_79695821_354966524.png,nan;nan;nan;nan;nan;nan;nan;nan;nan,nan;nan;nan
pt_sacrecoeur_trevi_tajmahal,outliers,taj_mahal_70456501_320396748.png,nan;nan;nan;nan;nan;nan;nan;nan;nan,nan;nan;nan
pt_sacrecoeur_trevi_tajmahal,outliers,taj_mahal_28658320_3250275528.png,nan;nan;nan;nan;nan;nan;nan;nan;nan,nan;nan;nan
pt_sacrecoeur_trevi_tajmahal,outliers,taj_mahal_67319805_2215339300.png,nan;nan;nan;nan;nan;nan;nan;nan;nan,nan;nan;nan
pt_sacrecoeur_trevi_tajmahal,outliers,taj_mahal_68284397_7307804012.png,nan;nan;nan;nan;nan;nan;nan;nan;nan,nan;nan;nan
pt_sacrecoeur_trevi_tajmahal,outliers,taj_mahal_72721370_6780643247.png,nan;nan;nan;nan;nan;nan;nan;nan;nan,nan;nan;nan
pt_sacrecoeur_trevi_tajmahal,outliers,taj_mahal_89175833_3348677963.png,nan;nan;nan;nan;nan;nan;nan;nan;nan,nan;nan;nan
pt_sacrecoeur_trevi_tajmahal,outliers,taj_mahal_17911381_11822031993.png,nan;nan;nan;nan;nan;nan;nan;nan;nan,nan;nan;nan
pt_sacrecoeur_trevi_tajmahal,outliers,taj_mahal_99395911_415466662.png,nan;nan;nan;nan;nan;nan;nan;nan;nan,nan;nan;nan
pt_sacrecoeur_trevi_tajmahal,outliers,taj_mahal_70518655_6429111743.png,nan;nan;nan;nan;nan;nan;nan;nan;nan,nan;nan;nan
pt_sacrecoeur_trevi_tajmahal,outliers,taj_mahal_99238567_2155545598.png,nan;nan;nan;nan;nan;nan;nan;nan;nan,nan;nan;nan
pt_sacrecoeur_trevi_tajmahal,outliers,taj_mahal_40461214_8192836476.png,nan;nan;nan;nan;nan;nan;nan;nan;nan,nan;nan;nan
pt_sacrecoeur_trevi_tajmahal,outliers,taj_mahal_78595827_6619694947.png,nan;nan;nan;nan;nan;nan;nan;nan;nan,nan;nan;nan
pt_sacrecoeur_trevi_tajmahal,outliers,taj_mahal_02760416_4808737899.png,nan;nan;nan;nan;nan;nan;nan;nan;nan,nan;nan;nan
pt_sacrecoeur_trevi_tajmahal,outliers,taj_mahal_36670333_3773568633.png,nan;nan;nan;nan;nan;nan;nan;nan;nan,nan;nan;nan
pt_sacrecoeur_trevi_tajmahal,outliers,taj_mahal_87115605_383650319.png,nan;nan;nan;nan;nan;nan;nan;nan;nan,nan;nan;nan
pt_sacrecoeur_trevi_tajmahal,outliers,taj_mahal_57532696_297637106.png,nan;nan;nan;nan;nan;nan;nan;nan;nan,nan;nan;nan
pt_sacrecoeur_trevi_tajmahal,outliers,taj_mahal_46195638_3569985892.png,nan;nan;nan;nan;nan;nan;nan;nan;nan,nan;nan;nan
pt_sacrecoeur_trevi_tajmahal,outliers,taj_mahal_03779515_11822031593.png,nan;nan;nan;nan;nan;nan;nan;nan;nan,nan;nan;nan
pt_sacrecoeur_trevi_tajmahal,outliers,taj_mahal_95761991_3716491774.png,nan;nan;nan;nan;nan;nan;nan;nan;nan,nan;nan;nan
pt_sacrecoeur_trevi_tajmahal,outliers,taj_mahal_81509461_2124556500.png,nan;nan;nan;nan;nan;nan;nan;nan;nan,nan;nan;nan
pt_sacrecoeur_trevi_tajmahal,outliers,taj_mahal_07292828_6865863886.png,nan;nan;nan;nan;nan;nan;nan;nan;nan,nan;nan;nan
pt_sacrecoeur_trevi_tajmahal,outliers,taj_mahal_25038173_427948647.png,nan;nan;nan;nan;nan;nan;nan;nan;nan,nan;nan;nan
pt_sacrecoeur_trevi_tajmahal,outliers,taj_mahal_75960124_233048597.png,nan;nan;nan;nan;nan;nan;nan;nan;nan,nan;nan;nan
pt_sacrecoeur_trevi_tajmahal,outliers,taj_mahal_45203396_7995388605.png,nan;nan;nan;nan;nan;nan;nan;nan;nan,nan;nan;nan
pt_sacrecoeur_trevi_tajmahal,outliers,taj_mahal_96947007_371077369.png,nan;nan;nan;nan;nan;nan;nan;nan;nan,nan;nan;nan
pt_sacrecoeur_trevi_tajmahal,outliers,taj_mahal_51297211_3293524007.png,nan;nan;nan;nan;nan;nan;nan;nan;nan,nan;nan;nan
pt_sacrecoeur_trevi_tajmahal,outliers,taj_mahal_88652653_6486332399.png,nan;nan;nan;nan;nan;nan;nan;nan;nan,nan;nan;nan
pt_sacrecoeur_trevi_tajmahal,outliers,taj_mahal_92344991_5630498660.png,nan;nan;nan;nan;nan;nan;nan;nan;nan,nan;nan;nan
pt_sacrecoeur_trevi_tajmahal,outliers,taj_mahal_85291466_3299259390.png,nan;nan;nan;nan;nan;nan;nan;nan;nan,nan;nan;nan
pt_sacrecoeur_trevi_tajmahal,outliers,taj_mahal_73045053_2123874963.png,nan;nan;nan;nan;nan;nan;nan;nan;nan,nan;nan;nan
pt_sacrecoeur_trevi_tajmahal,outliers,taj_mahal_54900410_4709458745.png,nan;nan;nan;nan;nan;nan;nan;nan;nan,nan;nan;nan
pt_stpeters_stpauls,outliers,st_pauls_cathedral_61499819_8185541808.png,nan;nan;nan;nan;nan;nan;nan;nan;nan,nan;nan;nan
pt_stpeters_stpauls,outliers,st_pauls_cathedral_08811062_7652433566.png,nan;nan;nan;nan;nan;nan;nan;nan;nan,nan;nan;nan
pt_stpeters_stpauls,outliers,st_pauls_cathedral_29137875_1898785145.png,nan;nan;nan;nan;nan;nan;nan;nan;nan,nan;nan;nan
pt_stpeters_stpauls,outliers,st_pauls_cathedral_80420443_8644508595.png,nan;nan;nan;nan;nan;nan;nan;nan;nan,nan;nan;nan
pt_stpeters_stpauls,outliers,st_pauls_cathedral_28850329_4038914991.png,nan;nan;nan;nan;nan;nan;nan;nan;nan,nan;nan;nan
pt_stpeters_stpauls,outliers,st_pauls_cathedral_77160340_9329931708.png,nan;nan;nan;nan;nan;nan;nan;nan;nan,nan;nan;nan
pt_stpeters_stpauls,outliers,st_pauls_cathedral_34381859_7319928252.png,nan;nan;nan;nan;nan;nan;nan;nan;nan,nan;nan;nan
pt_stpeters_stpauls,outliers,st_pauls_cathedral_23624636_5162872877.png,nan;nan;nan;nan;nan;nan;nan;nan;nan,nan;nan;nan
pt_stpeters_stpauls,outliers,st_pauls_cathedral_16894231_3531570752.png,nan;nan;nan;nan;nan;nan;nan;nan;nan,nan;nan;nan
pt_stpeters_stpauls,outliers,st_pauls_cathedral_59351891_5209994388.png,nan;nan;nan;nan;nan;nan;nan;nan;nan,nan;nan;nan
pt_stpeters_stpauls,outliers,st_pauls_cathedral_74628702_527678504.png,nan;nan;nan;nan;nan;nan;nan;nan;nan,nan;nan;nan
pt_stpeters_stpauls,outliers,st_pauls_cathedral_05641764_12250203953.png,nan;nan;nan;nan;nan;nan;nan;nan;nan,nan;nan;nan
pt_stpeters_stpauls,outliers,st_pauls_cathedral_02796054_3846089993.png,nan;nan;nan;nan;nan;nan;nan;nan;nan,nan;nan;nan
pt_stpeters_stpauls,outliers,st_pauls_cathedral_61565132_8158727335.png,nan;nan;nan;nan;nan;nan;nan;nan;nan,nan;nan;nan
pt_stpeters_stpauls,outliers,st_pauls_cathedral_62295984_6069707235.png,nan;nan;nan;nan;nan;nan;nan;nan;nan,nan;nan;nan
pt_stpeters_stpauls,outliers,st_pauls_cathedral_16273036_6590036823.png,nan;nan;nan;nan;nan;nan;nan;nan;nan,nan;nan;nan
pt_stpeters_stpauls,outliers,st_pauls_cathedral_18206585_1326228024.png,nan;nan;nan;nan;nan;nan;nan;nan;nan,nan;nan;nan
pt_stpeters_stpauls,outliers,st_pauls_cathedral_04223687_109190093.png,nan;nan;nan;nan;nan;nan;nan;nan;nan,nan;nan;nan
pt_stpeters_stpauls,outliers,st_pauls_cathedral_87389732_138449670.png,nan;nan;nan;nan;nan;nan;nan;nan;nan,nan;nan;nan
pt_stpeters_stpauls,outliers,st_pauls_cathedral_75319895_8696585631.png,nan;nan;nan;nan;nan;nan;nan;nan;nan,nan;nan;nan
pt_stpeters_stpauls,outliers,st_pauls_cathedral_22051479_11389229645.png,nan;nan;nan;nan;nan;nan;nan;nan;nan,nan;nan;nan
pt_stpeters_stpauls,outliers,st_pauls_cathedral_37031536_5918950469.png,nan;nan;nan;nan;nan;nan;nan;nan;nan,nan;nan;nan
pt_stpeters_stpauls,outliers,st_pauls_cathedral_61928556_183808445.png,nan;nan;nan;nan;nan;nan;nan;nan;nan,nan;nan;nan
pt_stpeters_stpauls,outliers,st_pauls_cathedral_72125766_3947493463.png,nan;nan;nan;nan;nan;nan;nan;nan;nan,nan;nan;nan
pt_stpeters_stpauls,outliers,st_pauls_cathedral_79100344_12250598976.png,nan;nan;nan;nan;nan;nan;nan;nan;nan,nan;nan;nan
pt_stpeters_stpauls,outliers,st_pauls_cathedral_88075832_10885187075.png,nan;nan;nan;nan;nan;nan;nan;nan;nan,nan;nan;nan
pt_stpeters_stpauls,outliers,st_pauls_cathedral_47854767_3623008711.png,nan;nan;nan;nan;nan;nan;nan;nan;nan,nan;nan;nan
pt_stpeters_stpauls,outliers,st_pauls_cathedral_07127770_6944612870.png,nan;nan;nan;nan;nan;nan;nan;nan;nan,nan;nan;nan
pt_stpeters_stpauls,outliers,st_pauls_cathedral_60046937_167213677.png,nan;nan;nan;nan;nan;nan;nan;nan;nan,nan;nan;nan
pt_stpeters_stpauls,outliers,st_pauls_cathedral_66235659_2635311972.png,nan;nan;nan;nan;nan;nan;nan;nan;nan,nan;nan;nan
pt_stpeters_stpauls,outliers,st_pauls_cathedral_63162714_8395296503.png,nan;nan;nan;nan;nan;nan;nan;nan;nan,nan;nan;nan
pt_stpeters_stpauls,outliers,st_pauls_cathedral_60576713_6612091735.png,nan;nan;nan;nan;nan;nan;nan;nan;nan,nan;nan;nan
pt_stpeters_stpauls,outliers,st_pauls_cathedral_77730672_2187628006.png,nan;nan;nan;nan;nan;nan;nan;nan;nan,nan;nan;nan
pt_stpeters_stpauls,outliers,st_pauls_cathedral_16950686_8459946808.png,nan;nan;nan;nan;nan;nan;nan;nan;nan,nan;nan;nan
pt_stpeters_stpauls,outliers,st_pauls_cathedral_02139247_2294669227.png,nan;nan;nan;nan;nan;nan;nan;nan;nan,nan;nan;nan
pt_stpeters_stpauls,outliers,st_pauls_cathedral_92567399_6203586908.png,nan;nan;nan;nan;nan;nan;nan;nan;nan,nan;nan;nan
pt_stpeters_stpauls,outliers,st_pauls_cathedral_22597499_4761259569.png,nan;nan;nan;nan;nan;nan;nan;nan;nan,nan;nan;nan
pt_stpeters_stpauls,outliers,st_pauls_cathedral_01024897_4276850874.png,nan;nan;nan;nan;nan;nan;nan;nan;nan,nan;nan;nan
pt_stpeters_stpauls,outliers,st_pauls_cathedral_92611863_4804339601.png,nan;nan;nan;nan;nan;nan;nan;nan;nan,nan;nan;nan
pt_stpeters_stpauls,outliers,st_pauls_cathedral_37863559_4180603861.png,nan;nan;nan;nan;nan;nan;nan;nan;nan,nan;nan;nan
pt_stpeters_stpauls,outliers,st_pauls_cathedral_08212369_4763831145.png,nan;nan;nan;nan;nan;nan;nan;nan;nan,nan;nan;nan
pt_stpeters_stpauls,outliers,st_pauls_cathedral_01405760_428260779.png,nan;nan;nan;nan;nan;nan;nan;nan;nan,nan;nan;nan
pt_stpeters_stpauls,outliers,st_pauls_cathedral_00593112_5162872967.png,nan;nan;nan;nan;nan;nan;nan;nan;nan,nan;nan;nan
pt_stpeters_stpauls,outliers,st_pauls_cathedral_72419011_510114579.png,nan;nan;nan;nan;nan;nan;nan;nan;nan,nan;nan;nan
pt_stpeters_stpauls,outliers,st_pauls_cathedral_95298370_81064887.png,nan;nan;nan;nan;nan;nan;nan;nan;nan,nan;nan;nan
pt_stpeters_stpauls,outliers,st_pauls_cathedral_78172907_4888149381.png,nan;nan;nan;nan;nan;nan;nan;nan;nan,nan;nan;nan
pt_stpeters_stpauls,outliers,st_pauls_cathedral_88095326_6571972013.png,nan;nan;nan;nan;nan;nan;nan;nan;nan,nan;nan;nan
pt_stpeters_stpauls,outliers,st_pauls_cathedral_36924691_6406659277.png,nan;nan;nan;nan;nan;nan;nan;nan;nan,nan;nan;nan
pt_stpeters_stpauls,outliers,st_pauls_cathedral_89944336_8704609569.png,nan;nan;nan;nan;nan;nan;nan;nan;nan,nan;nan;nan
pt_stpeters_stpauls,outliers,st_pauls_cathedral_62863183_527769429.png,nan;nan;nan;nan;nan;nan;nan;nan;nan,nan;nan;nan
pt_stpeters_stpauls,outliers,st_pauls_cathedral_07173502_9664669062.png,nan;nan;nan;nan;nan;nan;nan;nan;nan,nan;nan;nan
pt_stpeters_stpauls,outliers,st_pauls_cathedral_93701474_6332090181.png,nan;nan;nan;nan;nan;nan;nan;nan;nan,nan;nan;nan
pt_stpeters_stpauls,outliers,st_pauls_cathedral_89029188_167214313.png,nan;nan;nan;nan;nan;nan;nan;nan;nan,nan;nan;nan
pt_stpeters_stpauls,outliers,st_pauls_cathedral_76072058_330233851.png,nan;nan;nan;nan;nan;nan;nan;nan;nan,nan;nan;nan
pt_stpeters_stpauls,outliers,st_pauls_cathedral_50777283_4936535855.png,nan;nan;nan;nan;nan;nan;nan;nan;nan,nan;nan;nan
pt_stpeters_stpauls,outliers,st_pauls_cathedral_89408252_1252638430.png,nan;nan;nan;nan;nan;nan;nan;nan;nan,nan;nan;nan
pt_stpeters_stpauls,outliers,st_pauls_cathedral_01207461_5308976270.png,nan;nan;nan;nan;nan;nan;nan;nan;nan,nan;nan;nan
pt_stpeters_stpauls,outliers,st_pauls_cathedral_95155835_6249315212.png,nan;nan;nan;nan;nan;nan;nan;nan;nan,nan;nan;nan
pt_stpeters_stpauls,outliers,st_pauls_cathedral_49523263_2763776233.png,nan;nan;nan;nan;nan;nan;nan;nan;nan,nan;nan;nan
pt_stpeters_stpauls,outliers,st_pauls_cathedral_04913236_119772663.png,nan;nan;nan;nan;nan;nan;nan;nan;nan,nan;nan;nan
pt_stpeters_stpauls,outliers,st_pauls_cathedral_06850079_5924336712.png,nan;nan;nan;nan;nan;nan;nan;nan;nan,nan;nan;nan
pt_stpeters_stpauls,outliers,st_pauls_cathedral_15866879_138904614.png,nan;nan;nan;nan;nan;nan;nan;nan;nan,nan;nan;nan
pt_stpeters_stpauls,outliers,st_pauls_cathedral_86793288_81064886.png,nan;nan;nan;nan;nan;nan;nan;nan;nan,nan;nan;nan
pt_stpeters_stpauls,outliers,st_pauls_cathedral_64682734_3599756412.png,nan;nan;nan;nan;nan;nan;nan;nan;nan,nan;nan;nan
pt_stpeters_stpauls,outliers,st_pauls_cathedral_75906168_9021331.png,nan;nan;nan;nan;nan;nan;nan;nan;nan,nan;nan;nan
pt_stpeters_stpauls,outliers,st_pauls_cathedral_37175263_9450449849.png,nan;nan;nan;nan;nan;nan;nan;nan;nan,nan;nan;nan
pt_stpeters_stpauls,outliers,st_pauls_cathedral_29687506_6744340327.png,nan;nan;nan;nan;nan;nan;nan;nan;nan,nan;nan;nan
pt_stpeters_stpauls,outliers,st_pauls_cathedral_57396867_1162831381.png,nan;nan;nan;nan;nan;nan;nan;nan;nan,nan;nan;nan
pt_stpeters_stpauls,outliers,st_pauls_cathedral_79454276_6423703259.png,nan;nan;nan;nan;nan;nan;nan;nan;nan,nan;nan;nan
pt_stpeters_stpauls,outliers,st_pauls_cathedral_76302715_6756627863.png,nan;nan;nan;nan;nan;nan;nan;nan;nan,nan;nan;nan
pt_stpeters_stpauls,outliers,st_pauls_cathedral_66281560_69430718.png,nan;nan;nan;nan;nan;nan;nan;nan;nan,nan;nan;nan
pt_stpeters_stpauls,outliers,st_pauls_cathedral_79907102_3247748633.png,nan;nan;nan;nan;nan;nan;nan;nan;nan,nan;nan;nan
pt_stpeters_stpauls,outliers,st_pauls_cathedral_20239254_119772598.png,nan;nan;nan;nan;nan;nan;nan;nan;nan,nan;nan;nan
pt_stpeters_stpauls,outliers,st_pauls_cathedral_45685596_2848901240.png,nan;nan;nan;nan;nan;nan;nan;nan;nan,nan;nan;nan
pt_stpeters_stpauls,outliers,st_pauls_cathedral_94451439_81070120.png,nan;nan;nan;nan;nan;nan;nan;nan;nan,nan;nan;nan
pt_stpeters_stpauls,outliers,st_pauls_cathedral_43920096_10906605833.png,nan;nan;nan;nan;nan;nan;nan;nan;nan,nan;nan;nan
pt_stpeters_stpauls,outliers,st_pauls_cathedral_79467047_6166196003.png,nan;nan;nan;nan;nan;nan;nan;nan;nan,nan;nan;nan
pt_stpeters_stpauls,outliers,st_pauls_cathedral_66354598_8658993474.png,nan;nan;nan;nan;nan;nan;nan;nan;nan,nan;nan;nan
pt_stpeters_stpauls,outliers,st_pauls_cathedral_79023023_183808253.png,nan;nan;nan;nan;nan;nan;nan;nan;nan,nan;nan;nan
pt_stpeters_stpauls,outliers,st_pauls_cathedral_37891131_11165782483.png,nan;nan;nan;nan;nan;nan;nan;nan;nan,nan;nan;nan
pt_stpeters_stpauls,outliers,st_pauls_cathedral_37670824_2154551459.png,nan;nan;nan;nan;nan;nan;nan;nan;nan,nan;nan;nan
pt_stpeters_stpauls,outliers,st_pauls_cathedral_35236682_3866876026.png,nan;nan;nan;nan;nan;nan;nan;nan;nan,nan;nan;nan
pt_stpeters_stpauls,outliers,st_pauls_cathedral_78098197_5849317301.png,nan;nan;nan;nan;nan;nan;nan;nan;nan,nan;nan;nan
pt_stpeters_stpauls,outliers,st_pauls_cathedral_00162897_2573777698.png,nan;nan;nan;nan;nan;nan;nan;nan;nan,nan;nan;nan
pt_stpeters_stpauls,outliers,st_pauls_cathedral_72783275_3199359396.png,nan;nan;nan;nan;nan;nan;nan;nan;nan,nan;nan;nan
pt_stpeters_stpauls,outliers,st_pauls_cathedral_31055607_5795560563.png,nan;nan;nan;nan;nan;nan;nan;nan;nan,nan;nan;nan
pt_stpeters_stpauls,outliers,st_pauls_cathedral_18009039_2159636076.png,nan;nan;nan;nan;nan;nan;nan;nan;nan,nan;nan;nan
pt_stpeters_stpauls,outliers,st_pauls_cathedral_19156543_414105990.png,nan;nan;nan;nan;nan;nan;nan;nan;nan,nan;nan;nan
pt_stpeters_stpauls,outliers,st_pauls_cathedral_65579340_8658903934.png,nan;nan;nan;nan;nan;nan;nan;nan;nan,nan;nan;nan
pt_stpeters_stpauls,outliers,st_pauls_cathedral_19750027_343386986.png,nan;nan;nan;nan;nan;nan;nan;nan;nan,nan;nan;nan
pt_stpeters_stpauls,outliers,st_pauls_cathedral_37347628_10902811376.png,nan;nan;nan;nan;nan;nan;nan;nan;nan,nan;nan;nan
pt_stpeters_stpauls,outliers,st_pauls_cathedral_51592699_1165340842.png,nan;nan;nan;nan;nan;nan;nan;nan;nan,nan;nan;nan
pt_stpeters_stpauls,outliers,st_pauls_cathedral_92227797_2634489539.png,nan;nan;nan;nan;nan;nan;nan;nan;nan,nan;nan;nan
pt_stpeters_stpauls,outliers,st_pauls_cathedral_44160609_6465554263.png,nan;nan;nan;nan;nan;nan;nan;nan;nan,nan;nan;nan
pt_stpeters_stpauls,outliers,st_pauls_cathedral_62837228_5299508393.png,nan;nan;nan;nan;nan;nan;nan;nan;nan,nan;nan;nan
pt_stpeters_stpauls,outliers,st_pauls_cathedral_15717585_5849870034.png,nan;nan;nan;nan;nan;nan;nan;nan;nan,nan;nan;nan
pt_stpeters_stpauls,outliers,st_pauls_cathedral_64178508_2848319812.png,nan;nan;nan;nan;nan;nan;nan;nan;nan,nan;nan;nan
pt_stpeters_stpauls,outliers,st_pauls_cathedral_15340635_6286567877.png,nan;nan;nan;nan;nan;nan;nan;nan;nan,nan;nan;nan
pt_stpeters_stpauls,outliers,st_pauls_cathedral_61359543_7319932086.png,nan;nan;nan;nan;nan;nan;nan;nan;nan,nan;nan;nan
pt_stpeters_stpauls,outliers,st_pauls_cathedral_62683867_5924337162.png,nan;nan;nan;nan;nan;nan;nan;nan;nan,nan;nan;nan
pt_stpeters_stpauls,outliers,st_peters_square_18412179_6172244512.png,nan;nan;nan;nan;nan;nan;nan;nan;nan,nan;nan;nan
pt_stpeters_stpauls,outliers,st_peters_square_03091803_3301752366.png,nan;nan;nan;nan;nan;nan;nan;nan;nan,nan;nan;nan
pt_stpeters_stpauls,outliers,st_peters_square_72862254_5114619647.png,nan;nan;nan;nan;nan;nan;nan;nan;nan,nan;nan;nan
pt_stpeters_stpauls,outliers,st_peters_square_92930792_3241113575.png,nan;nan;nan;nan;nan;nan;nan;nan;nan,nan;nan;nan
pt_stpeters_stpauls,outliers,st_peters_square_44390759_5115213112.png,nan;nan;nan;nan;nan;nan;nan;nan;nan,nan;nan;nan
pt_stpeters_stpauls,outliers,st_peters_square_46663883_6534848061.png,nan;nan;nan;nan;nan;nan;nan;nan;nan,nan;nan;nan
pt_stpeters_stpauls,outliers,st_peters_square_24636762_4089050891.png,nan;nan;nan;nan;nan;nan;nan;nan;nan,nan;nan;nan
pt_stpeters_stpauls,outliers,st_peters_square_03746789_4463922325.png,nan;nan;nan;nan;nan;nan;nan;nan;nan,nan;nan;nan
pt_stpeters_stpauls,outliers,st_peters_square_45146398_300508266.png,nan;nan;nan;nan;nan;nan;nan;nan;nan,nan;nan;nan
pt_stpeters_stpauls,outliers,st_peters_square_43335638_88784147.png,nan;nan;nan;nan;nan;nan;nan;nan;nan,nan;nan;nan
pt_stpeters_stpauls,outliers,st_peters_square_57090695_8548496597.png,nan;nan;nan;nan;nan;nan;nan;nan;nan,nan;nan;nan
pt_stpeters_stpauls,outliers,st_peters_square_41659819_2070196997.png,nan;nan;nan;nan;nan;nan;nan;nan;nan,nan;nan;nan
pt_stpeters_stpauls,outliers,st_peters_square_61199489_492461058.png,nan;nan;nan;nan;nan;nan;nan;nan;nan,nan;nan;nan
pt_stpeters_stpauls,outliers,st_peters_square_24719115_774461939.png,nan;nan;nan;nan;nan;nan;nan;nan;nan,nan;nan;nan
pt_stpeters_stpauls,outliers,st_peters_square_55218853_3759440157.png,nan;nan;nan;nan;nan;nan;nan;nan;nan,nan;nan;nan
pt_stpeters_stpauls,outliers,st_peters_square_67407966_4358094261.png,nan;nan;nan;nan;nan;nan;nan;nan;nan,nan;nan;nan
pt_stpeters_stpauls,outliers,st_peters_square_50829067_6827571714.png,nan;nan;nan;nan;nan;nan;nan;nan;nan,nan;nan;nan
pt_stpeters_stpauls,outliers,st_peters_square_73950904_275489778.png,nan;nan;nan;nan;nan;nan;nan;nan;nan,nan;nan;nan
pt_stpeters_stpauls,outliers,st_peters_square_44478569_2733152198.png,nan;nan;nan;nan;nan;nan;nan;nan;nan,nan;nan;nan
pt_stpeters_stpauls,outliers,st_peters_square_24059795_9603235434.png,nan;nan;nan;nan;nan;nan;nan;nan;nan,nan;nan;nan
pt_stpeters_stpauls,outliers,st_peters_square_05894880_3961210476.png,nan;nan;nan;nan;nan;nan;nan;nan;nan,nan;nan;nan
pt_stpeters_stpauls,outliers,st_peters_square_74375638_1347790951.png,nan;nan;nan;nan;nan;nan;nan;nan;nan,nan;nan;nan
pt_stpeters_stpauls,outliers,st_peters_square_21905075_5452965061.png,nan;nan;nan;nan;nan;nan;nan;nan;nan,nan;nan;nan
pt_stpeters_stpauls,outliers,st_peters_square_96944137_5746647680.png,nan;nan;nan;nan;nan;nan;nan;nan;nan,nan;nan;nan
pt_stpeters_stpauls,outliers,st_peters_square_84278273_4258469058.png,nan;nan;nan;nan;nan;nan;nan;nan;nan,nan;nan;nan
pt_stpeters_stpauls,outliers,st_peters_square_71826517_5746260945.png,nan;nan;nan;nan;nan;nan;nan;nan;nan,nan;nan;nan
pt_stpeters_stpauls,outliers,st_peters_square_16560660_87393276.png,nan;nan;nan;nan;nan;nan;nan;nan;nan,nan;nan;nan
pt_stpeters_stpauls,outliers,st_peters_square_84897883_3397284524.png,nan;nan;nan;nan;nan;nan;nan;nan;nan,nan;nan;nan
pt_stpeters_stpauls,outliers,st_peters_square_96961885_104769206.png,nan;nan;nan;nan;nan;nan;nan;nan;nan,nan;nan;nan
pt_stpeters_stpauls,outliers,st_peters_square_58475035_2122656414.png,nan;nan;nan;nan;nan;nan;nan;nan;nan,nan;nan;nan
pt_stpeters_stpauls,outliers,st_peters_square_22746486_9560856076.png,nan;nan;nan;nan;nan;nan;nan;nan;nan,nan;nan;nan
pt_stpeters_stpauls,outliers,st_peters_square_18948310_1391071648.png,nan;nan;nan;nan;nan;nan;nan;nan;nan,nan;nan;nan
pt_stpeters_stpauls,outliers,st_peters_square_44455970_5746646894.png,nan;nan;nan;nan;nan;nan;nan;nan;nan,nan;nan;nan
pt_stpeters_stpauls,outliers,st_peters_square_01113045_2151200754.png,nan;nan;nan;nan;nan;nan;nan;nan;nan,nan;nan;nan
pt_stpeters_stpauls,outliers,st_peters_square_79705761_286952048.png,nan;nan;nan;nan;nan;nan;nan;nan;nan,nan;nan;nan
pt_stpeters_stpauls,outliers,st_peters_square_70611917_5987268232.png,nan;nan;nan;nan;nan;nan;nan;nan;nan,nan;nan;nan
pt_stpeters_stpauls,outliers,st_peters_square_74059884_5303611340.png,nan;nan;nan;nan;nan;nan;nan;nan;nan,nan;nan;nan
pt_stpeters_stpauls,outliers,st_peters_square_60121796_5502368748.png,nan;nan;nan;nan;nan;nan;nan;nan;nan,nan;nan;nan
pt_stpeters_stpauls,outliers,st_peters_square_37466637_151112376.png,nan;nan;nan;nan;nan;nan;nan;nan;nan,nan;nan;nan
pt_stpeters_stpauls,outliers,st_peters_square_95260621_11241567214.png,nan;nan;nan;nan;nan;nan;nan;nan;nan,nan;nan;nan
pt_stpeters_stpauls,outliers,st_peters_square_85112064_8554016061.png,nan;nan;nan;nan;nan;nan;nan;nan;nan,nan;nan;nan
pt_stpeters_stpauls,outliers,st_peters_square_79673014_480541710.png,nan;nan;nan;nan;nan;nan;nan;nan;nan,nan;nan;nan
pt_stpeters_stpauls,outliers,st_peters_square_60887425_4988344850.png,nan;nan;nan;nan;nan;nan;nan;nan;nan,nan;nan;nan
pt_stpeters_stpauls,outliers,st_peters_square_04610226_4103646673.png,nan;nan;nan;nan;nan;nan;nan;nan;nan,nan;nan;nan
pt_stpeters_stpauls,outliers,st_peters_square_12334689_522974921.png,nan;nan;nan;nan;nan;nan;nan;nan;nan,nan;nan;nan
pt_stpeters_stpauls,outliers,st_peters_square_97299190_230228215.png,nan;nan;nan;nan;nan;nan;nan;nan;nan,nan;nan;nan
pt_stpeters_stpauls,outliers,st_peters_square_29679303_181377461.png,nan;nan;nan;nan;nan;nan;nan;nan;nan,nan;nan;nan
pt_stpeters_stpauls,outliers,st_peters_square_95364400_2795430893.png,nan;nan;nan;nan;nan;nan;nan;nan;nan,nan;nan;nan
pt_stpeters_stpauls,outliers,st_peters_square_27722146_2540992403.png,nan;nan;nan;nan;nan;nan;nan;nan;nan,nan;nan;nan
pt_stpeters_stpauls,outliers,st_peters_square_36268301_7354161880.png,nan;nan;nan;nan;nan;nan;nan;nan;nan,nan;nan;nan
pt_stpeters_stpauls,outliers,st_peters_square_60793175_3515361889.png,nan;nan;nan;nan;nan;nan;nan;nan;nan,nan;nan;nan
pt_stpeters_stpauls,outliers,st_peters_square_17992917_296706864.png,nan;nan;nan;nan;nan;nan;nan;nan;nan,nan;nan;nan
pt_stpeters_stpauls,outliers,st_peters_square_61596216_926981615.png,nan;nan;nan;nan;nan;nan;nan;nan;nan,nan;nan;nan
pt_stpeters_stpauls,outliers,st_peters_square_58474381_9559488022.png,nan;nan;nan;nan;nan;nan;nan;nan;nan,nan;nan;nan
pt_stpeters_stpauls,outliers,st_peters_square_84026672_4257874044.png,nan;nan;nan;nan;nan;nan;nan;nan;nan,nan;nan;nan
pt_stpeters_stpauls,outliers,st_peters_square_27821246_220471245.png,nan;nan;nan;nan;nan;nan;nan;nan;nan,nan;nan;nan
pt_stpeters_stpauls,outliers,st_peters_square_93827329_275493871.png,nan;nan;nan;nan;nan;nan;nan;nan;nan,nan;nan;nan
pt_stpeters_stpauls,outliers,st_peters_square_70326181_5251675186.png,nan;nan;nan;nan;nan;nan;nan;nan;nan,nan;nan;nan
pt_stpeters_stpauls,outliers,st_peters_square_80363066_1340868362.png,nan;nan;nan;nan;nan;nan;nan;nan;nan,nan;nan;nan
pt_stpeters_stpauls,outliers,st_peters_square_64157046_4825759910.png,nan;nan;nan;nan;nan;nan;nan;nan;nan,nan;nan;nan
pt_stpeters_stpauls,outliers,st_peters_square_64605808_5986711471.png,nan;nan;nan;nan;nan;nan;nan;nan;nan,nan;nan;nan
pt_stpeters_stpauls,outliers,st_peters_square_03988695_8001663418.png,nan;nan;nan;nan;nan;nan;nan;nan;nan,nan;nan;nan
pt_stpeters_stpauls,outliers,st_peters_square_45336170_8518744916.png,nan;nan;nan;nan;nan;nan;nan;nan;nan,nan;nan;nan
pt_stpeters_stpauls,outliers,st_peters_square_72710271_9087579115.png,nan;nan;nan;nan;nan;nan;nan;nan;nan,nan;nan;nan
pt_stpeters_stpauls,outliers,st_peters_square_46268845_5210431.png,nan;nan;nan;nan;nan;nan;nan;nan;nan,nan;nan;nan
pt_stpeters_stpauls,outliers,st_peters_square_95709487_7541298516.png,nan;nan;nan;nan;nan;nan;nan;nan;nan,nan;nan;nan
pt_stpeters_stpauls,outliers,st_peters_square_48496249_4257721183.png,nan;nan;nan;nan;nan;nan;nan;nan;nan,nan;nan;nan
pt_stpeters_stpauls,outliers,st_peters_square_94126033_8728856148.png,nan;nan;nan;nan;nan;nan;nan;nan;nan,nan;nan;nan
pt_stpeters_stpauls,outliers,st_peters_square_56468077_4089051561.png,nan;nan;nan;nan;nan;nan;nan;nan;nan,nan;nan;nan
pt_stpeters_stpauls,outliers,st_peters_square_87967653_2756655360.png,nan;nan;nan;nan;nan;nan;nan;nan;nan,nan;nan;nan
pt_stpeters_stpauls,outliers,st_peters_square_40696807_2666761892.png,nan;nan;nan;nan;nan;nan;nan;nan;nan,nan;nan;nan
pt_stpeters_stpauls,outliers,st_peters_square_33563670_5242619236.png,nan;nan;nan;nan;nan;nan;nan;nan;nan,nan;nan;nan
pt_stpeters_stpauls,outliers,st_peters_square_09150846_12806538585.png,nan;nan;nan;nan;nan;nan;nan;nan;nan,nan;nan;nan
pt_stpeters_stpauls,outliers,st_peters_square_32164473_4104406816.png,nan;nan;nan;nan;nan;nan;nan;nan;nan,nan;nan;nan
pt_stpeters_stpauls,outliers,st_peters_square_85174888_2795417037.png,nan;nan;nan;nan;nan;nan;nan;nan;nan,nan;nan;nan
pt_stpeters_stpauls,outliers,st_peters_square_11170243_108218811.png,nan;nan;nan;nan;nan;nan;nan;nan;nan,nan;nan;nan
pt_stpeters_stpauls,outliers,st_peters_square_05036686_9559490324.png,nan;nan;nan;nan;nan;nan;nan;nan;nan,nan;nan;nan
pt_stpeters_stpauls,outliers,st_peters_square_89231283_4583657302.png,nan;nan;nan;nan;nan;nan;nan;nan;nan,nan;nan;nan
pt_stpeters_stpauls,outliers,st_peters_square_14434211_3241927710.png,nan;nan;nan;nan;nan;nan;nan;nan;nan,nan;nan;nan
pt_stpeters_stpauls,outliers,st_peters_square_51383333_4555047040.png,nan;nan;nan;nan;nan;nan;nan;nan;nan,nan;nan;nan
pt_stpeters_stpauls,outliers,st_peters_square_77282490_453023076.png,nan;nan;nan;nan;nan;nan;nan;nan;nan,nan;nan;nan
pt_stpeters_stpauls,outliers,st_peters_square_07459783_2116496273.png,nan;nan;nan;nan;nan;nan;nan;nan;nan,nan;nan;nan
pt_stpeters_stpauls,outliers,st_peters_square_64856605_10034558183.png,nan;nan;nan;nan;nan;nan;nan;nan;nan,nan;nan;nan
pt_stpeters_stpauls,outliers,st_peters_square_84356787_41289007.png,nan;nan;nan;nan;nan;nan;nan;nan;nan,nan;nan;nan
pt_stpeters_stpauls,outliers,st_peters_square_91440455_2973906531.png,nan;nan;nan;nan;nan;nan;nan;nan;nan,nan;nan;nan
pt_stpeters_stpauls,outliers,st_peters_square_16459160_169609859.png,nan;nan;nan;nan;nan;nan;nan;nan;nan,nan;nan;nan
pt_stpeters_stpauls,outliers,st_peters_square_04687924_2163037290.png,nan;nan;nan;nan;nan;nan;nan;nan;nan,nan;nan;nan
pt_stpeters_stpauls,outliers,st_peters_square_47361588_602059416.png,nan;nan;nan;nan;nan;nan;nan;nan;nan,nan;nan;nan
pt_stpeters_stpauls,outliers,st_peters_square_57954696_5417448065.png,nan;nan;nan;nan;nan;nan;nan;nan;nan,nan;nan;nan
pt_stpeters_stpauls,outliers,st_peters_square_20328156_5873219320.png,nan;nan;nan;nan;nan;nan;nan;nan;nan,nan;nan;nan
pt_stpeters_stpauls,outliers,st_peters_square_93849170_8602630853.png,nan;nan;nan;nan;nan;nan;nan;nan;nan,nan;nan;nan
pt_stpeters_stpauls,outliers,st_peters_square_78236367_3680548187.png,nan;nan;nan;nan;nan;nan;nan;nan;nan,nan;nan;nan
pt_stpeters_stpauls,outliers,st_peters_square_94275623_8588288449.png,nan;nan;nan;nan;nan;nan;nan;nan;nan,nan;nan;nan
pt_stpeters_stpauls,outliers,st_peters_square_48141965_9536256202.png,nan;nan;nan;nan;nan;nan;nan;nan;nan,nan;nan;nan
pt_stpeters_stpauls,outliers,st_peters_square_22421524_4050930227.png,nan;nan;nan;nan;nan;nan;nan;nan;nan,nan;nan;nan
pt_stpeters_stpauls,outliers,st_peters_square_01086691_5427945640.png,nan;nan;nan;nan;nan;nan;nan;nan;nan,nan;nan;nan
pt_stpeters_stpauls,outliers,st_peters_square_35727766_2927321004.png,nan;nan;nan;nan;nan;nan;nan;nan;nan,nan;nan;nan
pt_stpeters_stpauls,outliers,st_peters_square_71743967_13589039945.png,nan;nan;nan;nan;nan;nan;nan;nan;nan,nan;nan;nan
pt_stpeters_stpauls,outliers,st_peters_square_51093586_7936643532.png,nan;nan;nan;nan;nan;nan;nan;nan;nan,nan;nan;nan
pt_stpeters_stpauls,outliers,st_peters_square_33011793_12700964863.png,nan;nan;nan;nan;nan;nan;nan;nan;nan,nan;nan;nan
amy_gardens,outliers,peach_0100.png,nan;nan;nan;nan;nan;nan;nan;nan;nan,nan;nan;nan
amy_gardens,outliers,peach_0091.png,nan;nan;nan;nan;nan;nan;nan;nan;nan,nan;nan;nan
amy_gardens,outliers,peach_0075.png,nan;nan;nan;nan;nan;nan;nan;nan;nan,nan;nan;nan
amy_gardens,outliers,peach_0087.png,nan;nan;nan;nan;nan;nan;nan;nan;nan,nan;nan;nan
amy_gardens,outliers,peach_0089.png,nan;nan;nan;nan;nan;nan;nan;nan;nan,nan;nan;nan
amy_gardens,outliers,peach_0028.png,nan;nan;nan;nan;nan;nan;nan;nan;nan,nan;nan;nan
amy_gardens,outliers,peach_0161.png,nan;nan;nan;nan;nan;nan;nan;nan;nan,nan;nan;nan
amy_gardens,outliers,peach_0189.png,nan;nan;nan;nan;nan;nan;nan;nan;nan,nan;nan;nan
amy_gardens,outliers,peach_0155.png,nan;nan;nan;nan;nan;nan;nan;nan;nan,nan;nan;nan
amy_gardens,outliers,peach_0042.png,nan;nan;nan;nan;nan;nan;nan;nan;nan,nan;nan;nan
amy_gardens,outliers,peach_0188.png,nan;nan;nan;nan;nan;nan;nan;nan;nan,nan;nan;nan
amy_gardens,outliers,peach_0082.png,nan;nan;nan;nan;nan;nan;nan;nan;nan,nan;nan;nan
amy_gardens,outliers,peach_0011.png,nan;nan;nan;nan;nan;nan;nan;nan;nan,nan;nan;nan
amy_gardens,outliers,peach_0121.png,nan;nan;nan;nan;nan;nan;nan;nan;nan,nan;nan;nan
amy_gardens,outliers,peach_0126.png,nan;nan;nan;nan;nan;nan;nan;nan;nan,nan;nan;nan
amy_gardens,outliers,peach_0045.png,nan;nan;nan;nan;nan;nan;nan;nan;nan,nan;nan;nan
amy_gardens,outliers,peach_0080.png,nan;nan;nan;nan;nan;nan;nan;nan;nan,nan;nan;nan
amy_gardens,outliers,peach_0043.png,nan;nan;nan;nan;nan;nan;nan;nan;nan,nan;nan;nan
amy_gardens,outliers,peach_0140.png,nan;nan;nan;nan;nan;nan;nan;nan;nan,nan;nan;nan
amy_gardens,outliers,peach_0136.png,nan;nan;nan;nan;nan;nan;nan;nan;nan,nan;nan;nan
amy_gardens,outliers,peach_0135.png,nan;nan;nan;nan;nan;nan;nan;nan;nan,nan;nan;nan
amy_gardens,outliers,peach_0158.png,nan;nan;nan;nan;nan;nan;nan;nan;nan,nan;nan;nan
amy_gardens,outliers,peach_0151.png,nan;nan;nan;nan;nan;nan;nan;nan;nan,nan;nan;nan
amy_gardens,outliers,peach_0154.png,nan;nan;nan;nan;nan;nan;nan;nan;nan,nan;nan;nan
amy_gardens,outliers,peach_0097.png,nan;nan;nan;nan;nan;nan;nan;nan;nan,nan;nan;nan
amy_gardens,outliers,peach_0024.png,nan;nan;nan;nan;nan;nan;nan;nan;nan,nan;nan;nan
amy_gardens,outliers,peach_0116.png,nan;nan;nan;nan;nan;nan;nan;nan;nan,nan;nan;nan
amy_gardens,outliers,peach_0006.png,nan;nan;nan;nan;nan;nan;nan;nan;nan,nan;nan;nan
amy_gardens,outliers,peach_0023.png,nan;nan;nan;nan;nan;nan;nan;nan;nan,nan;nan;nan
amy_gardens,outliers,peach_0170.png,nan;nan;nan;nan;nan;nan;nan;nan;nan,nan;nan;nan
amy_gardens,outliers,peach_0096.png,nan;nan;nan;nan;nan;nan;nan;nan;nan,nan;nan;nan
amy_gardens,outliers,peach_0175.png,nan;nan;nan;nan;nan;nan;nan;nan;nan,nan;nan;nan
amy_gardens,outliers,peach_0132.png,nan;nan;nan;nan;nan;nan;nan;nan;nan,nan;nan;nan
amy_gardens,outliers,peach_0181.png,nan;nan;nan;nan;nan;nan;nan;nan;nan,nan;nan;nan
amy_gardens,outliers,peach_0078.png,nan;nan;nan;nan;nan;nan;nan;nan;nan,nan;nan;nan
amy_gardens,outliers,peach_0057.png,nan;nan;nan;nan;nan;nan;nan;nan;nan,nan;nan;nan
amy_gardens,outliers,peach_0002.png,nan;nan;nan;nan;nan;nan;nan;nan;nan,nan;nan;nan
amy_gardens,outliers,peach_0086.png,nan;nan;nan;nan;nan;nan;nan;nan;nan,nan;nan;nan
amy_gardens,outliers,peach_0064.png,nan;nan;nan;nan;nan;nan;nan;nan;nan,nan;nan;nan
amy_gardens,outliers,peach_0145.png,nan;nan;nan;nan;nan;nan;nan;nan;nan,nan;nan;nan
amy_gardens,outliers,peach_0007.png,nan;nan;nan;nan;nan;nan;nan;nan;nan,nan;nan;nan
amy_gardens,outliers,peach_0177.png,nan;nan;nan;nan;nan;nan;nan;nan;nan,nan;nan;nan
amy_gardens,outliers,peach_0174.png,nan;nan;nan;nan;nan;nan;nan;nan;nan,nan;nan;nan
amy_gardens,outliers,peach_0083.png,nan;nan;nan;nan;nan;nan;nan;nan;nan,nan;nan;nan
amy_gardens,outliers,peach_0120.png,nan;nan;nan;nan;nan;nan;nan;nan;nan,nan;nan;nan
amy_gardens,outliers,peach_0029.png,nan;nan;nan;nan;nan;nan;nan;nan;nan,nan;nan;nan
amy_gardens,outliers,peach_0050.png,nan;nan;nan;nan;nan;nan;nan;nan;nan,nan;nan;nan
amy_gardens,outliers,peach_0001.png,nan;nan;nan;nan;nan;nan;nan;nan;nan,nan;nan;nan
amy_gardens,outliers,peach_0068.png,nan;nan;nan;nan;nan;nan;nan;nan;nan,nan;nan;nan
amy_gardens,outliers,peach_0172.png,nan;nan;nan;nan;nan;nan;nan;nan;nan,nan;nan;nan
amy_gardens,outliers,peach_0143.png,nan;nan;nan;nan;nan;nan;nan;nan;nan,nan;nan;nan
amy_gardens,outliers,peach_0041.png,nan;nan;nan;nan;nan;nan;nan;nan;nan,nan;nan;nan
amy_gardens,outliers,peach_0106.png,nan;nan;nan;nan;nan;nan;nan;nan;nan,nan;nan;nan
amy_gardens,outliers,peach_0102.png,nan;nan;nan;nan;nan;nan;nan;nan;nan,nan;nan;nan
amy_gardens,outliers,peach_0167.png,nan;nan;nan;nan;nan;nan;nan;nan;nan,nan;nan;nan
amy_gardens,outliers,peach_0131.png,nan;nan;nan;nan;nan;nan;nan;nan;nan,nan;nan;nan
amy_gardens,outliers,peach_0000.png,nan;nan;nan;nan;nan;nan;nan;nan;nan,nan;nan;nan
amy_gardens,outliers,peach_0184.png,nan;nan;nan;nan;nan;nan;nan;nan;nan,nan;nan;nan
amy_gardens,outliers,peach_0196.png,nan;nan;nan;nan;nan;nan;nan;nan;nan,nan;nan;nan
amy_gardens,outliers,peach_0156.png,nan;nan;nan;nan;nan;nan;nan;nan;nan,nan;nan;nan
amy_gardens,outliers,peach_0031.png,nan;nan;nan;nan;nan;nan;nan;nan;nan,nan;nan;nan
amy_gardens,outliers,peach_0074.png,nan;nan;nan;nan;nan;nan;nan;nan;nan,nan;nan;nan
amy_gardens,outliers,peach_0056.png,nan;nan;nan;nan;nan;nan;nan;nan;nan,nan;nan;nan
amy_gardens,outliers,peach_0053.png,nan;nan;nan;nan;nan;nan;nan;nan;nan,nan;nan;nan
amy_gardens,outliers,peach_0124.png,nan;nan;nan;nan;nan;nan;nan;nan;nan,nan;nan;nan
amy_gardens,outliers,peach_0084.png,nan;nan;nan;nan;nan;nan;nan;nan;nan,nan;nan;nan
amy_gardens,outliers,peach_0032.png,nan;nan;nan;nan;nan;nan;nan;nan;nan,nan;nan;nan
amy_gardens,outliers,peach_0088.png,nan;nan;nan;nan;nan;nan;nan;nan;nan,nan;nan;nan
amy_gardens,outliers,peach_0098.png,nan;nan;nan;nan;nan;nan;nan;nan;nan,nan;nan;nan
amy_gardens,outliers,peach_0148.png,nan;nan;nan;nan;nan;nan;nan;nan;nan,nan;nan;nan
amy_gardens,outliers,peach_0110.png,nan;nan;nan;nan;nan;nan;nan;nan;nan,nan;nan;nan
amy_gardens,outliers,peach_0071.png,nan;nan;nan;nan;nan;nan;nan;nan;nan,nan;nan;nan
amy_gardens,outliers,peach_0025.png,nan;nan;nan;nan;nan;nan;nan;nan;nan,nan;nan;nan
amy_gardens,outliers,peach_0138.png,nan;nan;nan;nan;nan;nan;nan;nan;nan,nan;nan;nan
amy_gardens,outliers,peach_0070.png,nan;nan;nan;nan;nan;nan;nan;nan;nan,nan;nan;nan
amy_gardens,outliers,peach_0180.png,nan;nan;nan;nan;nan;nan;nan;nan;nan,nan;nan;nan
amy_gardens,outliers,peach_0123.png,nan;nan;nan;nan;nan;nan;nan;nan;nan,nan;nan;nan
amy_gardens,outliers,peach_0047.png,nan;nan;nan;nan;nan;nan;nan;nan;nan,nan;nan;nan
amy_gardens,outliers,peach_0119.png,nan;nan;nan;nan;nan;nan;nan;nan;nan,nan;nan;nan
amy_gardens,outliers,peach_0107.png,nan;nan;nan;nan;nan;nan;nan;nan;nan,nan;nan;nan
amy_gardens,outliers,peach_0115.png,nan;nan;nan;nan;nan;nan;nan;nan;nan,nan;nan;nan
amy_gardens,outliers,peach_0152.png,nan;nan;nan;nan;nan;nan;nan;nan;nan,nan;nan;nan
amy_gardens,outliers,peach_0127.png,nan;nan;nan;nan;nan;nan;nan;nan;nan,nan;nan;nan
amy_gardens,outliers,peach_0183.png,nan;nan;nan;nan;nan;nan;nan;nan;nan,nan;nan;nan
amy_gardens,outliers,peach_0062.png,nan;nan;nan;nan;nan;nan;nan;nan;nan,nan;nan;nan
amy_gardens,outliers,peach_0021.png,nan;nan;nan;nan;nan;nan;nan;nan;nan,nan;nan;nan
amy_gardens,outliers,peach_0027.png,nan;nan;nan;nan;nan;nan;nan;nan;nan,nan;nan;nan
amy_gardens,outliers,peach_0013.png,nan;nan;nan;nan;nan;nan;nan;nan;nan,nan;nan;nan
amy_gardens,outliers,peach_0192.png,nan;nan;nan;nan;nan;nan;nan;nan;nan,nan;nan;nan
amy_gardens,outliers,peach_0125.png,nan;nan;nan;nan;nan;nan;nan;nan;nan,nan;nan;nan
amy_gardens,outliers,peach_0017.png,nan;nan;nan;nan;nan;nan;nan;nan;nan,nan;nan;nan
amy_gardens,outliers,peach_0114.png,nan;nan;nan;nan;nan;nan;nan;nan;nan,nan;nan;nan
amy_gardens,outliers,peach_0142.png,nan;nan;nan;nan;nan;nan;nan;nan;nan,nan;nan;nan
amy_gardens,outliers,peach_0016.png,nan;nan;nan;nan;nan;nan;nan;nan;nan,nan;nan;nan
amy_gardens,outliers,peach_0165.png,nan;nan;nan;nan;nan;nan;nan;nan;nan,nan;nan;nan
amy_gardens,outliers,peach_0112.png,nan;nan;nan;nan;nan;nan;nan;nan;nan,nan;nan;nan
amy_gardens,outliers,peach_0095.png,nan;nan;nan;nan;nan;nan;nan;nan;nan,nan;nan;nan
amy_gardens,outliers,peach_0038.png,nan;nan;nan;nan;nan;nan;nan;nan;nan,nan;nan;nan
amy_gardens,outliers,peach_0162.png,nan;nan;nan;nan;nan;nan;nan;nan;nan,nan;nan;nan
amy_gardens,outliers,peach_0191.png,nan;nan;nan;nan;nan;nan;nan;nan;nan,nan;nan;nan
amy_gardens,outliers,peach_0159.png,nan;nan;nan;nan;nan;nan;nan;nan;nan,nan;nan;nan
amy_gardens,outliers,peach_0163.png,nan;nan;nan;nan;nan;nan;nan;nan;nan,nan;nan;nan
amy_gardens,outliers,peach_0085.png,nan;nan;nan;nan;nan;nan;nan;nan;nan,nan;nan;nan
amy_gardens,outliers,peach_0072.png,nan;nan;nan;nan;nan;nan;nan;nan;nan,nan;nan;nan
amy_gardens,outliers,peach_0022.png,nan;nan;nan;nan;nan;nan;nan;nan;nan,nan;nan;nan
amy_gardens,outliers,peach_0103.png,nan;nan;nan;nan;nan;nan;nan;nan;nan,nan;nan;nan
amy_gardens,outliers,peach_0077.png,nan;nan;nan;nan;nan;nan;nan;nan;nan,nan;nan;nan
amy_gardens,outliers,peach_0133.png,nan;nan;nan;nan;nan;nan;nan;nan;nan,nan;nan;nan
amy_gardens,outliers,peach_0049.png,nan;nan;nan;nan;nan;nan;nan;nan;nan,nan;nan;nan
amy_gardens,outliers,peach_0185.png,nan;nan;nan;nan;nan;nan;nan;nan;nan,nan;nan;nan
amy_gardens,outliers,peach_0093.png,nan;nan;nan;nan;nan;nan;nan;nan;nan,nan;nan;nan
amy_gardens,outliers,peach_0150.png,nan;nan;nan;nan;nan;nan;nan;nan;nan,nan;nan;nan
amy_gardens,outliers,peach_0033.png,nan;nan;nan;nan;nan;nan;nan;nan;nan,nan;nan;nan
amy_gardens,outliers,peach_0060.png,nan;nan;nan;nan;nan;nan;nan;nan;nan,nan;nan;nan
amy_gardens,outliers,peach_0081.png,nan;nan;nan;nan;nan;nan;nan;nan;nan,nan;nan;nan
amy_gardens,outliers,peach_0104.png,nan;nan;nan;nan;nan;nan;nan;nan;nan,nan;nan;nan
amy_gardens,outliers,peach_0113.png,nan;nan;nan;nan;nan;nan;nan;nan;nan,nan;nan;nan
amy_gardens,outliers,peach_0141.png,nan;nan;nan;nan;nan;nan;nan;nan;nan,nan;nan;nan
amy_gardens,outliers,peach_0122.png,nan;nan;nan;nan;nan;nan;nan;nan;nan,nan;nan;nan
amy_gardens,outliers,peach_0015.png,nan;nan;nan;nan;nan;nan;nan;nan;nan,nan;nan;nan
amy_gardens,outliers,peach_0157.png,nan;nan;nan;nan;nan;nan;nan;nan;nan,nan;nan;nan
amy_gardens,outliers,peach_0111.png,nan;nan;nan;nan;nan;nan;nan;nan;nan,nan;nan;nan
amy_gardens,outliers,peach_0073.png,nan;nan;nan;nan;nan;nan;nan;nan;nan,nan;nan;nan
amy_gardens,outliers,peach_0193.png,nan;nan;nan;nan;nan;nan;nan;nan;nan,nan;nan;nan
amy_gardens,outliers,peach_0059.png,nan;nan;nan;nan;nan;nan;nan;nan;nan,nan;nan;nan
amy_gardens,outliers,peach_0020.png,nan;nan;nan;nan;nan;nan;nan;nan;nan,nan;nan;nan
amy_gardens,outliers,peach_0014.png,nan;nan;nan;nan;nan;nan;nan;nan;nan,nan;nan;nan
amy_gardens,outliers,peach_0144.png,nan;nan;nan;nan;nan;nan;nan;nan;nan,nan;nan;nan
amy_gardens,outliers,peach_0034.png,nan;nan;nan;nan;nan;nan;nan;nan;nan,nan;nan;nan
amy_gardens,outliers,peach_0118.png,nan;nan;nan;nan;nan;nan;nan;nan;nan,nan;nan;nan
amy_gardens,outliers,peach_0099.png,nan;nan;nan;nan;nan;nan;nan;nan;nan,nan;nan;nan
amy_gardens,outliers,peach_0055.png,nan;nan;nan;nan;nan;nan;nan;nan;nan,nan;nan;nan
amy_gardens,outliers,peach_0090.png,nan;nan;nan;nan;nan;nan;nan;nan;nan,nan;nan;nan
amy_gardens,outliers,peach_0169.png,nan;nan;nan;nan;nan;nan;nan;nan;nan,nan;nan;nan
amy_gardens,outliers,peach_0129.png,nan;nan;nan;nan;nan;nan;nan;nan;nan,nan;nan;nan
amy_gardens,outliers,peach_0128.png,nan;nan;nan;nan;nan;nan;nan;nan;nan,nan;nan;nan
amy_gardens,outliers,peach_0173.png,nan;nan;nan;nan;nan;nan;nan;nan;nan,nan;nan;nan
amy_gardens,outliers,peach_0199.png,nan;nan;nan;nan;nan;nan;nan;nan;nan,nan;nan;nan
amy_gardens,outliers,peach_0117.png,nan;nan;nan;nan;nan;nan;nan;nan;nan,nan;nan;nan
amy_gardens,outliers,peach_0108.png,nan;nan;nan;nan;nan;nan;nan;nan;nan,nan;nan;nan
amy_gardens,outliers,peach_0010.png,nan;nan;nan;nan;nan;nan;nan;nan;nan,nan;nan;nan
amy_gardens,outliers,peach_0101.png,nan;nan;nan;nan;nan;nan;nan;nan;nan,nan;nan;nan
amy_gardens,outliers,peach_0146.png,nan;nan;nan;nan;nan;nan;nan;nan;nan,nan;nan;nan
amy_gardens,outliers,peach_0195.png,nan;nan;nan;nan;nan;nan;nan;nan;nan,nan;nan;nan
amy_gardens,outliers,peach_0046.png,nan;nan;nan;nan;nan;nan;nan;nan;nan,nan;nan;nan
amy_gardens,outliers,peach_0109.png,nan;nan;nan;nan;nan;nan;nan;nan;nan,nan;nan;nan
amy_gardens,outliers,peach_0069.png,nan;nan;nan;nan;nan;nan;nan;nan;nan,nan;nan;nan
amy_gardens,outliers,peach_0058.png,nan;nan;nan;nan;nan;nan;nan;nan;nan,nan;nan;nan
amy_gardens,outliers,peach_0187.png,nan;nan;nan;nan;nan;nan;nan;nan;nan,nan;nan;nan
amy_gardens,outliers,peach_0149.png,nan;nan;nan;nan;nan;nan;nan;nan;nan,nan;nan;nan
amy_gardens,outliers,peach_0061.png,nan;nan;nan;nan;nan;nan;nan;nan;nan,nan;nan;nan
amy_gardens,outliers,peach_0018.png,nan;nan;nan;nan;nan;nan;nan;nan;nan,nan;nan;nan
amy_gardens,outliers,peach_0166.png,nan;nan;nan;nan;nan;nan;nan;nan;nan,nan;nan;nan
amy_gardens,outliers,peach_0039.png,nan;nan;nan;nan;nan;nan;nan;nan;nan,nan;nan;nan
amy_gardens,outliers,peach_0092.png,nan;nan;nan;nan;nan;nan;nan;nan;nan,nan;nan;nan
amy_gardens,outliers,peach_0194.png,nan;nan;nan;nan;nan;nan;nan;nan;nan,nan;nan;nan
amy_gardens,outliers,peach_0063.png,nan;nan;nan;nan;nan;nan;nan;nan;nan,nan;nan;nan
amy_gardens,outliers,peach_0030.png,nan;nan;nan;nan;nan;nan;nan;nan;nan,nan;nan;nan
amy_gardens,outliers,peach_0178.png,nan;nan;nan;nan;nan;nan;nan;nan;nan,nan;nan;nan
amy_gardens,outliers,peach_0052.png,nan;nan;nan;nan;nan;nan;nan;nan;nan,nan;nan;nan
amy_gardens,outliers,peach_0036.png,nan;nan;nan;nan;nan;nan;nan;nan;nan,nan;nan;nan
amy_gardens,outliers,peach_0160.png,nan;nan;nan;nan;nan;nan;nan;nan;nan,nan;nan;nan
amy_gardens,outliers,peach_0139.png,nan;nan;nan;nan;nan;nan;nan;nan;nan,nan;nan;nan
amy_gardens,outliers,peach_0197.png,nan;nan;nan;nan;nan;nan;nan;nan;nan,nan;nan;nan
amy_gardens,outliers,peach_0179.png,nan;nan;nan;nan;nan;nan;nan;nan;nan,nan;nan;nan
amy_gardens,outliers,peach_0008.png,nan;nan;nan;nan;nan;nan;nan;nan;nan,nan;nan;nan
amy_gardens,outliers,peach_0153.png,nan;nan;nan;nan;nan;nan;nan;nan;nan,nan;nan;nan
amy_gardens,outliers,peach_0186.png,nan;nan;nan;nan;nan;nan;nan;nan;nan,nan;nan;nan
amy_gardens,outliers,peach_0005.png,nan;nan;nan;nan;nan;nan;nan;nan;nan,nan;nan;nan
amy_gardens,outliers,peach_0066.png,nan;nan;nan;nan;nan;nan;nan;nan;nan,nan;nan;nan
amy_gardens,outliers,peach_0054.png,nan;nan;nan;nan;nan;nan;nan;nan;nan,nan;nan;nan
amy_gardens,outliers,peach_0094.png,nan;nan;nan;nan;nan;nan;nan;nan;nan,nan;nan;nan
amy_gardens,outliers,peach_0105.png,nan;nan;nan;nan;nan;nan;nan;nan;nan,nan;nan;nan
amy_gardens,outliers,peach_0012.png,nan;nan;nan;nan;nan;nan;nan;nan;nan,nan;nan;nan
amy_gardens,outliers,peach_0079.png,nan;nan;nan;nan;nan;nan;nan;nan;nan,nan;nan;nan
amy_gardens,outliers,peach_0134.png,nan;nan;nan;nan;nan;nan;nan;nan;nan,nan;nan;nan
amy_gardens,outliers,peach_0003.png,nan;nan;nan;nan;nan;nan;nan;nan;nan,nan;nan;nan
amy_gardens,outliers,peach_0067.png,nan;nan;nan;nan;nan;nan;nan;nan;nan,nan;nan;nan
amy_gardens,outliers,peach_0147.png,nan;nan;nan;nan;nan;nan;nan;nan;nan,nan;nan;nan
amy_gardens,outliers,peach_0044.png,nan;nan;nan;nan;nan;nan;nan;nan;nan,nan;nan;nan
amy_gardens,outliers,peach_0019.png,nan;nan;nan;nan;nan;nan;nan;nan;nan,nan;nan;nan
amy_gardens,outliers,peach_0051.png,nan;nan;nan;nan;nan;nan;nan;nan;nan,nan;nan;nan
amy_gardens,outliers,peach_0198.png,nan;nan;nan;nan;nan;nan;nan;nan;nan,nan;nan;nan
amy_gardens,outliers,peach_0190.png,nan;nan;nan;nan;nan;nan;nan;nan;nan,nan;nan;nan
amy_gardens,outliers,peach_0182.png,nan;nan;nan;nan;nan;nan;nan;nan;nan,nan;nan;nan
amy_gardens,outliers,peach_0171.png,nan;nan;nan;nan;nan;nan;nan;nan;nan,nan;nan;nan
amy_gardens,outliers,peach_0009.png,nan;nan;nan;nan;nan;nan;nan;nan;nan,nan;nan;nan
amy_gardens,outliers,peach_0004.png,nan;nan;nan;nan;nan;nan;nan;nan;nan,nan;nan;nan
amy_gardens,outliers,peach_0176.png,nan;nan;nan;nan;nan;nan;nan;nan;nan,nan;nan;nan
amy_gardens,outliers,peach_0065.png,nan;nan;nan;nan;nan;nan;nan;nan;nan,nan;nan;nan
amy_gardens,outliers,peach_0037.png,nan;nan;nan;nan;nan;nan;nan;nan;nan,nan;nan;nan
amy_gardens,outliers,peach_0048.png,nan;nan;nan;nan;nan;nan;nan;nan;nan,nan;nan;nan
amy_gardens,outliers,peach_0076.png,nan;nan;nan;nan;nan;nan;nan;nan;nan,nan;nan;nan
amy_gardens,outliers,peach_0040.png,nan;nan;nan;nan;nan;nan;nan;nan;nan,nan;nan;nan
amy_gardens,outliers,peach_0026.png,nan;nan;nan;nan;nan;nan;nan;nan;nan,nan;nan;nan
amy_gardens,outliers,peach_0035.png,nan;nan;nan;nan;nan;nan;nan;nan;nan,nan;nan;nan
amy_gardens,outliers,peach_0137.png,nan;nan;nan;nan;nan;nan;nan;nan;nan,nan;nan;nan
amy_gardens,outliers,peach_0164.png,nan;nan;nan;nan;nan;nan;nan;nan;nan,nan;nan;nan
amy_gardens,outliers,peach_0130.png,nan;nan;nan;nan;nan;nan;nan;nan;nan,nan;nan;nan
amy_gardens,outliers,peach_0168.png,nan;nan;nan;nan;nan;nan;nan;nan;nan,nan;nan;nan
fbk_vineyard,outliers,vineyard_split_2_frame_1260.png,nan;nan;nan;nan;nan;nan;nan;nan;nan,nan;nan;nan
fbk_vineyard,outliers,vineyard_split_2_frame_1225.png,nan;nan;nan;nan;nan;nan;nan;nan;nan,nan;nan;nan
fbk_vineyard,outliers,vineyard_split_2_frame_1245.png,nan;nan;nan;nan;nan;nan;nan;nan;nan,nan;nan;nan
fbk_vineyard,outliers,vineyard_split_2_frame_1320.png,nan;nan;nan;nan;nan;nan;nan;nan;nan,nan;nan;nan
fbk_vineyard,outliers,vineyard_split_2_frame_1205.png,nan;nan;nan;nan;nan;nan;nan;nan;nan,nan;nan;nan
fbk_vineyard,outliers,vineyard_split_2_frame_1240.png,nan;nan;nan;nan;nan;nan;nan;nan;nan,nan;nan;nan
fbk_vineyard,outliers,vineyard_split_2_frame_1170.png,nan;nan;nan;nan;nan;nan;nan;nan;nan,nan;nan;nan
fbk_vineyard,outliers,vineyard_split_2_frame_1300.png,nan;nan;nan;nan;nan;nan;nan;nan;nan,nan;nan;nan
fbk_vineyard,outliers,vineyard_split_2_frame_1290.png,nan;nan;nan;nan;nan;nan;nan;nan;nan,nan;nan;nan
fbk_vineyard,outliers,vineyard_split_2_frame_1310.png,nan;nan;nan;nan;nan;nan;nan;nan;nan,nan;nan;nan
fbk_vineyard,outliers,vineyard_split_2_frame_1200.png,nan;nan;nan;nan;nan;nan;nan;nan;nan,nan;nan;nan
fbk_vineyard,outliers,vineyard_split_2_frame_1295.png,nan;nan;nan;nan;nan;nan;nan;nan;nan,nan;nan;nan
fbk_vineyard,outliers,vineyard_split_2_frame_1180.png,nan;nan;nan;nan;nan;nan;nan;nan;nan,nan;nan;nan
fbk_vineyard,outliers,vineyard_split_2_frame_1255.png,nan;nan;nan;nan;nan;nan;nan;nan;nan,nan;nan;nan
fbk_vineyard,outliers,vineyard_split_2_frame_1220.png,nan;nan;nan;nan;nan;nan;nan;nan;nan,nan;nan;nan
fbk_vineyard,outliers,vineyard_split_2_frame_1165.png,nan;nan;nan;nan;nan;nan;nan;nan;nan,nan;nan;nan
fbk_vineyard,outliers,vineyard_split_2_frame_1275.png,nan;nan;nan;nan;nan;nan;nan;nan;nan,nan;nan;nan
fbk_vineyard,outliers,vineyard_split_2_frame_1305.png,nan;nan;nan;nan;nan;nan;nan;nan;nan,nan;nan;nan
fbk_vineyard,outliers,vineyard_split_2_frame_1160.png,nan;nan;nan;nan;nan;nan;nan;nan;nan,nan;nan;nan
fbk_vineyard,outliers,vineyard_split_2_frame_1280.png,nan;nan;nan;nan;nan;nan;nan;nan;nan,nan;nan;nan
fbk_vineyard,outliers,vineyard_split_2_frame_1155.png,nan;nan;nan;nan;nan;nan;nan;nan;nan,nan;nan;nan
fbk_vineyard,outliers,vineyard_split_2_frame_1195.png,nan;nan;nan;nan;nan;nan;nan;nan;nan,nan;nan;nan
fbk_vineyard,outliers,vineyard_split_2_frame_1190.png,nan;nan;nan;nan;nan;nan;nan;nan;nan,nan;nan;nan
fbk_vineyard,outliers,vineyard_split_2_frame_1270.png,nan;nan;nan;nan;nan;nan;nan;nan;nan,nan;nan;nan
fbk_vineyard,outliers,vineyard_split_2_frame_1210.png,nan;nan;nan;nan;nan;nan;nan;nan;nan,nan;nan;nan
fbk_vineyard,outliers,vineyard_split_2_frame_1250.png,nan;nan;nan;nan;nan;nan;nan;nan;nan,nan;nan;nan
fbk_vineyard,outliers,vineyard_split_2_frame_1185.png,nan;nan;nan;nan;nan;nan;nan;nan;nan,nan;nan;nan
fbk_vineyard,outliers,vineyard_split_2_frame_1285.png,nan;nan;nan;nan;nan;nan;nan;nan;nan,nan;nan;nan
fbk_vineyard,outliers,vineyard_split_2_frame_1265.png,nan;nan;nan;nan;nan;nan;nan;nan;nan,nan;nan;nan
fbk_vineyard,outliers,vineyard_split_2_frame_1150.png,nan;nan;nan;nan;nan;nan;nan;nan;nan,nan;nan;nan
fbk_vineyard,outliers,vineyard_split_2_frame_1175.png,nan;nan;nan;nan;nan;nan;nan;nan;nan,nan;nan;nan
fbk_vineyard,outliers,vineyard_split_2_frame_1235.png,nan;nan;nan;nan;nan;nan;nan;nan;nan,nan;nan;nan
fbk_vineyard,outliers,vineyard_split_2_frame_1315.png,nan;nan;nan;nan;nan;nan;nan;nan;nan,nan;nan;nan
fbk_vineyard,outliers,vineyard_split_2_frame_1230.png,nan;nan;nan;nan;nan;nan;nan;nan;nan,nan;nan;nan
fbk_vineyard,outliers,vineyard_split_2_frame_1215.png,nan;nan;nan;nan;nan;nan;nan;nan;nan,nan;nan;nan
fbk_vineyard,outliers,vineyard_split_3_frame_1395.png,nan;nan;nan;nan;nan;nan;nan;nan;nan,nan;nan;nan
fbk_vineyard,outliers,vineyard_split_3_frame_1475.png,nan;nan;nan;nan;nan;nan;nan;nan;nan,nan;nan;nan
fbk_vineyard,outliers,vineyard_split_3_frame_0255.png,nan;nan;nan;nan;nan;nan;nan;nan;nan,nan;nan;nan
fbk_vineyard,outliers,vineyard_split_3_frame_1425.png,nan;nan;nan;nan;nan;nan;nan;nan;nan,nan;nan;nan
fbk_vineyard,outliers,vineyard_split_3_frame_0125.png,nan;nan;nan;nan;nan;nan;nan;nan;nan,nan;nan;nan
fbk_vineyard,outliers,vineyard_split_3_frame_1480.png,nan;nan;nan;nan;nan;nan;nan;nan;nan,nan;nan;nan
fbk_vineyard,outliers,vineyard_split_3_frame_0215.png,nan;nan;nan;nan;nan;nan;nan;nan;nan,nan;nan;nan
fbk_vineyard,outliers,vineyard_split_3_frame_0295.png,nan;nan;nan;nan;nan;nan;nan;nan;nan,nan;nan;nan
fbk_vineyard,outliers,vineyard_split_3_frame_0090.png,nan;nan;nan;nan;nan;nan;nan;nan;nan,nan;nan;nan
fbk_vineyard,outliers,vineyard_split_3_frame_0190.png,nan;nan;nan;nan;nan;nan;nan;nan;nan,nan;nan;nan
fbk_vineyard,outliers,vineyard_split_3_frame_0265.png,nan;nan;nan;nan;nan;nan;nan;nan;nan,nan;nan;nan
fbk_vineyard,outliers,vineyard_split_3_frame_1445.png,nan;nan;nan;nan;nan;nan;nan;nan;nan,nan;nan;nan
fbk_vineyard,outliers,vineyard_split_3_frame_0290.png,nan;nan;nan;nan;nan;nan;nan;nan;nan,nan;nan;nan
fbk_vineyard,outliers,vineyard_split_3_frame_1450.png,nan;nan;nan;nan;nan;nan;nan;nan;nan,nan;nan;nan
fbk_vineyard,outliers,vineyard_split_3_frame_1390.png,nan;nan;nan;nan;nan;nan;nan;nan;nan,nan;nan;nan
fbk_vineyard,outliers,vineyard_split_3_frame_1555.png,nan;nan;nan;nan;nan;nan;nan;nan;nan,nan;nan;nan
fbk_vineyard,outliers,vineyard_split_3_frame_1550.png,nan;nan;nan;nan;nan;nan;nan;nan;nan,nan;nan;nan
fbk_vineyard,outliers,vineyard_split_3_frame_0145.png,nan;nan;nan;nan;nan;nan;nan;nan;nan,nan;nan;nan
fbk_vineyard,outliers,vineyard_split_3_frame_1405.png,nan;nan;nan;nan;nan;nan;nan;nan;nan,nan;nan;nan
fbk_vineyard,outliers,vineyard_split_3_frame_0070.png,nan;nan;nan;nan;nan;nan;nan;nan;nan,nan;nan;nan
fbk_vineyard,outliers,vineyard_split_3_frame_1500.png,nan;nan;nan;nan;nan;nan;nan;nan;nan,nan;nan;nan
fbk_vineyard,outliers,vineyard_split_3_frame_1455.png,nan;nan;nan;nan;nan;nan;nan;nan;nan,nan;nan;nan
fbk_vineyard,outliers,vineyard_split_3_frame_0075.png,nan;nan;nan;nan;nan;nan;nan;nan;nan,nan;nan;nan
fbk_vineyard,outliers,vineyard_split_3_frame_0160.png,nan;nan;nan;nan;nan;nan;nan;nan;nan,nan;nan;nan
fbk_vineyard,outliers,vineyard_split_3_frame_0150.png,nan;nan;nan;nan;nan;nan;nan;nan;nan,nan;nan;nan
fbk_vineyard,outliers,vineyard_split_3_frame_0140.png,nan;nan;nan;nan;nan;nan;nan;nan;nan,nan;nan;nan
fbk_vineyard,outliers,vineyard_split_3_frame_0270.png,nan;nan;nan;nan;nan;nan;nan;nan;nan,nan;nan;nan
fbk_vineyard,outliers,vineyard_split_3_frame_0170.png,nan;nan;nan;nan;nan;nan;nan;nan;nan,nan;nan;nan
fbk_vineyard,outliers,vineyard_split_3_frame_0285.png,nan;nan;nan;nan;nan;nan;nan;nan;nan,nan;nan;nan
fbk_vineyard,outliers,vineyard_split_3_frame_1490.png,nan;nan;nan;nan;nan;nan;nan;nan;nan,nan;nan;nan
fbk_vineyard,outliers,vineyard_split_3_frame_0280.png,nan;nan;nan;nan;nan;nan;nan;nan;nan,nan;nan;nan
fbk_vineyard,outliers,vineyard_split_3_frame_0275.png,nan;nan;nan;nan;nan;nan;nan;nan;nan,nan;nan;nan
fbk_vineyard,outliers,vineyard_split_3_frame_0225.png,nan;nan;nan;nan;nan;nan;nan;nan;nan,nan;nan;nan
fbk_vineyard,outliers,vineyard_split_3_frame_0080.png,nan;nan;nan;nan;nan;nan;nan;nan;nan,nan;nan;nan
fbk_vineyard,outliers,vineyard_split_3_frame_0250.png,nan;nan;nan;nan;nan;nan;nan;nan;nan,nan;nan;nan
fbk_vineyard,outliers,vineyard_split_3_frame_1495.png,nan;nan;nan;nan;nan;nan;nan;nan;nan,nan;nan;nan
fbk_vineyard,outliers,vineyard_split_3_frame_0120.png,nan;nan;nan;nan;nan;nan;nan;nan;nan,nan;nan;nan
fbk_vineyard,outliers,vineyard_split_3_frame_1510.png,nan;nan;nan;nan;nan;nan;nan;nan;nan,nan;nan;nan
fbk_vineyard,outliers,vineyard_split_3_frame_0105.png,nan;nan;nan;nan;nan;nan;nan;nan;nan,nan;nan;nan
fbk_vineyard,outliers,vineyard_split_3_frame_1535.png,nan;nan;nan;nan;nan;nan;nan;nan;nan,nan;nan;nan
fbk_vineyard,outliers,vineyard_split_3_frame_1540.png,nan;nan;nan;nan;nan;nan;nan;nan;nan,nan;nan;nan
fbk_vineyard,outliers,vineyard_split_3_frame_0205.png,nan;nan;nan;nan;nan;nan;nan;nan;nan,nan;nan;nan
fbk_vineyard,outliers,vineyard_split_3_frame_1410.png,nan;nan;nan;nan;nan;nan;nan;nan;nan,nan;nan;nan
fbk_vineyard,outliers,vineyard_split_3_frame_0305.png,nan;nan;nan;nan;nan;nan;nan;nan;nan,nan;nan;nan
fbk_vineyard,outliers,vineyard_split_3_frame_0235.png,nan;nan;nan;nan;nan;nan;nan;nan;nan,nan;nan;nan
fbk_vineyard,outliers,vineyard_split_3_frame_1505.png,nan;nan;nan;nan;nan;nan;nan;nan;nan,nan;nan;nan
fbk_vineyard,outliers,vineyard_split_3_frame_0175.png,nan;nan;nan;nan;nan;nan;nan;nan;nan,nan;nan;nan
fbk_vineyard,outliers,vineyard_split_3_frame_1545.png,nan;nan;nan;nan;nan;nan;nan;nan;nan,nan;nan;nan
fbk_vineyard,outliers,vineyard_split_3_frame_1520.png,nan;nan;nan;nan;nan;nan;nan;nan;nan,nan;nan;nan
fbk_vineyard,outliers,vineyard_split_3_frame_1465.png,nan;nan;nan;nan;nan;nan;nan;nan;nan,nan;nan;nan
fbk_vineyard,outliers,vineyard_split_3_frame_1525.png,nan;nan;nan;nan;nan;nan;nan;nan;nan,nan;nan;nan
fbk_vineyard,outliers,vineyard_split_3_frame_0110.png,nan;nan;nan;nan;nan;nan;nan;nan;nan,nan;nan;nan
fbk_vineyard,outliers,vineyard_split_3_frame_0195.png,nan;nan;nan;nan;nan;nan;nan;nan;nan,nan;nan;nan
fbk_vineyard,outliers,vineyard_split_3_frame_1570.png,nan;nan;nan;nan;nan;nan;nan;nan;nan,nan;nan;nan
fbk_vineyard,outliers,vineyard_split_3_frame_0210.png,nan;nan;nan;nan;nan;nan;nan;nan;nan,nan;nan;nan
fbk_vineyard,outliers,vineyard_split_3_frame_0100.png,nan;nan;nan;nan;nan;nan;nan;nan;nan,nan;nan;nan
fbk_vineyard,outliers,vineyard_split_3_frame_1560.png,nan;nan;nan;nan;nan;nan;nan;nan;nan,nan;nan;nan
fbk_vineyard,outliers,vineyard_split_3_frame_1430.png,nan;nan;nan;nan;nan;nan;nan;nan;nan,nan;nan;nan
fbk_vineyard,outliers,vineyard_split_3_frame_0245.png,nan;nan;nan;nan;nan;nan;nan;nan;nan,nan;nan;nan
fbk_vineyard,outliers,vineyard_split_3_frame_0130.png,nan;nan;nan;nan;nan;nan;nan;nan;nan,nan;nan;nan
fbk_vineyard,outliers,vineyard_split_3_frame_0135.png,nan;nan;nan;nan;nan;nan;nan;nan;nan,nan;nan;nan
fbk_vineyard,outliers,vineyard_split_3_frame_0220.png,nan;nan;nan;nan;nan;nan;nan;nan;nan,nan;nan;nan
fbk_vineyard,outliers,vineyard_split_3_frame_0200.png,nan;nan;nan;nan;nan;nan;nan;nan;nan,nan;nan;nan
fbk_vineyard,outliers,vineyard_split_3_frame_1440.png,nan;nan;nan;nan;nan;nan;nan;nan;nan,nan;nan;nan
fbk_vineyard,outliers,vineyard_split_3_frame_0240.png,nan;nan;nan;nan;nan;nan;nan;nan;nan,nan;nan;nan
fbk_vineyard,outliers,vineyard_split_3_frame_1460.png,nan;nan;nan;nan;nan;nan;nan;nan;nan,nan;nan;nan
fbk_vineyard,outliers,vineyard_split_3_frame_1515.png,nan;nan;nan;nan;nan;nan;nan;nan;nan,nan;nan;nan
fbk_vineyard,outliers,vineyard_split_3_frame_0165.png,nan;nan;nan;nan;nan;nan;nan;nan;nan,nan;nan;nan
fbk_vineyard,outliers,vineyard_split_3_frame_0230.png,nan;nan;nan;nan;nan;nan;nan;nan;nan,nan;nan;nan
fbk_vineyard,outliers,vineyard_split_3_frame_0185.png,nan;nan;nan;nan;nan;nan;nan;nan;nan,nan;nan;nan
fbk_vineyard,outliers,vineyard_split_3_frame_1400.png,nan;nan;nan;nan;nan;nan;nan;nan;nan,nan;nan;nan
fbk_vineyard,outliers,vineyard_split_3_frame_1415.png,nan;nan;nan;nan;nan;nan;nan;nan;nan,nan;nan;nan
fbk_vineyard,outliers,vineyard_split_3_frame_1435.png,nan;nan;nan;nan;nan;nan;nan;nan;nan,nan;nan;nan
fbk_vineyard,outliers,vineyard_split_3_frame_0260.png,nan;nan;nan;nan;nan;nan;nan;nan;nan,nan;nan;nan
fbk_vineyard,outliers,vineyard_split_3_frame_0115.png,nan;nan;nan;nan;nan;nan;nan;nan;nan,nan;nan;nan
fbk_vineyard,outliers,vineyard_split_3_frame_1420.png,nan;nan;nan;nan;nan;nan;nan;nan;nan,nan;nan;nan
fbk_vineyard,outliers,vineyard_split_3_frame_0300.png,nan;nan;nan;nan;nan;nan;nan;nan;nan,nan;nan;nan
fbk_vineyard,outliers,vineyard_split_3_frame_1485.png,nan;nan;nan;nan;nan;nan;nan;nan;nan,nan;nan;nan
fbk_vineyard,outliers,vineyard_split_3_frame_0085.png,nan;nan;nan;nan;nan;nan;nan;nan;nan,nan;nan;nan
fbk_vineyard,outliers,vineyard_split_3_frame_0095.png,nan;nan;nan;nan;nan;nan;nan;nan;nan,nan;nan;nan
fbk_vineyard,outliers,vineyard_split_3_frame_0155.png,nan;nan;nan;nan;nan;nan;nan;nan;nan,nan;nan;nan
fbk_vineyard,outliers,vineyard_split_3_frame_0180.png,nan;nan;nan;nan;nan;nan;nan;nan;nan,nan;nan;nan
fbk_vineyard,outliers,vineyard_split_3_frame_1530.png,nan;nan;nan;nan;nan;nan;nan;nan;nan,nan;nan;nan
fbk_vineyard,outliers,vineyard_split_3_frame_1470.png,nan;nan;nan;nan;nan;nan;nan;nan;nan,nan;nan;nan
fbk_vineyard,outliers,vineyard_split_3_frame_1565.png,nan;nan;nan;nan;nan;nan;nan;nan;nan,nan;nan;nan
fbk_vineyard,outliers,vineyard_split_1_frame_0950.png,nan;nan;nan;nan;nan;nan;nan;nan;nan,nan;nan;nan
fbk_vineyard,outliers,vineyard_split_1_frame_1005.png,nan;nan;nan;nan;nan;nan;nan;nan;nan,nan;nan;nan
fbk_vineyard,outliers,vineyard_split_1_frame_0915.png,nan;nan;nan;nan;nan;nan;nan;nan;nan,nan;nan;nan
fbk_vineyard,outliers,vineyard_split_1_frame_0995.png,nan;nan;nan;nan;nan;nan;nan;nan;nan,nan;nan;nan
fbk_vineyard,outliers,vineyard_split_1_frame_1070.png,nan;nan;nan;nan;nan;nan;nan;nan;nan,nan;nan;nan
fbk_vineyard,outliers,vineyard_split_1_frame_1015.png,nan;nan;nan;nan;nan;nan;nan;nan;nan,nan;nan;nan
fbk_vineyard,outliers,vineyard_split_1_frame_0990.png,nan;nan;nan;nan;nan;nan;nan;nan;nan,nan;nan;nan
fbk_vineyard,outliers,vineyard_split_1_frame_1055.png,nan;nan;nan;nan;nan;nan;nan;nan;nan,nan;nan;nan
fbk_vineyard,outliers,vineyard_split_1_frame_0965.png,nan;nan;nan;nan;nan;nan;nan;nan;nan,nan;nan;nan
fbk_vineyard,outliers,vineyard_split_1_frame_0935.png,nan;nan;nan;nan;nan;nan;nan;nan;nan,nan;nan;nan
fbk_vineyard,outliers,vineyard_split_1_frame_0970.png,nan;nan;nan;nan;nan;nan;nan;nan;nan,nan;nan;nan
fbk_vineyard,outliers,vineyard_split_1_frame_0960.png,nan;nan;nan;nan;nan;nan;nan;nan;nan,nan;nan;nan
fbk_vineyard,outliers,vineyard_split_1_frame_1095.png,nan;nan;nan;nan;nan;nan;nan;nan;nan,nan;nan;nan
fbk_vineyard,outliers,vineyard_split_1_frame_0945.png,nan;nan;nan;nan;nan;nan;nan;nan;nan,nan;nan;nan
fbk_vineyard,outliers,vineyard_split_1_frame_0905.png,nan;nan;nan;nan;nan;nan;nan;nan;nan,nan;nan;nan
fbk_vineyard,outliers,vineyard_split_1_frame_1085.png,nan;nan;nan;nan;nan;nan;nan;nan;nan,nan;nan;nan
fbk_vineyard,outliers,vineyard_split_1_frame_0955.png,nan;nan;nan;nan;nan;nan;nan;nan;nan,nan;nan;nan
fbk_vineyard,outliers,vineyard_split_1_frame_1065.png,nan;nan;nan;nan;nan;nan;nan;nan;nan,nan;nan;nan
fbk_vineyard,outliers,vineyard_split_1_frame_0980.png,nan;nan;nan;nan;nan;nan;nan;nan;nan,nan;nan;nan
fbk_vineyard,outliers,vineyard_split_1_frame_1045.png,nan;nan;nan;nan;nan;nan;nan;nan;nan,nan;nan;nan
fbk_vineyard,outliers,vineyard_split_1_frame_1080.png,nan;nan;nan;nan;nan;nan;nan;nan;nan,nan;nan;nan
fbk_vineyard,outliers,vineyard_split_1_frame_1040.png,nan;nan;nan;nan;nan;nan;nan;nan;nan,nan;nan;nan
fbk_vineyard,outliers,vineyard_split_1_frame_1110.png,nan;nan;nan;nan;nan;nan;nan;nan;nan,nan;nan;nan
fbk_vineyard,outliers,vineyard_split_1_frame_1020.png,nan;nan;nan;nan;nan;nan;nan;nan;nan,nan;nan;nan
fbk_vineyard,outliers,vineyard_split_1_frame_1000.png,nan;nan;nan;nan;nan;nan;nan;nan;nan,nan;nan;nan
fbk_vineyard,outliers,vineyard_split_1_frame_1035.png,nan;nan;nan;nan;nan;nan;nan;nan;nan,nan;nan;nan
fbk_vineyard,outliers,vineyard_split_1_frame_0910.png,nan;nan;nan;nan;nan;nan;nan;nan;nan,nan;nan;nan
fbk_vineyard,outliers,vineyard_split_1_frame_1100.png,nan;nan;nan;nan;nan;nan;nan;nan;nan,nan;nan;nan
fbk_vineyard,outliers,vineyard_split_1_frame_0940.png,nan;nan;nan;nan;nan;nan;nan;nan;nan,nan;nan;nan
fbk_vineyard,outliers,vineyard_split_1_frame_1075.png,nan;nan;nan;nan;nan;nan;nan;nan;nan,nan;nan;nan
fbk_vineyard,outliers,vineyard_split_1_frame_1010.png,nan;nan;nan;nan;nan;nan;nan;nan;nan,nan;nan;nan
fbk_vineyard,outliers,vineyard_split_1_frame_0900.png,nan;nan;nan;nan;nan;nan;nan;nan;nan,nan;nan;nan
fbk_vineyard,outliers,vineyard_split_1_frame_1105.png,nan;nan;nan;nan;nan;nan;nan;nan;nan,nan;nan;nan
fbk_vineyard,outliers,vineyard_split_1_frame_0925.png,nan;nan;nan;nan;nan;nan;nan;nan;nan,nan;nan;nan
fbk_vineyard,outliers,vineyard_split_1_frame_0985.png,nan;nan;nan;nan;nan;nan;nan;nan;nan,nan;nan;nan
fbk_vineyard,outliers,vineyard_split_1_frame_0930.png,nan;nan;nan;nan;nan;nan;nan;nan;nan,nan;nan;nan
fbk_vineyard,outliers,vineyard_split_1_frame_1030.png,nan;nan;nan;nan;nan;nan;nan;nan;nan,nan;nan;nan
fbk_vineyard,outliers,vineyard_split_1_frame_1025.png,nan;nan;nan;nan;nan;nan;nan;nan;nan,nan;nan;nan
fbk_vineyard,outliers,vineyard_split_1_frame_0920.png,nan;nan;nan;nan;nan;nan;nan;nan;nan,nan;nan;nan
fbk_vineyard,outliers,vineyard_split_1_frame_1060.png,nan;nan;nan;nan;nan;nan;nan;nan;nan,nan;nan;nan
fbk_vineyard,outliers,vineyard_split_1_frame_1050.png,nan;nan;nan;nan;nan;nan;nan;nan;nan,nan;nan;nan
fbk_vineyard,outliers,vineyard_split_1_frame_1090.png,nan;nan;nan;nan;nan;nan;nan;nan;nan,nan;nan;nan
fbk_vineyard,outliers,vineyard_split_1_frame_0975.png,nan;nan;nan;nan;nan;nan;nan;nan;nan,nan;nan;nan
ETs,outliers,outliers_out_et001.png,nan;nan;nan;nan;nan;nan;nan;nan;nan,nan;nan;nan
ETs,outliers,outliers_out_et003.png,nan;nan;nan;nan;nan;nan;nan;nan;nan,nan;nan;nan
ETs,outliers,outliers_out_et002.png,nan;nan;nan;nan;nan;nan;nan;nan;nan,nan;nan;nan
ETs,cluster2,et_et007.png,0.739259942;-0.111102639;0.664191946;0.182466706;0.982448117;-0.038750467;-0.648228848;0.149839584;0.746557071,-2.871209203;-0.287041318;2.524293826
ETs,cluster2,et_et003.png,0.833300519;0.070641664;-0.548288246;-0.059105925;0.997501743;0.038688016;0.549651467;0.000168340;0.835394061,3.887245033;-1.100287702;1.858007101
ETs,cluster2,et_et006.png,0.783665149;-0.089856833;0.614650049;0.116487096;0.993186647;-0.003322657;-0.610163658;0.074202650;0.788792924,-2.299925217;-0.807154840;1.989767994
ETs,cluster2,et_et001.png,0.956602492;0.175777046;-0.232409341;-0.157553067;0.982937284;0.094928007;0.245129971;-0.054191563;0.967974469,2.085477727;-1.289378446;1.930318490
ETs,cluster2,et_et004.png,0.980430598;-0.016921261;-0.196136468;-0.051210090;0.940079330;-0.337088089;0.190087795;0.340535643;0.920816000,2.020907857;1.351658375;0.712829781
ETs,cluster2,et_et002.png,0.998854556;0.032744525;-0.034890861;-0.030448408;0.997458080;0.064422614;0.036911660;-0.063286450;0.997312566,1.306394755;-0.933775351;1.956497062
ETs,cluster2,et_et008.png,0.499566364;-0.260177082;0.826281631;0.453205242;0.891381246;0.006669489;-0.738267199;0.371143315;0.563217705,-3.994479901;-1.171622434;2.955901925
ETs,cluster2,et_et005.png,0.744852748;-0.129595100;0.654522340;0.300528731;0.940979685;-0.155691088;-0.595715423;0.312669703;0.739838355,-2.510324370;0.056746558;1.650629062
ETs,cluster2,et_et000.png,0.867296732;0.130468336;-0.480389832;-0.129373335;0.990958067;0.035561908;0.480685883;0.031306908;0.876333817,3.580233712;-1.120583359;1.594465409
ETs,cluster3,another_et_another_et006.png,0.941801316;0.226795047;-0.248141670;-0.238305108;0.971042240;-0.016960044;0.237109589;0.075106419;0.968575278,-0.297172640;-0.329743074;1.497766908
ETs,cluster3,another_et_another_et002.png,0.991859695;0.066505897;0.108587804;-0.067987308;0.997636133;0.009993610;-0.107666483;-0.017294851;0.994036627,-1.811566720;-0.543607911;1.648375237
ETs,cluster3,another_et_another_et010.png,-0.124969620;0.300621140;-0.945520769;-0.511232295;0.797228525;0.321042396;0.850308259;0.523501299;0.054057889,4.547319071;-1.139660645;3.647081160
ETs,cluster3,another_et_another_et004.png,0.988780100;0.051440116;0.140242033;-0.071399888;0.987398132;0.141233792;-0.131209639;-0.149662429;0.979992443,-1.966060150;-0.925542727;0.610625151
ETs,cluster3,another_et_another_et007.png,0.824123258;0.273371914;-0.496073233;-0.303763852;0.952531656;0.020272302;0.478067336;0.133982241;0.868043997,0.947975276;-0.154659930;1.030553363
ETs,cluster3,another_et_another_et008.png,0.632516197;0.295195255;-0.716088697;-0.357087161;0.931548440;0.068602209;0.687322355;0.212314072;0.694629912,2.255626752;-0.350257826;1.611536574
ETs,cluster3,another_et_another_et003.png,0.986252242;0.041024735;0.160073381;-0.030998402;0.997427157;-0.064638733;-0.162313324;0.058788076;0.984986470,-2.084863697;0.472135338;0.109174503
ETs,cluster3,another_et_another_et005.png,0.977532943;0.071724948;0.198204131;-0.089803849;0.992429992;0.083773386;-0.190695083;-0.099690738;0.976574187,-2.267082773;-1.338056070;1.775299756
ETs,cluster3,another_et_another_et001.png,0.990283333;0.061911826;0.124522470;-0.067479638;0.996877872;0.041000086;-0.121595305;-0.049004433;0.991369329,-1.820002861;-0.963753536;2.978632441
ETs,cluster3,another_et_another_et009.png,0.385582867;0.307973117;-0.869757674;-0.436066559;0.891555212;0.122373446;0.813124719;0.332087133;0.478065192,3.558907459;-0.562625080;2.030019651
stairs,outliers,stairs_split_1_1710453963274.png,nan;nan;nan;nan;nan;nan;nan;nan;nan,nan;nan;nan
stairs,outliers,stairs_split_1_1710453947066.png,nan;nan;nan;nan;nan;nan;nan;nan;nan,nan;nan;nan
stairs,outliers,stairs_split_1_1710453985484.png,nan;nan;nan;nan;nan;nan;nan;nan;nan,nan;nan;nan
stairs,outliers,stairs_split_1_1710453930259.png,nan;nan;nan;nan;nan;nan;nan;nan;nan,nan;nan;nan
stairs,outliers,stairs_split_1_1710453901046.png,nan;nan;nan;nan;nan;nan;nan;nan;nan,nan;nan;nan
stairs,outliers,stairs_split_1_1710453693529.png,nan;nan;nan;nan;nan;nan;nan;nan;nan,nan;nan;nan
stairs,outliers,stairs_split_1_1710453689727.png,nan;nan;nan;nan;nan;nan;nan;nan;nan,nan;nan;nan
stairs,outliers,stairs_split_1_1710453704934.png,nan;nan;nan;nan;nan;nan;nan;nan;nan,nan;nan;nan
stairs,outliers,stairs_split_1_1710453675921.png,nan;nan;nan;nan;nan;nan;nan;nan;nan,nan;nan;nan
stairs,outliers,stairs_split_1_1710453606287.png,nan;nan;nan;nan;nan;nan;nan;nan;nan,nan;nan;nan
stairs,outliers,stairs_split_1_1710453990286.png,nan;nan;nan;nan;nan;nan;nan;nan;nan,nan;nan;nan
stairs,outliers,stairs_split_1_1710453663515.png,nan;nan;nan;nan;nan;nan;nan;nan;nan,nan;nan;nan
stairs,outliers,stairs_split_1_1710453912451.png,nan;nan;nan;nan;nan;nan;nan;nan;nan,nan;nan;nan
stairs,outliers,stairs_split_1_1710453668718.png,nan;nan;nan;nan;nan;nan;nan;nan;nan,nan;nan;nan
stairs,outliers,stairs_split_1_1710453601885.png,nan;nan;nan;nan;nan;nan;nan;nan;nan,nan;nan;nan
stairs,outliers,stairs_split_1_1710453955270.png,nan;nan;nan;nan;nan;nan;nan;nan;nan,nan;nan;nan
stairs,outliers,stairs_split_1_1710453616892.png,nan;nan;nan;nan;nan;nan;nan;nan;nan,nan;nan;nan
stairs,outliers,stairs_split_1_1710453678922.png,nan;nan;nan;nan;nan;nan;nan;nan;nan,nan;nan;nan
stairs,outliers,stairs_split_1_1710453626698.png,nan;nan;nan;nan;nan;nan;nan;nan;nan,nan;nan;nan
stairs,outliers,stairs_split_1_1710453683725.png,nan;nan;nan;nan;nan;nan;nan;nan;nan,nan;nan;nan
stairs,outliers,stairs_split_1_1710453576271.png,nan;nan;nan;nan;nan;nan;nan;nan;nan,nan;nan;nan
stairs,outliers,stairs_split_1_1710453643106.png,nan;nan;nan;nan;nan;nan;nan;nan;nan,nan;nan;nan
stairs,outliers,stairs_split_1_1710453697531.png,nan;nan;nan;nan;nan;nan;nan;nan;nan,nan;nan;nan
stairs,outliers,stairs_split_1_1710453651110.png,nan;nan;nan;nan;nan;nan;nan;nan;nan,nan;nan;nan
stairs,outliers,stairs_split_1_1710453612890.png,nan;nan;nan;nan;nan;nan;nan;nan;nan,nan;nan;nan
stairs,outliers,stairs_split_1_1710453659313.png,nan;nan;nan;nan;nan;nan;nan;nan;nan,nan;nan;nan
stairs,outliers,stairs_split_1_1710453620694.png,nan;nan;nan;nan;nan;nan;nan;nan;nan,nan;nan;nan
stairs,outliers,stairs_split_1_1710453667117.png,nan;nan;nan;nan;nan;nan;nan;nan;nan,nan;nan;nan
stairs,outliers,stairs_split_2_1710453862225.png,nan;nan;nan;nan;nan;nan;nan;nan;nan,nan;nan;nan
stairs,outliers,stairs_split_2_1710453871430.png,nan;nan;nan;nan;nan;nan;nan;nan;nan,nan;nan;nan
stairs,outliers,stairs_split_2_1710453801783.png,nan;nan;nan;nan;nan;nan;nan;nan;nan,nan;nan;nan
stairs,outliers,stairs_split_2_1710453798181.png,nan;nan;nan;nan;nan;nan;nan;nan;nan,nan;nan;nan
stairs,outliers,stairs_split_2_1710453793579.png,nan;nan;nan;nan;nan;nan;nan;nan;nan,nan;nan;nan
stairs,outliers,stairs_split_2_1710453786375.png,nan;nan;nan;nan;nan;nan;nan;nan;nan,nan;nan;nan
stairs,outliers,stairs_split_2_1710453783374.png,nan;nan;nan;nan;nan;nan;nan;nan;nan,nan;nan;nan
stairs,outliers,stairs_split_2_1710453790978.png,nan;nan;nan;nan;nan;nan;nan;nan;nan,nan;nan;nan
stairs,outliers,stairs_split_2_1710453779372.png,nan;nan;nan;nan;nan;nan;nan;nan;nan,nan;nan;nan
stairs,outliers,stairs_split_2_1710453720741.png,nan;nan;nan;nan;nan;nan;nan;nan;nan,nan;nan;nan
stairs,outliers,stairs_split_2_1710453728949.png,nan;nan;nan;nan;nan;nan;nan;nan;nan,nan;nan;nan
stairs,outliers,stairs_split_2_1710453740954.png,nan;nan;nan;nan;nan;nan;nan;nan;nan,nan;nan;nan
stairs,outliers,stairs_split_2_1710453753160.png,nan;nan;nan;nan;nan;nan;nan;nan;nan,nan;nan;nan
stairs,outliers,stairs_split_2_1710453739354.png,nan;nan;nan;nan;nan;nan;nan;nan;nan,nan;nan;nan
stairs,outliers,stairs_split_2_1710453745156.png,nan;nan;nan;nan;nan;nan;nan;nan;nan,nan;nan;nan
stairs,outliers,stairs_split_2_1710453756762.png,nan;nan;nan;nan;nan;nan;nan;nan;nan,nan;nan;nan
stairs,outliers,stairs_split_2_1710453725143.png,nan;nan;nan;nan;nan;nan;nan;nan;nan,nan;nan;nan
stairs,outliers,stairs_split_2_1710453736752.png,nan;nan;nan;nan;nan;nan;nan;nan;nan,nan;nan;nan
stairs,outliers,stairs_split_2_1710453733751.png,nan;nan;nan;nan;nan;nan;nan;nan;nan,nan;nan;nan
stairs,outliers,stairs_split_2_1710453759963.png,nan;nan;nan;nan;nan;nan;nan;nan;nan,nan;nan;nan
stairs,outliers,stairs_split_2_1710453805788.png,nan;nan;nan;nan;nan;nan;nan;nan;nan,nan;nan;nan
stairs,outliers,stairs_split_2_1710453765165.png,nan;nan;nan;nan;nan;nan;nan;nan;nan,nan;nan;nan
stairs,outliers,stairs_split_2_1710453774370.png,nan;nan;nan;nan;nan;nan;nan;nan;nan,nan;nan;nan
