dataset,scene,image,rotation_matrix,translation_vector
imc2023_haiper,outliers,fountain_image_116.png,nan;nan;nan;nan;nan;nan;nan;nan;nan,nan;nan;nan
imc2023_haiper,outliers,fountain_image_108.png,nan;nan;nan;nan;nan;nan;nan;nan;nan,nan;nan;nan
imc2023_haiper,outliers,fountain_image_101.png,nan;nan;nan;nan;nan;nan;nan;nan;nan,nan;nan;nan
imc2023_haiper,outliers,fountain_image_082.png,nan;nan;nan;nan;nan;nan;nan;nan;nan,nan;nan;nan
imc2023_haiper,outliers,fountain_image_071.png,nan;nan;nan;nan;nan;nan;nan;nan;nan,nan;nan;nan
imc2023_haiper,outliers,fountain_image_025.png,nan;nan;nan;nan;nan;nan;nan;nan;nan,nan;nan;nan
imc2023_haiper,outliers,fountain_image_000.png,nan;nan;nan;nan;nan;nan;nan;nan;nan,nan;nan;nan
imc2023_haiper,outliers,fountain_image_007.png,nan;nan;nan;nan;nan;nan;nan;nan;nan,nan;nan;nan
imc2023_haiper,outliers,fountain_image_012.png,nan;nan;nan;nan;nan;nan;nan;nan;nan,nan;nan;nan
imc2023_haiper,outliers,fountain_image_033.png,nan;nan;nan;nan;nan;nan;nan;nan;nan,nan;nan;nan
imc2023_haiper,outliers,fountain_image_173.png,nan;nan;nan;nan;nan;nan;nan;nan;nan,nan;nan;nan
imc2023_haiper,outliers,fountain_image_056.png,nan;nan;nan;nan;nan;nan;nan;nan;nan,nan;nan;nan
imc2023_haiper,outliers,fountain_image_186.png,nan;nan;nan;nan;nan;nan;nan;nan;nan,nan;nan;nan
imc2023_haiper,outliers,fountain_image_199.png,nan;nan;nan;nan;nan;nan;nan;nan;nan,nan;nan;nan
imc2023_haiper,outliers,fountain_image_230.png,nan;nan;nan;nan;nan;nan;nan;nan;nan,nan;nan;nan
imc2023_haiper,outliers,fountain_image_214.png,nan;nan;nan;nan;nan;nan;nan;nan;nan,nan;nan;nan
imc2023_haiper,outliers,fountain_image_041.png,nan;nan;nan;nan;nan;nan;nan;nan;nan,nan;nan;nan
imc2023_haiper,outliers,fountain_image_166.png,nan;nan;nan;nan;nan;nan;nan;nan;nan,nan;nan;nan
imc2023_haiper,outliers,fountain_image_163.png,nan;nan;nan;nan;nan;nan;nan;nan;nan,nan;nan;nan
imc2023_haiper,outliers,fountain_image_155.png,nan;nan;nan;nan;nan;nan;nan;nan;nan,nan;nan;nan
imc2023_haiper,outliers,fountain_image_143.png,nan;nan;nan;nan;nan;nan;nan;nan;nan,nan;nan;nan
imc2023_haiper,outliers,fountain_image_136.png,nan;nan;nan;nan;nan;nan;nan;nan;nan,nan;nan;nan
imc2023_haiper,outliers,fountain_image_129.png,nan;nan;nan;nan;nan;nan;nan;nan;nan,nan;nan;nan
imc2023_haiper,outliers,bike_image_119.png,nan;nan;nan;nan;nan;nan;nan;nan;nan,nan;nan;nan
imc2023_haiper,outliers,bike_image_115.png,nan;nan;nan;nan;nan;nan;nan;nan;nan,nan;nan;nan
imc2023_haiper,outliers,bike_image_038.png,nan;nan;nan;nan;nan;nan;nan;nan;nan,nan;nan;nan
imc2023_haiper,outliers,bike_image_049.png,nan;nan;nan;nan;nan;nan;nan;nan;nan,nan;nan;nan
imc2023_haiper,outliers,bike_image_139.png,nan;nan;nan;nan;nan;nan;nan;nan;nan,nan;nan;nan
imc2023_haiper,outliers,bike_image_029.png,nan;nan;nan;nan;nan;nan;nan;nan;nan,nan;nan;nan
imc2023_haiper,outliers,bike_image_150.png,nan;nan;nan;nan;nan;nan;nan;nan;nan,nan;nan;nan
imc2023_haiper,outliers,bike_image_137.png,nan;nan;nan;nan;nan;nan;nan;nan;nan,nan;nan;nan
imc2023_haiper,outliers,bike_image_004.png,nan;nan;nan;nan;nan;nan;nan;nan;nan,nan;nan;nan
imc2023_haiper,outliers,bike_image_128.png,nan;nan;nan;nan;nan;nan;nan;nan;nan,nan;nan;nan
imc2023_haiper,outliers,bike_image_062.png,nan;nan;nan;nan;nan;nan;nan;nan;nan,nan;nan;nan
imc2023_haiper,outliers,bike_image_076.png,nan;nan;nan;nan;nan;nan;nan;nan;nan,nan;nan;nan
imc2023_haiper,outliers,bike_image_088.png,nan;nan;nan;nan;nan;nan;nan;nan;nan,nan;nan;nan
imc2023_haiper,outliers,bike_image_094.png,nan;nan;nan;nan;nan;nan;nan;nan;nan,nan;nan;nan
imc2023_haiper,outliers,bike_image_101.png,nan;nan;nan;nan;nan;nan;nan;nan;nan,nan;nan;nan
imc2023_haiper,outliers,chairs_image_122.png,nan;nan;nan;nan;nan;nan;nan;nan;nan,nan;nan;nan
imc2023_haiper,outliers,chairs_image_115.png,nan;nan;nan;nan;nan;nan;nan;nan;nan,nan;nan;nan
imc2023_haiper,outliers,chairs_image_103.png,nan;nan;nan;nan;nan;nan;nan;nan;nan,nan;nan;nan
imc2023_haiper,outliers,chairs_image_094.png,nan;nan;nan;nan;nan;nan;nan;nan;nan,nan;nan;nan
imc2023_haiper,outliers,chairs_image_051.png,nan;nan;nan;nan;nan;nan;nan;nan;nan,nan;nan;nan
imc2023_haiper,outliers,chairs_image_131.png,nan;nan;nan;nan;nan;nan;nan;nan;nan,nan;nan;nan
imc2023_haiper,outliers,chairs_image_004.png,nan;nan;nan;nan;nan;nan;nan;nan;nan,nan;nan;nan
imc2023_haiper,outliers,chairs_image_160.png,nan;nan;nan;nan;nan;nan;nan;nan;nan,nan;nan;nan
imc2023_haiper,outliers,chairs_image_035.png,nan;nan;nan;nan;nan;nan;nan;nan;nan,nan;nan;nan
imc2023_haiper,outliers,chairs_image_045.png,nan;nan;nan;nan;nan;nan;nan;nan;nan,nan;nan;nan
imc2023_haiper,outliers,chairs_image_155.png,nan;nan;nan;nan;nan;nan;nan;nan;nan,nan;nan;nan
imc2023_haiper,outliers,chairs_image_152.png,nan;nan;nan;nan;nan;nan;nan;nan;nan,nan;nan;nan
imc2023_haiper,outliers,chairs_image_020.png,nan;nan;nan;nan;nan;nan;nan;nan;nan,nan;nan;nan
imc2023_haiper,outliers,chairs_image_144.png,nan;nan;nan;nan;nan;nan;nan;nan;nan,nan;nan;nan
imc2023_haiper,outliers,chairs_image_141.png,nan;nan;nan;nan;nan;nan;nan;nan;nan,nan;nan;nan
imc2023_haiper,outliers,chairs_image_073.png,nan;nan;nan;nan;nan;nan;nan;nan;nan,nan;nan;nan
imc2023_heritage,outliers,outliers_dsc_4115_thumb.png,nan;nan;nan;nan;nan;nan;nan;nan;nan,nan;nan;nan
imc2023_heritage,outliers,outliers_dsc_4120_thumb.png,nan;nan;nan;nan;nan;nan;nan;nan;nan,nan;nan;nan
imc2023_heritage,outliers,outliers_dsc_4122_thumb.png,nan;nan;nan;nan;nan;nan;nan;nan;nan,nan;nan;nan
imc2023_heritage,outliers,outliers_dsc_4125_thumb.png,nan;nan;nan;nan;nan;nan;nan;nan;nan,nan;nan;nan
imc2023_heritage,outliers,outliers_dsc_4127_thumb.png,nan;nan;nan;nan;nan;nan;nan;nan;nan,nan;nan;nan
imc2023_heritage,outliers,outliers_dsc_4128_thumb.png,nan;nan;nan;nan;nan;nan;nan;nan;nan,nan;nan;nan
imc2023_heritage,outliers,outliers_dsc_4129_thumb.png,nan;nan;nan;nan;nan;nan;nan;nan;nan,nan;nan;nan
imc2023_heritage,outliers,outliers_dsc_4165_thumb.png,nan;nan;nan;nan;nan;nan;nan;nan;nan,nan;nan;nan
imc2023_heritage,outliers,outliers_dsc_4167_thumb.png,nan;nan;nan;nan;nan;nan;nan;nan;nan,nan;nan;nan
imc2023_heritage,outliers,outliers_dsc_4176_thumb.png,nan;nan;nan;nan;nan;nan;nan;nan;nan,nan;nan;nan
imc2023_heritage,outliers,outliers_dsc_4177_thumb.png,nan;nan;nan;nan;nan;nan;nan;nan;nan,nan;nan;nan
imc2023_heritage,outliers,outliers_dsc_4178_thumb.png,nan;nan;nan;nan;nan;nan;nan;nan;nan,nan;nan;nan
imc2023_heritage,outliers,outliers_dsc_4473_thumb.png,nan;nan;nan;nan;nan;nan;nan;nan;nan,nan;nan;nan
imc2023_heritage,outliers,outliers_dsc_4474_thumb.png,nan;nan;nan;nan;nan;nan;nan;nan;nan,nan;nan;nan
imc2023_heritage,outliers,outliers_img_3222.png,nan;nan;nan;nan;nan;nan;nan;nan;nan,nan;nan;nan
imc2023_heritage,outliers,outliers_img_3225.png,nan;nan;nan;nan;nan;nan;nan;nan;nan,nan;nan;nan
imc2023_heritage,outliers,outliers_img_3229.png,nan;nan;nan;nan;nan;nan;nan;nan;nan,nan;nan;nan
imc2023_heritage,outliers,outliers_img_3233.png,nan;nan;nan;nan;nan;nan;nan;nan;nan,nan;nan;nan
imc2023_heritage,outliers,outliers_img_3237.png,nan;nan;nan;nan;nan;nan;nan;nan;nan,nan;nan;nan
imc2023_heritage,outliers,outliers_img_3240.png,nan;nan;nan;nan;nan;nan;nan;nan;nan,nan;nan;nan
imc2023_heritage,outliers,outliers_img_3249.png,nan;nan;nan;nan;nan;nan;nan;nan;nan,nan;nan;nan
imc2023_heritage,outliers,outliers_img_3250.png,nan;nan;nan;nan;nan;nan;nan;nan;nan,nan;nan;nan
imc2023_heritage,outliers,outliers_img_3251.png,nan;nan;nan;nan;nan;nan;nan;nan;nan,nan;nan;nan
imc2023_heritage,outliers,outliers_img_3253.png,nan;nan;nan;nan;nan;nan;nan;nan;nan,nan;nan;nan
imc2023_heritage,outliers,outliers_img_3254.png,nan;nan;nan;nan;nan;nan;nan;nan;nan,nan;nan;nan
imc2023_heritage,outliers,outliers_img_3255.png,nan;nan;nan;nan;nan;nan;nan;nan;nan,nan;nan;nan
imc2023_heritage,outliers,outliers_img_3261.png,nan;nan;nan;nan;nan;nan;nan;nan;nan,nan;nan;nan
imc2023_heritage,outliers,outliers_img_3262.png,nan;nan;nan;nan;nan;nan;nan;nan;nan,nan;nan;nan
imc2023_heritage,outliers,outliers_img_8367.png,nan;nan;nan;nan;nan;nan;nan;nan;nan,nan;nan;nan
imc2023_heritage,outliers,outliers_img_8368.png,nan;nan;nan;nan;nan;nan;nan;nan;nan,nan;nan;nan
imc2023_heritage,outliers,outliers_img_8372.png,nan;nan;nan;nan;nan;nan;nan;nan;nan,nan;nan;nan
imc2023_heritage,outliers,outliers_img_8375.png,nan;nan;nan;nan;nan;nan;nan;nan;nan,nan;nan;nan
imc2023_heritage,outliers,outliers_img_8599.png,nan;nan;nan;nan;nan;nan;nan;nan;nan,nan;nan;nan
imc2023_heritage,outliers,outliers_img_8600.png,nan;nan;nan;nan;nan;nan;nan;nan;nan,nan;nan;nan
imc2023_heritage,outliers,outliers_img_8630_thumb.png,nan;nan;nan;nan;nan;nan;nan;nan;nan,nan;nan;nan
imc2023_heritage,outliers,outliers_img_8632.png,nan;nan;nan;nan;nan;nan;nan;nan;nan,nan;nan;nan
imc2023_heritage,outliers,outliers_img_8634.png,nan;nan;nan;nan;nan;nan;nan;nan;nan,nan;nan;nan
imc2023_heritage,outliers,outliers_img_8641.png,nan;nan;nan;nan;nan;nan;nan;nan;nan,nan;nan;nan
imc2023_heritage,outliers,outliers_img_8648.png,nan;nan;nan;nan;nan;nan;nan;nan;nan,nan;nan;nan
imc2023_heritage,outliers,outliers_img_8656_thumb.png,nan;nan;nan;nan;nan;nan;nan;nan;nan,nan;nan;nan
imc2023_heritage,outliers,outliers_img_8662.png,nan;nan;nan;nan;nan;nan;nan;nan;nan,nan;nan;nan
imc2023_heritage,outliers,outliers_img_8665_thumb.png,nan;nan;nan;nan;nan;nan;nan;nan;nan,nan;nan;nan
imc2023_heritage,outliers,outliers_img_8838_thumb.png,nan;nan;nan;nan;nan;nan;nan;nan;nan,nan;nan;nan
imc2023_heritage,outliers,outliers_img_8849_thumb.png,nan;nan;nan;nan;nan;nan;nan;nan;nan,nan;nan;nan
imc2023_heritage,outliers,outliers_img_8871.png,nan;nan;nan;nan;nan;nan;nan;nan;nan,nan;nan;nan
imc2023_heritage,outliers,outliers_img_8890.png,nan;nan;nan;nan;nan;nan;nan;nan;nan,nan;nan;nan
imc2023_heritage,outliers,outliers_img_8894.png,nan;nan;nan;nan;nan;nan;nan;nan;nan,nan;nan;nan
imc2023_heritage,outliers,outliers_img_8904.png,nan;nan;nan;nan;nan;nan;nan;nan;nan,nan;nan;nan
imc2023_heritage,outliers,outliers_img_8916.png,nan;nan;nan;nan;nan;nan;nan;nan;nan,nan;nan;nan
imc2023_heritage,outliers,outliers_img_8948_thumb.png,nan;nan;nan;nan;nan;nan;nan;nan;nan,nan;nan;nan
imc2023_heritage,outliers,outliers_img_8978_thumb.png,nan;nan;nan;nan;nan;nan;nan;nan;nan,nan;nan;nan
imc2023_heritage,outliers,outliers_img_9065.png,nan;nan;nan;nan;nan;nan;nan;nan;nan,nan;nan;nan
imc2023_heritage,outliers,outliers_img_9068.png,nan;nan;nan;nan;nan;nan;nan;nan;nan,nan;nan;nan
imc2023_heritage,outliers,outliers_img_9070.png,nan;nan;nan;nan;nan;nan;nan;nan;nan,nan;nan;nan
imc2023_heritage,outliers,outliers_img_9072.png,nan;nan;nan;nan;nan;nan;nan;nan;nan,nan;nan;nan
imc2023_heritage,outliers,outliers_img_9075.png,nan;nan;nan;nan;nan;nan;nan;nan;nan,nan;nan;nan
imc2023_heritage,outliers,outliers_img_9076.png,nan;nan;nan;nan;nan;nan;nan;nan;nan,nan;nan;nan
imc2023_heritage,outliers,outliers_img_9078.png,nan;nan;nan;nan;nan;nan;nan;nan;nan,nan;nan;nan
imc2023_heritage,outliers,outliers_img_9078_thumb.png,nan;nan;nan;nan;nan;nan;nan;nan;nan,nan;nan;nan
imc2023_heritage,outliers,outliers_img_9084.png,nan;nan;nan;nan;nan;nan;nan;nan;nan,nan;nan;nan
imc2023_heritage,outliers,outliers_img_9085.png,nan;nan;nan;nan;nan;nan;nan;nan;nan,nan;nan;nan
imc2023_heritage,outliers,dioscuri_archive_0069.png,nan;nan;nan;nan;nan;nan;nan;nan;nan,nan;nan;nan
imc2023_heritage,outliers,dioscuri_img_0055.png,nan;nan;nan;nan;nan;nan;nan;nan;nan,nan;nan;nan
imc2023_heritage,outliers,dioscuri_3dom_fbk_img_1541.png,nan;nan;nan;nan;nan;nan;nan;nan;nan,nan;nan;nan
imc2023_heritage,outliers,dioscuri_img_0258.png,nan;nan;nan;nan;nan;nan;nan;nan;nan,nan;nan;nan
imc2023_heritage,outliers,dioscuri_archive_0171.png,nan;nan;nan;nan;nan;nan;nan;nan;nan,nan;nan;nan
imc2023_heritage,outliers,dioscuri_img_0163.png,nan;nan;nan;nan;nan;nan;nan;nan;nan,nan;nan;nan
imc2023_heritage,outliers,dioscuri_3dom_fbk_img_1563.png,nan;nan;nan;nan;nan;nan;nan;nan;nan,nan;nan;nan
imc2023_heritage,outliers,dioscuri_img_0161.png,nan;nan;nan;nan;nan;nan;nan;nan;nan,nan;nan;nan
imc2023_heritage,outliers,dioscuri_img_0188.png,nan;nan;nan;nan;nan;nan;nan;nan;nan,nan;nan;nan
imc2023_heritage,outliers,dioscuri_img_0314.png,nan;nan;nan;nan;nan;nan;nan;nan;nan,nan;nan;nan
imc2023_heritage,outliers,dioscuri_img_0460.png,nan;nan;nan;nan;nan;nan;nan;nan;nan,nan;nan;nan
imc2023_heritage,outliers,dioscuri_img_0364.png,nan;nan;nan;nan;nan;nan;nan;nan;nan,nan;nan;nan
imc2023_heritage,outliers,dioscuri_3dom_fbk_img_1516.png,nan;nan;nan;nan;nan;nan;nan;nan;nan,nan;nan;nan
imc2023_heritage,outliers,dioscuri_3dom_fbk_img_1561.png,nan;nan;nan;nan;nan;nan;nan;nan;nan,nan;nan;nan
imc2023_heritage,outliers,dioscuri_img_0187.png,nan;nan;nan;nan;nan;nan;nan;nan;nan,nan;nan;nan
imc2023_heritage,outliers,dioscuri_img_0348.png,nan;nan;nan;nan;nan;nan;nan;nan;nan,nan;nan;nan
imc2023_heritage,outliers,dioscuri_archive_0036.png,nan;nan;nan;nan;nan;nan;nan;nan;nan,nan;nan;nan
imc2023_heritage,outliers,dioscuri_img_0238.png,nan;nan;nan;nan;nan;nan;nan;nan;nan,nan;nan;nan
imc2023_heritage,outliers,dioscuri_img_0369.png,nan;nan;nan;nan;nan;nan;nan;nan;nan,nan;nan;nan
imc2023_heritage,outliers,dioscuri_img_0276.png,nan;nan;nan;nan;nan;nan;nan;nan;nan,nan;nan;nan
imc2023_heritage,outliers,dioscuri_3dom_fbk_img_1566.png,nan;nan;nan;nan;nan;nan;nan;nan;nan,nan;nan;nan
imc2023_heritage,outliers,dioscuri_archive_0070.png,nan;nan;nan;nan;nan;nan;nan;nan;nan,nan;nan;nan
imc2023_heritage,outliers,dioscuri_img_0068.png,nan;nan;nan;nan;nan;nan;nan;nan;nan,nan;nan;nan
imc2023_heritage,outliers,dioscuri_archive_0022.png,nan;nan;nan;nan;nan;nan;nan;nan;nan,nan;nan;nan
imc2023_heritage,outliers,dioscuri_archive_0230.png,nan;nan;nan;nan;nan;nan;nan;nan;nan,nan;nan;nan
imc2023_heritage,outliers,dioscuri_img_0354.png,nan;nan;nan;nan;nan;nan;nan;nan;nan,nan;nan;nan
imc2023_heritage,outliers,dioscuri_img_0246.png,nan;nan;nan;nan;nan;nan;nan;nan;nan,nan;nan;nan
imc2023_heritage,outliers,dioscuri_archive_0004.png,nan;nan;nan;nan;nan;nan;nan;nan;nan,nan;nan;nan
imc2023_heritage,outliers,dioscuri_archive_0034.png,nan;nan;nan;nan;nan;nan;nan;nan;nan,nan;nan;nan
imc2023_heritage,outliers,dioscuri_img_0115.png,nan;nan;nan;nan;nan;nan;nan;nan;nan,nan;nan;nan
imc2023_heritage,outliers,dioscuri_archive_0068.png,nan;nan;nan;nan;nan;nan;nan;nan;nan,nan;nan;nan
imc2023_heritage,outliers,dioscuri_3dom_fbk_img_1548.png,nan;nan;nan;nan;nan;nan;nan;nan;nan,nan;nan;nan
imc2023_heritage,outliers,dioscuri_archive_0092.png,nan;nan;nan;nan;nan;nan;nan;nan;nan,nan;nan;nan
imc2023_heritage,outliers,dioscuri_img_0418.png,nan;nan;nan;nan;nan;nan;nan;nan;nan,nan;nan;nan
imc2023_heritage,outliers,dioscuri_img_0079.png,nan;nan;nan;nan;nan;nan;nan;nan;nan,nan;nan;nan
imc2023_heritage,outliers,dioscuri_img_0095.png,nan;nan;nan;nan;nan;nan;nan;nan;nan,nan;nan;nan
imc2023_heritage,outliers,dioscuri_archive_0003.png,nan;nan;nan;nan;nan;nan;nan;nan;nan,nan;nan;nan
imc2023_heritage,outliers,dioscuri_3dom_fbk_img_1580.png,nan;nan;nan;nan;nan;nan;nan;nan;nan,nan;nan;nan
imc2023_heritage,outliers,dioscuri_img_0181.png,nan;nan;nan;nan;nan;nan;nan;nan;nan,nan;nan;nan
imc2023_heritage,outliers,dioscuri_archive_0095.png,nan;nan;nan;nan;nan;nan;nan;nan;nan,nan;nan;nan
imc2023_heritage,outliers,dioscuri_archive_0033.png,nan;nan;nan;nan;nan;nan;nan;nan;nan,nan;nan;nan
imc2023_heritage,outliers,dioscuri_archive_0010.png,nan;nan;nan;nan;nan;nan;nan;nan;nan,nan;nan;nan
imc2023_heritage,outliers,dioscuri_img_0424.png,nan;nan;nan;nan;nan;nan;nan;nan;nan,nan;nan;nan
imc2023_heritage,outliers,dioscuri_img_0092.png,nan;nan;nan;nan;nan;nan;nan;nan;nan,nan;nan;nan
imc2023_heritage,outliers,dioscuri_archive_0160.png,nan;nan;nan;nan;nan;nan;nan;nan;nan,nan;nan;nan
imc2023_heritage,outliers,dioscuri_img_0339.png,nan;nan;nan;nan;nan;nan;nan;nan;nan,nan;nan;nan
imc2023_heritage,outliers,dioscuri_img_0132.png,nan;nan;nan;nan;nan;nan;nan;nan;nan,nan;nan;nan
imc2023_heritage,outliers,dioscuri_archive_0028.png,nan;nan;nan;nan;nan;nan;nan;nan;nan,nan;nan;nan
imc2023_heritage,outliers,dioscuri_img_0200.png,nan;nan;nan;nan;nan;nan;nan;nan;nan,nan;nan;nan
imc2023_heritage,outliers,dioscuri_3dom_fbk_img_1520.png,nan;nan;nan;nan;nan;nan;nan;nan;nan,nan;nan;nan
imc2023_heritage,outliers,dioscuri_img_0370.png,nan;nan;nan;nan;nan;nan;nan;nan;nan,nan;nan;nan
imc2023_heritage,outliers,dioscuri_img_0112.png,nan;nan;nan;nan;nan;nan;nan;nan;nan,nan;nan;nan
imc2023_heritage,outliers,dioscuri_img_0444.png,nan;nan;nan;nan;nan;nan;nan;nan;nan,nan;nan;nan
imc2023_heritage,outliers,dioscuri_img_0105.png,nan;nan;nan;nan;nan;nan;nan;nan;nan,nan;nan;nan
imc2023_heritage,outliers,dioscuri_img_0283.png,nan;nan;nan;nan;nan;nan;nan;nan;nan,nan;nan;nan
imc2023_heritage,outliers,dioscuri_archive_0026.png,nan;nan;nan;nan;nan;nan;nan;nan;nan,nan;nan;nan
imc2023_heritage,outliers,dioscuri_archive_0015.png,nan;nan;nan;nan;nan;nan;nan;nan;nan,nan;nan;nan
imc2023_heritage,outliers,dioscuri_img_0359.png,nan;nan;nan;nan;nan;nan;nan;nan;nan,nan;nan;nan
imc2023_heritage,outliers,dioscuri_archive_0116.png,nan;nan;nan;nan;nan;nan;nan;nan;nan,nan;nan;nan
imc2023_heritage,outliers,dioscuri_img_0277.png,nan;nan;nan;nan;nan;nan;nan;nan;nan,nan;nan;nan
imc2023_heritage,outliers,dioscuri_img_0376.png,nan;nan;nan;nan;nan;nan;nan;nan;nan,nan;nan;nan
imc2023_heritage,outliers,dioscuri_img_0412.png,nan;nan;nan;nan;nan;nan;nan;nan;nan,nan;nan;nan
imc2023_heritage,outliers,dioscuri_img_0230.png,nan;nan;nan;nan;nan;nan;nan;nan;nan,nan;nan;nan
imc2023_heritage,outliers,dioscuri_img_0266.png,nan;nan;nan;nan;nan;nan;nan;nan;nan,nan;nan;nan
imc2023_heritage,outliers,dioscuri_img_0237.png,nan;nan;nan;nan;nan;nan;nan;nan;nan,nan;nan;nan
imc2023_heritage,outliers,dioscuri_3dom_fbk_img_1524.png,nan;nan;nan;nan;nan;nan;nan;nan;nan,nan;nan;nan
imc2023_heritage,outliers,dioscuri_img_0081.png,nan;nan;nan;nan;nan;nan;nan;nan;nan,nan;nan;nan
imc2023_heritage,outliers,dioscuri_img_0209.png,nan;nan;nan;nan;nan;nan;nan;nan;nan,nan;nan;nan
imc2023_heritage,outliers,dioscuri_img_0401.png,nan;nan;nan;nan;nan;nan;nan;nan;nan,nan;nan;nan
imc2023_heritage,outliers,dioscuri_img_0213.png,nan;nan;nan;nan;nan;nan;nan;nan;nan,nan;nan;nan
imc2023_heritage,outliers,dioscuri_img_0338.png,nan;nan;nan;nan;nan;nan;nan;nan;nan,nan;nan;nan
imc2023_heritage,outliers,dioscuri_img_0216.png,nan;nan;nan;nan;nan;nan;nan;nan;nan,nan;nan;nan
imc2023_heritage,outliers,dioscuri_archive_0071.png,nan;nan;nan;nan;nan;nan;nan;nan;nan,nan;nan;nan
imc2023_heritage,outliers,dioscuri_archive_0072.png,nan;nan;nan;nan;nan;nan;nan;nan;nan,nan;nan;nan
imc2023_heritage,outliers,dioscuri_img_0227.png,nan;nan;nan;nan;nan;nan;nan;nan;nan,nan;nan;nan
imc2023_heritage,outliers,cyprus_dsc_6585.png,nan;nan;nan;nan;nan;nan;nan;nan;nan,nan;nan;nan
imc2023_heritage,outliers,cyprus_dsc_6577.png,nan;nan;nan;nan;nan;nan;nan;nan;nan,nan;nan;nan
imc2023_heritage,outliers,cyprus_dsc_6573.png,nan;nan;nan;nan;nan;nan;nan;nan;nan,nan;nan;nan
imc2023_heritage,outliers,cyprus_dsc_6569.png,nan;nan;nan;nan;nan;nan;nan;nan;nan,nan;nan;nan
imc2023_heritage,outliers,cyprus_dsc_6565.png,nan;nan;nan;nan;nan;nan;nan;nan;nan,nan;nan;nan
imc2023_heritage,outliers,cyprus_dsc_6557.png,nan;nan;nan;nan;nan;nan;nan;nan;nan,nan;nan;nan
imc2023_heritage,outliers,cyprus_dsc_6548.png,nan;nan;nan;nan;nan;nan;nan;nan;nan,nan;nan;nan
imc2023_heritage,outliers,cyprus_dsc_6540.png,nan;nan;nan;nan;nan;nan;nan;nan;nan,nan;nan;nan
imc2023_heritage,outliers,cyprus_dsc_6589.png,nan;nan;nan;nan;nan;nan;nan;nan;nan,nan;nan;nan
imc2023_heritage,outliers,cyprus_dsc_6593.png,nan;nan;nan;nan;nan;nan;nan;nan;nan,nan;nan;nan
imc2023_heritage,outliers,cyprus_dsc_6597.png,nan;nan;nan;nan;nan;nan;nan;nan;nan,nan;nan;nan
imc2023_heritage,outliers,cyprus_dsc_6601.png,nan;nan;nan;nan;nan;nan;nan;nan;nan,nan;nan;nan
imc2023_heritage,outliers,cyprus_dsc_6605.png,nan;nan;nan;nan;nan;nan;nan;nan;nan,nan;nan;nan
imc2023_heritage,outliers,cyprus_dsc_6480.png,nan;nan;nan;nan;nan;nan;nan;nan;nan,nan;nan;nan
imc2023_heritage,outliers,cyprus_dsc_6625.png,nan;nan;nan;nan;nan;nan;nan;nan;nan,nan;nan;nan
imc2023_heritage,outliers,cyprus_dsc_6500.png,nan;nan;nan;nan;nan;nan;nan;nan;nan,nan;nan;nan
imc2023_heritage,outliers,cyprus_dsc_6629.png,nan;nan;nan;nan;nan;nan;nan;nan;nan,nan;nan;nan
imc2023_heritage,outliers,cyprus_dsc_6512.png,nan;nan;nan;nan;nan;nan;nan;nan;nan,nan;nan;nan
imc2023_heritage,outliers,cyprus_dsc_6633.png,nan;nan;nan;nan;nan;nan;nan;nan;nan,nan;nan;nan
imc2023_heritage,outliers,cyprus_dsc_6508.png,nan;nan;nan;nan;nan;nan;nan;nan;nan,nan;nan;nan
imc2023_heritage,outliers,cyprus_dsc_6496.png,nan;nan;nan;nan;nan;nan;nan;nan;nan,nan;nan;nan
imc2023_heritage,outliers,cyprus_dsc_6621.png,nan;nan;nan;nan;nan;nan;nan;nan;nan,nan;nan;nan
imc2023_heritage,outliers,cyprus_dsc_6492.png,nan;nan;nan;nan;nan;nan;nan;nan;nan,nan;nan;nan
imc2023_heritage,outliers,cyprus_dsc_6617.png,nan;nan;nan;nan;nan;nan;nan;nan;nan,nan;nan;nan
imc2023_heritage,outliers,cyprus_dsc_6488.png,nan;nan;nan;nan;nan;nan;nan;nan;nan,nan;nan;nan
imc2023_heritage,outliers,cyprus_dsc_6613.png,nan;nan;nan;nan;nan;nan;nan;nan;nan,nan;nan;nan
imc2023_heritage,outliers,cyprus_dsc_6609.png,nan;nan;nan;nan;nan;nan;nan;nan;nan,nan;nan;nan
imc2023_heritage,outliers,cyprus_dsc_6520.png,nan;nan;nan;nan;nan;nan;nan;nan;nan,nan;nan;nan
imc2023_heritage,outliers,cyprus_dsc_6524.png,nan;nan;nan;nan;nan;nan;nan;nan;nan,nan;nan;nan
imc2023_heritage,outliers,cyprus_dsc_6528.png,nan;nan;nan;nan;nan;nan;nan;nan;nan,nan;nan;nan
imc2023_heritage,outliers,wall_dsc_5063_acr.png,nan;nan;nan;nan;nan;nan;nan;nan;nan,nan;nan;nan
imc2023_heritage,outliers,wall_dsc_5060_acr.png,nan;nan;nan;nan;nan;nan;nan;nan;nan,nan;nan;nan
imc2023_heritage,outliers,wall_dsc_5057_acr.png,nan;nan;nan;nan;nan;nan;nan;nan;nan,nan;nan;nan
imc2023_heritage,outliers,wall_dsc_5054_acr.png,nan;nan;nan;nan;nan;nan;nan;nan;nan,nan;nan;nan
imc2023_heritage,outliers,wall_dsc_5051_acr.png,nan;nan;nan;nan;nan;nan;nan;nan;nan,nan;nan;nan
imc2023_heritage,outliers,wall_dsc_5048_acr.png,nan;nan;nan;nan;nan;nan;nan;nan;nan,nan;nan;nan
imc2023_heritage,outliers,wall_dsc_5045_acr.png,nan;nan;nan;nan;nan;nan;nan;nan;nan,nan;nan;nan
imc2023_heritage,outliers,wall_dsc_5042_acr.png,nan;nan;nan;nan;nan;nan;nan;nan;nan,nan;nan;nan
imc2023_heritage,outliers,wall_dsc_5039_acr.png,nan;nan;nan;nan;nan;nan;nan;nan;nan,nan;nan;nan
imc2023_heritage,outliers,wall_dsc_5033_acr.png,nan;nan;nan;nan;nan;nan;nan;nan;nan,nan;nan;nan
imc2023_heritage,outliers,wall_dsc_4970_acr.png,nan;nan;nan;nan;nan;nan;nan;nan;nan,nan;nan;nan
imc2023_heritage,outliers,wall_dsc_4973_acr.png,nan;nan;nan;nan;nan;nan;nan;nan;nan,nan;nan;nan
imc2023_heritage,outliers,wall_dsc_4976_acr.png,nan;nan;nan;nan;nan;nan;nan;nan;nan,nan;nan;nan
imc2023_heritage,outliers,wall_dsc_4979_acr.png,nan;nan;nan;nan;nan;nan;nan;nan;nan,nan;nan;nan
imc2023_heritage,outliers,wall_dsc_4982_acr.png,nan;nan;nan;nan;nan;nan;nan;nan;nan,nan;nan;nan
imc2023_heritage,outliers,wall_dsc_4985_acr.png,nan;nan;nan;nan;nan;nan;nan;nan;nan,nan;nan;nan
imc2023_heritage,outliers,wall_dsc_4991_acr.png,nan;nan;nan;nan;nan;nan;nan;nan;nan,nan;nan;nan
imc2023_heritage,outliers,wall_dsc_4943_acr.png,nan;nan;nan;nan;nan;nan;nan;nan;nan,nan;nan;nan
imc2023_heritage,outliers,wall_dsc_4946_acr.png,nan;nan;nan;nan;nan;nan;nan;nan;nan,nan;nan;nan
imc2023_heritage,outliers,wall_dsc_4961_acr.png,nan;nan;nan;nan;nan;nan;nan;nan;nan,nan;nan;nan
imc2023_heritage,outliers,wall_dsc_4952_acr.png,nan;nan;nan;nan;nan;nan;nan;nan;nan,nan;nan;nan
imc2023_heritage,outliers,wall_dsc_4964_acr.png,nan;nan;nan;nan;nan;nan;nan;nan;nan,nan;nan;nan
imc2023_heritage,outliers,wall_dsc_4955_acr.png,nan;nan;nan;nan;nan;nan;nan;nan;nan,nan;nan;nan
imc2023_heritage,outliers,wall_dsc_4967_acr.png,nan;nan;nan;nan;nan;nan;nan;nan;nan,nan;nan;nan
imc2023_heritage,outliers,wall_dsc_4958_acr.png,nan;nan;nan;nan;nan;nan;nan;nan;nan,nan;nan;nan
imc2023_heritage,outliers,wall_dsc_4940_acr.png,nan;nan;nan;nan;nan;nan;nan;nan;nan,nan;nan;nan
imc2023_heritage,outliers,wall_dsc_4937_acr.png,nan;nan;nan;nan;nan;nan;nan;nan;nan,nan;nan;nan
imc2023_heritage,outliers,wall_dsc_4934_acr.png,nan;nan;nan;nan;nan;nan;nan;nan;nan,nan;nan;nan
imc2023_heritage,outliers,wall_dsc_4931_acr.png,nan;nan;nan;nan;nan;nan;nan;nan;nan,nan;nan;nan
imc2023_heritage,outliers,wall_dsc_4928_acr.png,nan;nan;nan;nan;nan;nan;nan;nan;nan,nan;nan;nan
imc2023_heritage,outliers,wall_dsc_4994_acr.png,nan;nan;nan;nan;nan;nan;nan;nan;nan,nan;nan;nan
imc2023_heritage,outliers,wall_dsc_4997_acr.png,nan;nan;nan;nan;nan;nan;nan;nan;nan,nan;nan;nan
imc2023_heritage,outliers,wall_dsc_5000_acr.png,nan;nan;nan;nan;nan;nan;nan;nan;nan,nan;nan;nan
imc2023_heritage,outliers,wall_dsc_5003_acr.png,nan;nan;nan;nan;nan;nan;nan;nan;nan,nan;nan;nan
imc2023_heritage,outliers,wall_dsc_5006_acr.png,nan;nan;nan;nan;nan;nan;nan;nan;nan,nan;nan;nan
imc2023_heritage,outliers,wall_dsc_5009_acr.png,nan;nan;nan;nan;nan;nan;nan;nan;nan,nan;nan;nan
imc2023_heritage,outliers,wall_dsc_5012_acr.png,nan;nan;nan;nan;nan;nan;nan;nan;nan,nan;nan;nan
imc2023_heritage,outliers,wall_dsc_5015_acr.png,nan;nan;nan;nan;nan;nan;nan;nan;nan,nan;nan;nan
imc2023_heritage,outliers,wall_dsc_5018_acr.png,nan;nan;nan;nan;nan;nan;nan;nan;nan,nan;nan;nan
imc2023_heritage,outliers,wall_dsc_5021_acr.png,nan;nan;nan;nan;nan;nan;nan;nan;nan,nan;nan;nan
imc2023_heritage,outliers,wall_dsc_5024_acr.png,nan;nan;nan;nan;nan;nan;nan;nan;nan,nan;nan;nan
imc2023_heritage,outliers,wall_dsc_5027_acr.png,nan;nan;nan;nan;nan;nan;nan;nan;nan,nan;nan;nan
imc2023_heritage,outliers,wall_dsc_5030_acr.png,nan;nan;nan;nan;nan;nan;nan;nan;nan,nan;nan;nan
imc2023_theather_imc2024_church,cluster0,church_00020.png,0.999882829;-0.008001746;-0.013049882;0.004714232;0.972029645;-0.234810873;0.014563769;0.234721840;0.971953473,-1.649318930;0.999669240;4.783266888
imc2023_theather_imc2024_church,outliers,church_00046.png,nan;nan;nan;nan;nan;nan;nan;nan;nan,nan;nan;nan
imc2023_theather_imc2024_church,cluster0,church_00080.png,-0.147154956;-0.356863914;-0.922493125;0.218322197;0.897924882;-0.382186243;0.964718009;-0.257641326;-0.054222782,2.944057457;0.708074343;3.031987058
imc2023_theather_imc2024_church,outliers,church_00063.png,nan;nan;nan;nan;nan;nan;nan;nan;nan,nan;nan;nan
imc2023_theather_imc2024_church,cluster0,church_00045.png,0.893940164;0.094410094;0.438129796;-0.021365804;0.985427239;-0.168750284;-0.447676765;0.141491661;0.882930135,-3.104300193;0.094147296;5.712211449
imc2023_theather_imc2024_church,cluster0,church_00071.png,0.098900886;-0.441973343;-0.891559408;0.252157166;0.877840724;-0.407200720;0.962619020;-0.184540582;0.198265971,2.618325424;0.735656490;2.141767665
imc2023_theather_imc2024_church,cluster0,church_00039.png,0.939406494;0.134367091;0.315374260;-0.077663223;0.979479855;-0.185977519;-0.333891993;0.150215508;0.930565118,-2.784399508;0.469970889;1.555029385
imc2023_theather_imc2024_church,cluster0,church_00069.png,-0.186256473;-0.320704892;-0.928685576;0.384011251;0.846274439;-0.369262689;0.904347215;-0.425403276;-0.034469805,3.152324075;0.477611108;2.218126943
imc2023_theather_imc2024_church,cluster0,church_00026.png,0.950454453;-0.041918803;-0.308024587;0.056853024;0.997594258;0.039666486;0.305620788;-0.055213318;0.950551116,-0.278003757;-0.140768093;-1.736103589
imc2023_theather_imc2024_church,cluster0,church_00038.png,0.984685233;0.167978987;-0.046669611;-0.167096785;0.985689864;0.022229635;0.049735874;-0.014090851;0.998663002,-0.672149212;-0.397640176;1.801014130
imc2023_theather_imc2024_church,cluster0,church_00110.png,0.977613978;-0.000363203;-0.210406220;0.024705707;0.993279144;0.113075944;0.208951040;-0.115742858;0.971052549,-0.683181808;-0.329534825;0.719731773
imc2023_theather_imc2024_church,cluster0,church_00017.png,0.748588632;-0.282418132;-0.599879204;0.220182261;0.959291353;-0.176861164;0.625407733;0.000313497;0.780298064,0.886180887;0.391463452;0.085603408
imc2023_theather_imc2024_church,outliers,church_00035.png,nan;nan;nan;nan;nan;nan;nan;nan;nan,nan;nan;nan
imc2023_theather_imc2024_church,outliers,church_00047.png,nan;nan;nan;nan;nan;nan;nan;nan;nan,nan;nan;nan
imc2023_theather_imc2024_church,outliers,church_00041.png,nan;nan;nan;nan;nan;nan;nan;nan;nan,nan;nan;nan
imc2023_theather_imc2024_church,cluster0,church_00055.png,0.965205211;-0.087842243;-0.246297872;0.102350113;0.993651211;0.046708936;0.240631161;-0.070292323;0.968067990,-0.608039141;-0.599303808;-0.373049851
imc2023_theather_imc2024_church,cluster0,church_00013.png,0.902850368;-0.177163325;-0.391758049;0.033141957;0.937126074;-0.347413776;0.428675662;0.300679027;0.851956161,0.370447815;0.737557786;-0.496919877
imc2023_theather_imc2024_church,cluster0,church_00019.png,0.915291864;-0.222243600;-0.335929437;0.149871648;0.962031260;-0.228110376;0.373870690;0.158441273;0.913847400,0.592506960;0.403458509;-1.315387374
imc2023_theather_imc2024_church,cluster0,church_00012.png,0.827945828;-0.213268183;-0.518673682;0.072169261;0.957696602;-0.278583588;0.556145039;0.193219822;0.808312313,0.572391034;0.459035690;-1.236705075
imc2023_theather_imc2024_church,cluster0,church_00048.png,0.981242684;0.014938295;-0.192196886;0.002961755;0.995707237;0.092511222;0.192753790;-0.091345200;0.976986198,-0.813287307;-0.399070962;0.338276195
imc2023_theather_imc2024_church,cluster0,church_00108.png,0.947481150;-0.137570865;-0.288710458;0.151758674;0.988042323;0.027233671;0.281511591;-0.069617706;0.957029048,-0.476986861;-0.487214023;0.325918344
imc2023_theather_imc2024_church,cluster0,church_00111.png,0.996380776;0.053443808;-0.066099233;-0.051543720;0.998216244;0.030125997;0.067591376;-0.026609964;0.997358168,-1.087573061;-0.002741868;-1.679153878
imc2023_theather_imc2024_church,cluster0,church_00091.png,0.551560202;-0.413741967;-0.724292018;0.052820828;0.883896588;-0.464689984;0.832460992;0.218046797;0.509376374,1.259647169;0.752234027;-1.482013919
imc2023_theather_imc2024_church,cluster0,church_00082.png,-0.126272590;-0.395256497;-0.909850281;0.193825519;0.889683069;-0.413395337;0.972875584;-0.228552703;-0.035731790,2.900278339;0.790071952;3.121877125
imc2023_theather_imc2024_church,cluster0,church_00023.png,0.891746767;-0.205310191;-0.403280831;0.145255314;0.973866016;-0.174602051;0.428589077;0.097122131;0.898264268,0.317550379;0.459015169;3.038603532
imc2023_theather_imc2024_church,cluster0,church_00053.png,0.995342510;-0.025902826;-0.092856506;0.044489730;0.977940642;0.204090089;0.085521641;-0.207270702;0.974538303,-0.985435679;-0.618589549;-1.874593188
imc2023_theather_imc2024_church,cluster0,church_00079.png,0.017371187;-0.467731695;-0.883699781;0.437038508;0.798481059;-0.414035433;0.899275032;-0.379018547;0.218287327,2.726557544;0.741031193;-0.307605303
imc2023_theather_imc2024_church,cluster0,church_00014.png,0.936526832;-0.127320672;-0.326660282;-0.000706748;0.931041233;-0.364913310;0.350595200;0.341981973;0.871855112,0.336814907;0.731749382;-0.511614851
imc2023_theather_imc2024_church,cluster0,church_00022.png,0.831384776;0.106962059;0.545305852;0.005143245;0.979777219;-0.200025369;-0.555673377;0.169102688;0.814021731,-2.963850305;-0.023843240;8.075930348
imc2023_theather_imc2024_church,outliers,church_00104.png,nan;nan;nan;nan;nan;nan;nan;nan;nan,nan;nan;nan
imc2023_theather_imc2024_church,outliers,church_00043.png,nan;nan;nan;nan;nan;nan;nan;nan;nan,nan;nan;nan
imc2023_theather_imc2024_church,cluster0,church_00109.png,0.974327356;-0.005230345;-0.225075201;0.025295712;0.995942930;0.086358598;0.223710370;-0.089834982;0.970506747,-0.634375300;-0.463662694;-0.020141677
imc2023_theather_imc2024_church,cluster0,church_00100.png,0.959924832;-0.072838315;-0.270626858;0.085835298;0.995640964;0.036487970;0.266789464;-0.058255045;0.961992584,-0.596245073;-0.540954932;-0.242099547
imc2023_theather_imc2024_church,cluster0,church_00018.png,0.736661426;-0.293613735;-0.609196946;0.252970759;0.955071819;-0.154413781;0.627164842;-0.040358338;0.777840257,0.954226265;0.304410965;-1.143719911
imc2023_theather_imc2024_church,cluster0,church_00021.png,0.913211240;0.108415181;0.392799415;-0.068525046;0.991087723;-0.114234162;-0.401683395;0.077403323;0.912501603,-3.480844269;0.396207796;3.428516333
imc2023_theather_imc2024_church,cluster0,church_00078.png,0.379664890;-0.399198385;-0.834562892;0.150104621;0.916737122;-0.370218383;0.912865365;0.015287175;0.407974421,2.090751333;0.550403364;1.720224255
imc2023_theather_imc2024_church,cluster0,church_00083.png,0.526942497;-0.404820762;-0.747296297;0.291756789;0.912003678;-0.288317998;0.798254083;-0.066101762;0.598682701,1.696310494;0.342348384;0.901027968
imc2023_theather_imc2024_church,cluster0,church_00092.png,0.633038082;-0.361379306;-0.684593152;0.253245876;0.932364750;-0.257997092;0.731525333;-0.010048409;0.681740212,1.125444655;0.239434730;-1.738745060
imc2023_theather_imc2024_church,cluster0,church_00093.png,0.768953669;-0.323299402;-0.551532185;0.333250015;0.938929694;-0.085763965;0.545577384;-0.117849593;0.829732964,0.780254531;-0.154181759;-1.926674405
imc2023_theather_imc2024_church,cluster0,church_00073.png,-0.361177168;-0.361228604;-0.859688868;0.178924365;0.877945127;-0.444070293;0.915170544;-0.314207336;-0.252461136,3.222860033;0.888530024;4.354933880
imc2023_theather_imc2024_church,cluster0,church_00087.png,0.513063145;-0.406698482;-0.755885279;0.265016414;0.912656539;-0.311166100;0.816414423;-0.040674148;0.576032207,1.475442378;0.352783316;-1.553160558
imc2023_theather_imc2024_church,cluster0,church_00005.png,0.918663305;-0.216143594;-0.330665510;0.108135810;0.942658742;-0.315754878;0.379953128;0.254315637;0.889358858,-0.614947003;1.247269510;12.969887112
imc2023_theather_imc2024_church,cluster0,church_00028.png,0.943068570;-0.016280050;-0.332199688;-0.024708670;0.992612010;-0.118789226;0.331679295;0.120234598;0.935698930,1.040229788;0.138682666;6.191769096
imc2023_theather_imc2024_church,cluster0,church_00075.png,-0.122803981;-0.516211968;-0.847610988;0.131983270;0.837994206;-0.529477220;0.983615575;-0.176892380;-0.034777681,2.331128186;0.965427682;0.745531021
imc2023_theather_imc2024_church,cluster0,church_00006.png,0.978514807;-0.193404541;-0.071438474;0.147896856;0.899849374;-0.410362795;0.143649894;0.390980545;0.909119861,-0.822783542;1.035378048;6.703102990
imc2023_theather_imc2024_church,cluster0,church_00004.png,0.920208107;-0.220301791;-0.323549318;0.099236492;0.930879949;-0.351588735;0.378641201;0.291426905;0.878465253,-0.509507261;0.869143694;6.222003097
imc2023_theather_imc2024_church,cluster0,church_00016.png,0.999785054;-0.002955814;-0.020520956;-0.001532354;0.976543075;-0.215316686;0.020676033;0.215301850;0.976328641,-1.599348513;1.249763186;11.124544370
imc2023_theather_imc2024_church,cluster0,church_00099.png,0.959954664;-0.094201751;-0.263842894;0.119608449;0.989436276;0.081912604;0.253339419;-0.110190226;0.961081294,-0.522038476;-0.556072188;-0.178635341
imc2023_theather_imc2024_church,cluster0,church_00025.png,0.971315807;0.113751960;0.208820726;-0.076085549;0.980665290;-0.180295808;-0.225292239;0.159235929;0.961190577,-1.607432444;0.337463956;-1.155540230
imc2023_theather_imc2024_church,cluster0,church_00040.png,0.995291603;0.091737755;0.031285923;-0.087720300;0.989846830;-0.111840964;-0.041228311;0.108569962;0.993233502,-2.181094931;0.054884014;4.719309072
imc2023_theather_imc2024_church,outliers,kyiv_puppet_theater_img_20220127_170709.png,nan;nan;nan;nan;nan;nan;nan;nan;nan,nan;nan;nan
imc2023_theather_imc2024_church,outliers,kyiv_puppet_theater_img_20220127_170633.png,nan;nan;nan;nan;nan;nan;nan;nan;nan,nan;nan;nan
imc2023_theather_imc2024_church,outliers,kyiv_puppet_theater_img_20220127_170350.png,nan;nan;nan;nan;nan;nan;nan;nan;nan,nan;nan;nan
imc2023_theather_imc2024_church,outliers,kyiv_puppet_theater_img_20220127_170339.png,nan;nan;nan;nan;nan;nan;nan;nan;nan,nan;nan;nan
imc2023_theather_imc2024_church,outliers,kyiv_puppet_theater_img_20220127_170250.png,nan;nan;nan;nan;nan;nan;nan;nan;nan,nan;nan;nan
imc2023_theather_imc2024_church,cluster1,kyiv_puppet_theater_img_20220127_165709.png,0.917916108;-0.132453090;-0.374013634;0.395752804;0.238029950;0.886973202;-0.028455895;-0.962183934;0.270910206,2.112332514;-2.025042068;0.081207509
imc2023_theather_imc2024_church,cluster2,kyiv_puppet_theater_img_20220127_165703.png,0.806993214;0.196828247;0.556794930;-0.412372786;0.862712803;0.292703441;-0.422741809;-0.465816767;0.777369991,-1.661158637;0.178593395;-2.015426367
imc2023_theather_imc2024_church,cluster2,kyiv_puppet_theater_img_20220127_165700.png,0.826526219;0.234665388;0.511650822;-0.284171145;0.958577121;0.019407825;-0.485902428;-0.161437476;0.858974256,-1.703499804;1.051795282;-2.192280852
imc2023_theather_imc2024_church,cluster2,kyiv_puppet_theater_img_20220127_165641.png,0.970898014;0.235503437;-0.043533643;-0.230796555;0.968594172;0.092510977;0.063953086;-0.079771309;0.994759539,3.083283321;-0.179377614;5.275750032
imc2023_theather_imc2024_church,cluster1,kyiv_puppet_theater_img_20220127_165612.png,0.928215998;0.067696967;0.365830809;-0.015440299;0.989468190;-0.143924626;-0.371721210;0.127944603;0.919485465,0.852396642;0.232365823;-1.960149773
imc2023_theather_imc2024_church,cluster1,kyiv_puppet_theater_img_20220127_165608.png,0.997781063;0.017281008;0.064298652;-0.041569148;0.916068009;0.398862643;-0.052009189;-0.400650433;0.914753669,1.161058377;-0.540308906;-1.756178016
imc2023_theather_imc2024_church,cluster1,kyiv_puppet_theater_img_20220127_165549.png,0.997589439;-0.055978840;0.041008297;0.053415896;0.996699335;0.061132468;-0.044295067;-0.058794609;0.997286890,1.119344130;0.265132430;0.007348769
imc2023_theather_imc2024_church,cluster1,kyiv_puppet_theater_img_20220127_165418.png,0.987295919;0.044258929;0.152603789;-0.052029259;0.997524537;0.047304907;-0.150132359;-0.054643804;0.987154663,0.887288687;0.473295357;1.587247188
imc2023_theather_imc2024_church,cluster1,kyiv_puppet_theater_img_20220127_165343.png,0.976160443;-0.012455269;0.216692538;0.019946856;0.999275283;-0.032419619;-0.216131702;0.035969085;0.975701446,0.952151561;0.487310130;6.249441936
imc2023_theather_imc2024_church,cluster2,kyiv_puppet_theater_img_20220127_165449.png,0.856001820;0.322277285;0.404225475;-0.371311685;0.927319107;0.046977727;-0.359706153;-0.190306662;0.913452165,-2.424767069;-0.915884971;1.203758390
imc2023_theather_imc2024_church,outliers,kyiv_puppet_theater_img_20220127_165722.png,nan;nan;nan;nan;nan;nan;nan;nan;nan,nan;nan;nan
imc2023_theather_imc2024_church,outliers,kyiv_puppet_theater_img_20220127_165737.png,nan;nan;nan;nan;nan;nan;nan;nan;nan,nan;nan;nan
imc2023_theather_imc2024_church,outliers,kyiv_puppet_theater_img_20220127_165748.png,nan;nan;nan;nan;nan;nan;nan;nan;nan,nan;nan;nan
imc2023_theather_imc2024_church,outliers,kyiv_puppet_theater_img_20220127_165811.png,nan;nan;nan;nan;nan;nan;nan;nan;nan,nan;nan;nan
imc2023_theather_imc2024_church,outliers,kyiv_puppet_theater_img_20220127_165815.png,nan;nan;nan;nan;nan;nan;nan;nan;nan,nan;nan;nan
imc2023_theather_imc2024_church,outliers,kyiv_puppet_theater_img_20220127_165822.png,nan;nan;nan;nan;nan;nan;nan;nan;nan,nan;nan;nan
imc2023_theather_imc2024_church,outliers,kyiv_puppet_theater_img_20220127_165845.png,nan;nan;nan;nan;nan;nan;nan;nan;nan,nan;nan;nan
imc2023_theather_imc2024_church,cluster1,kyiv_puppet_theater_img_20220127_165920.png,0.206079711;0.177914858;0.962225263;-0.327014753;0.939318657;-0.103642716;-0.922275720;-0.293303196;0.251755300,-1.783735409;0.425850078;2.565548699
imc2023_theather_imc2024_church,cluster1,kyiv_puppet_theater_img_20220127_165957.png,0.347323278;0.210242244;0.913873481;-0.160950425;0.973446729;-0.162777231;-0.923829801;-0.090552004;0.371939287,-1.879368715;0.488471532;1.787592533
imc2023_theather_imc2024_church,outliers,kyiv_puppet_theater_img_20220127_170001.png,nan;nan;nan;nan;nan;nan;nan;nan;nan,nan;nan;nan
imc2023_theather_imc2024_church,outliers,kyiv_puppet_theater_img_20220127_170022.png,nan;nan;nan;nan;nan;nan;nan;nan;nan,nan;nan;nan
imc2024_dioscuri_baalshamin,outliers,baalshamin_img_2163.png,nan;nan;nan;nan;nan;nan;nan;nan;nan,nan;nan;nan
imc2024_dioscuri_baalshamin,outliers,baalshamin_8100208.png,nan;nan;nan;nan;nan;nan;nan;nan;nan,nan;nan;nan
imc2024_dioscuri_baalshamin,outliers,baalshamin_5821.png,nan;nan;nan;nan;nan;nan;nan;nan;nan,nan;nan;nan
imc2024_dioscuri_baalshamin,outliers,baalshamin_5748.png,nan;nan;nan;nan;nan;nan;nan;nan;nan,nan;nan;nan
imc2024_dioscuri_baalshamin,outliers,baalshamin_5747.png,nan;nan;nan;nan;nan;nan;nan;nan;nan,nan;nan;nan
imc2024_dioscuri_baalshamin,outliers,baalshamin_5741.png,nan;nan;nan;nan;nan;nan;nan;nan;nan,nan;nan;nan
imc2024_dioscuri_baalshamin,outliers,baalshamin_5740.png,nan;nan;nan;nan;nan;nan;nan;nan;nan,nan;nan;nan
imc2024_dioscuri_baalshamin,outliers,baalshamin_25.png,nan;nan;nan;nan;nan;nan;nan;nan;nan,nan;nan;nan
imc2024_dioscuri_baalshamin,outliers,baalshamin_2316.png,nan;nan;nan;nan;nan;nan;nan;nan;nan,nan;nan;nan
imc2024_dioscuri_baalshamin,outliers,baalshamin_19875043841_a36e9ccb18_o.png,nan;nan;nan;nan;nan;nan;nan;nan;nan,nan;nan;nan
imc2024_dioscuri_baalshamin,outliers,baalshamin_19770034361_ab8a99f3a9_o.png,nan;nan;nan;nan;nan;nan;nan;nan;nan,nan;nan;nan
imc2024_dioscuri_baalshamin,outliers,baalshamin_19770021361_0a7ef660e2_o.png,nan;nan;nan;nan;nan;nan;nan;nan;nan,nan;nan;nan
imc2024_dioscuri_baalshamin,outliers,baalshamin_19765295615_6a8758cc07_o.png,nan;nan;nan;nan;nan;nan;nan;nan;nan,nan;nan;nan
imc2024_dioscuri_baalshamin,outliers,baalshamin_19758057422_3b2d8bf005_o.png,nan;nan;nan;nan;nan;nan;nan;nan;nan,nan;nan;nan
imc2024_dioscuri_baalshamin,outliers,baalshamin_19758050972_3e8ee37d98_o.png,nan;nan;nan;nan;nan;nan;nan;nan;nan,nan;nan;nan
imc2024_dioscuri_baalshamin,outliers,baalshamin_85328479_89f3b31dfa_o.png,nan;nan;nan;nan;nan;nan;nan;nan;nan,nan;nan;nan
imc2024_dioscuri_baalshamin,outliers,baalshamin_palmyra_baalshamin.png,nan;nan;nan;nan;nan;nan;nan;nan;nan,nan;nan;nan
imc2024_dioscuri_baalshamin,outliers,baalshamin_182z.png,nan;nan;nan;nan;nan;nan;nan;nan;nan,nan;nan;nan
imc2024_dioscuri_baalshamin,outliers,baalshamin_19144401003_5d0dee05f5_o.png,nan;nan;nan;nan;nan;nan;nan;nan;nan,nan;nan;nan
imc2024_dioscuri_baalshamin,outliers,baalshamin_194d.png,nan;nan;nan;nan;nan;nan;nan;nan;nan,nan;nan;nan
imc2024_dioscuri_baalshamin,outliers,baalshamin_19577278428_e8044e854b_o.png,nan;nan;nan;nan;nan;nan;nan;nan;nan,nan;nan;nan
imc2024_dioscuri_baalshamin,outliers,baalshamin_19577300988_4e4ff423a7_o.png,nan;nan;nan;nan;nan;nan;nan;nan;nan,nan;nan;nan
imc2024_dioscuri_baalshamin,outliers,baalshamin_19577310688_5d2e78386b_o.png,nan;nan;nan;nan;nan;nan;nan;nan;nan,nan;nan;nan
imc2024_dioscuri_baalshamin,outliers,baalshamin_19577313278_bf436a42f4_o.png,nan;nan;nan;nan;nan;nan;nan;nan;nan,nan;nan;nan
imc2024_dioscuri_baalshamin,outliers,baalshamin_19578696189_92b41b9b79_o.png,nan;nan;nan;nan;nan;nan;nan;nan;nan,nan;nan;nan
imc2024_dioscuri_baalshamin,outliers,baalshamin_19739127926_d1f03f70ed_o.png,nan;nan;nan;nan;nan;nan;nan;nan;nan,nan;nan;nan
imc2024_dioscuri_baalshamin,outliers,baalshamin_19739156806_e4f69d8792_o.png,nan;nan;nan;nan;nan;nan;nan;nan;nan,nan;nan;nan
imc2024_dioscuri_baalshamin,outliers,baalshamin_cimg2278.png,nan;nan;nan;nan;nan;nan;nan;nan;nan,nan;nan;nan
imc2024_dioscuri_baalshamin,outliers,baalshamin_cimg2282.png,nan;nan;nan;nan;nan;nan;nan;nan;nan,nan;nan;nan
imc2024_dioscuri_baalshamin,outliers,baalshamin_dsc01926.png,nan;nan;nan;nan;nan;nan;nan;nan;nan,nan;nan;nan
imc2024_dioscuri_baalshamin,outliers,baalshamin_dscf4498.png,nan;nan;nan;nan;nan;nan;nan;nan;nan,nan;nan;nan
imc2024_dioscuri_baalshamin,outliers,baalshamin_dscf4501.png,nan;nan;nan;nan;nan;nan;nan;nan;nan,nan;nan;nan
imc2024_dioscuri_baalshamin,outliers,baalshamin_dscf4642.png,nan;nan;nan;nan;nan;nan;nan;nan;nan,nan;nan;nan
imc2024_dioscuri_baalshamin,outliers,baalshamin_dscf4644.png,nan;nan;nan;nan;nan;nan;nan;nan;nan,nan;nan;nan
imc2024_dioscuri_baalshamin,outliers,baalshamin_dscn2009.png,nan;nan;nan;nan;nan;nan;nan;nan;nan,nan;nan;nan
imc2024_dioscuri_baalshamin,outliers,baalshamin_dscn2022.png,nan;nan;nan;nan;nan;nan;nan;nan;nan,nan;nan;nan
imc2024_dioscuri_baalshamin,outliers,baalshamin_dscn2027.png,nan;nan;nan;nan;nan;nan;nan;nan;nan,nan;nan;nan
imc2024_dioscuri_baalshamin,outliers,baalshamin_dscn2032.png,nan;nan;nan;nan;nan;nan;nan;nan;nan,nan;nan;nan
imc2024_dioscuri_baalshamin,outliers,baalshamin_dscn2034.png,nan;nan;nan;nan;nan;nan;nan;nan;nan,nan;nan;nan
imc2024_dioscuri_baalshamin,outliers,baalshamin_dscn2063.png,nan;nan;nan;nan;nan;nan;nan;nan;nan,nan;nan;nan
imc2024_dioscuri_baalshamin,outliers,baalshamin_dscn2064.png,nan;nan;nan;nan;nan;nan;nan;nan;nan,nan;nan;nan
imc2024_dioscuri_baalshamin,outliers,baalshamin_dscn2065.png,nan;nan;nan;nan;nan;nan;nan;nan;nan,nan;nan;nan
imc2024_dioscuri_baalshamin,outliers,baalshamin_dscn2066.png,nan;nan;nan;nan;nan;nan;nan;nan;nan,nan;nan;nan
imc2024_dioscuri_baalshamin,outliers,baalshamin_hpim3190.png,nan;nan;nan;nan;nan;nan;nan;nan;nan,nan;nan;nan
imc2024_dioscuri_baalshamin,outliers,baalshamin_img_1145.png,nan;nan;nan;nan;nan;nan;nan;nan;nan,nan;nan;nan
imc2024_dioscuri_baalshamin,outliers,baalshamin_image29.png,nan;nan;nan;nan;nan;nan;nan;nan;nan,nan;nan;nan
imc2024_dioscuri_baalshamin,outliers,baalshamin_image6.png,nan;nan;nan;nan;nan;nan;nan;nan;nan,nan;nan;nan
imc2024_dioscuri_baalshamin,outliers,baalshamin_pict0818.png,nan;nan;nan;nan;nan;nan;nan;nan;nan,nan;nan;nan
imc2024_dioscuri_baalshamin,outliers,baalshamin_palmyr29.png,nan;nan;nan;nan;nan;nan;nan;nan;nan,nan;nan;nan
imc2024_dioscuri_baalshamin,outliers,outliers_39500842_567338329.png,nan;nan;nan;nan;nan;nan;nan;nan;nan,nan;nan;nan
imc2024_dioscuri_baalshamin,outliers,outliers_04356156_8480804407.png,nan;nan;nan;nan;nan;nan;nan;nan;nan,nan;nan;nan
imc2024_dioscuri_baalshamin,outliers,outliers_08766078_2117237656.png,nan;nan;nan;nan;nan;nan;nan;nan;nan,nan;nan;nan
imc2024_dioscuri_baalshamin,outliers,outliers_15001797_2073024252.png,nan;nan;nan;nan;nan;nan;nan;nan;nan,nan;nan;nan
imc2024_dioscuri_baalshamin,outliers,outliers_15108470_13126668493.png,nan;nan;nan;nan;nan;nan;nan;nan;nan,nan;nan;nan
imc2024_dioscuri_baalshamin,outliers,outliers_16939073_1562031964.png,nan;nan;nan;nan;nan;nan;nan;nan;nan,nan;nan;nan
imc2024_dioscuri_baalshamin,outliers,outliers_17617215_8679921663.png,nan;nan;nan;nan;nan;nan;nan;nan;nan,nan;nan;nan
imc2024_dioscuri_baalshamin,outliers,outliers_21013750_3810761207.png,nan;nan;nan;nan;nan;nan;nan;nan;nan,nan;nan;nan
imc2024_dioscuri_baalshamin,outliers,outliers_22219055_9555156398.png,nan;nan;nan;nan;nan;nan;nan;nan;nan,nan;nan;nan
imc2024_dioscuri_baalshamin,outliers,outliers_22516075_5997990597.png,nan;nan;nan;nan;nan;nan;nan;nan;nan,nan;nan;nan
imc2024_dioscuri_baalshamin,outliers,outliers_23943395_7008829683.png,nan;nan;nan;nan;nan;nan;nan;nan;nan,nan;nan;nan
imc2024_dioscuri_baalshamin,outliers,outliers_25155127_2232385924.png,nan;nan;nan;nan;nan;nan;nan;nan;nan,nan;nan;nan
imc2024_dioscuri_baalshamin,outliers,outliers_25182601_5963423001.png,nan;nan;nan;nan;nan;nan;nan;nan;nan,nan;nan;nan
imc2024_dioscuri_baalshamin,outliers,outliers_25259690_2957362243.png,nan;nan;nan;nan;nan;nan;nan;nan;nan,nan;nan;nan
imc2024_dioscuri_baalshamin,outliers,outliers_25404198_10162152833.png,nan;nan;nan;nan;nan;nan;nan;nan;nan,nan;nan;nan
imc2024_dioscuri_baalshamin,outliers,outliers_27039750_8082864097.png,nan;nan;nan;nan;nan;nan;nan;nan;nan,nan;nan;nan
imc2024_dioscuri_baalshamin,outliers,outliers_29622692_8024707719.png,nan;nan;nan;nan;nan;nan;nan;nan;nan,nan;nan;nan
imc2024_dioscuri_baalshamin,outliers,outliers_29709706_5736365308.png,nan;nan;nan;nan;nan;nan;nan;nan;nan,nan;nan;nan
imc2024_dioscuri_baalshamin,outliers,outliers_30202749_4422920822.png,nan;nan;nan;nan;nan;nan;nan;nan;nan,nan;nan;nan
imc2024_dioscuri_baalshamin,outliers,outliers_32208117_4023556230.png,nan;nan;nan;nan;nan;nan;nan;nan;nan,nan;nan;nan
imc2024_dioscuri_baalshamin,outliers,outliers_32577037_2556031968.png,nan;nan;nan;nan;nan;nan;nan;nan;nan,nan;nan;nan
imc2024_dioscuri_baalshamin,outliers,outliers_36840190_2262283891.png,nan;nan;nan;nan;nan;nan;nan;nan;nan,nan;nan;nan
imc2024_dioscuri_baalshamin,outliers,outliers_37941822_4613817560.png,nan;nan;nan;nan;nan;nan;nan;nan;nan,nan;nan;nan
imc2024_dioscuri_baalshamin,outliers,outliers_46207490_2755733467.png,nan;nan;nan;nan;nan;nan;nan;nan;nan,nan;nan;nan
imc2024_dioscuri_baalshamin,outliers,dioscuri_dioscuria_185.png,nan;nan;nan;nan;nan;nan;nan;nan;nan,nan;nan;nan
imc2024_dioscuri_baalshamin,outliers,dioscuri_3dom_fbk_img_1512.png,nan;nan;nan;nan;nan;nan;nan;nan;nan,nan;nan;nan
imc2024_dioscuri_baalshamin,outliers,dioscuri_archive_0026.png,nan;nan;nan;nan;nan;nan;nan;nan;nan,nan;nan;nan
imc2024_dioscuri_baalshamin,outliers,dioscuri_img_0281.png,nan;nan;nan;nan;nan;nan;nan;nan;nan,nan;nan;nan
imc2024_dioscuri_baalshamin,outliers,dioscuri_dioscuria_161.png,nan;nan;nan;nan;nan;nan;nan;nan;nan,nan;nan;nan
imc2024_dioscuri_baalshamin,outliers,dioscuri_templic_23.png,nan;nan;nan;nan;nan;nan;nan;nan;nan,nan;nan;nan
imc2024_dioscuri_baalshamin,outliers,dioscuri_templic_30.png,nan;nan;nan;nan;nan;nan;nan;nan;nan,nan;nan;nan
imc2024_dioscuri_baalshamin,outliers,dioscuri_3dom_fbk_img_1562.png,nan;nan;nan;nan;nan;nan;nan;nan;nan,nan;nan;nan
imc2024_dioscuri_baalshamin,outliers,dioscuri_img_0409.png,nan;nan;nan;nan;nan;nan;nan;nan;nan,nan;nan;nan
imc2024_dioscuri_baalshamin,outliers,dioscuri_3dom_fbk_img_1542.png,nan;nan;nan;nan;nan;nan;nan;nan;nan,nan;nan;nan
imc2024_dioscuri_baalshamin,outliers,dioscuri_archive_0004.png,nan;nan;nan;nan;nan;nan;nan;nan;nan,nan;nan;nan
imc2024_dioscuri_baalshamin,outliers,dioscuri_archive_0132.png,nan;nan;nan;nan;nan;nan;nan;nan;nan,nan;nan;nan
imc2024_dioscuri_baalshamin,outliers,dioscuri_archive_0005.png,nan;nan;nan;nan;nan;nan;nan;nan;nan,nan;nan;nan
imc2024_dioscuri_baalshamin,outliers,dioscuri_img_0060.png,nan;nan;nan;nan;nan;nan;nan;nan;nan,nan;nan;nan
imc2024_dioscuri_baalshamin,outliers,dioscuri_img_0119.png,nan;nan;nan;nan;nan;nan;nan;nan;nan,nan;nan;nan
imc2024_dioscuri_baalshamin,outliers,dioscuri_3dom_fbk_img_1571.png,nan;nan;nan;nan;nan;nan;nan;nan;nan,nan;nan;nan
imc2024_dioscuri_baalshamin,outliers,dioscuri_archive_0057.png,nan;nan;nan;nan;nan;nan;nan;nan;nan,nan;nan;nan
imc2024_dioscuri_baalshamin,outliers,dioscuri_img_0391.png,nan;nan;nan;nan;nan;nan;nan;nan;nan,nan;nan;nan
imc2024_dioscuri_baalshamin,outliers,dioscuri_img_0362.png,nan;nan;nan;nan;nan;nan;nan;nan;nan,nan;nan;nan
imc2024_dioscuri_baalshamin,outliers,dioscuri_dioscuria_147.png,nan;nan;nan;nan;nan;nan;nan;nan;nan,nan;nan;nan
imc2024_dioscuri_baalshamin,outliers,dioscuri_img_0244.png,nan;nan;nan;nan;nan;nan;nan;nan;nan,nan;nan;nan
imc2024_dioscuri_baalshamin,outliers,dioscuri_archive_0230.png,nan;nan;nan;nan;nan;nan;nan;nan;nan,nan;nan;nan
imc2024_dioscuri_baalshamin,outliers,dioscuri_img_0219.png,nan;nan;nan;nan;nan;nan;nan;nan;nan,nan;nan;nan
imc2024_dioscuri_baalshamin,outliers,dioscuri_img_0107.png,nan;nan;nan;nan;nan;nan;nan;nan;nan,nan;nan;nan
imc2024_dioscuri_baalshamin,outliers,dioscuri_3dom_fbk_img_1522.png,nan;nan;nan;nan;nan;nan;nan;nan;nan,nan;nan;nan
imc2024_dioscuri_baalshamin,outliers,dioscuri_3dom_fbk_img_1582.png,nan;nan;nan;nan;nan;nan;nan;nan;nan,nan;nan;nan
imc2024_dioscuri_baalshamin,outliers,dioscuri_img_0272.png,nan;nan;nan;nan;nan;nan;nan;nan;nan,nan;nan;nan
imc2024_dioscuri_baalshamin,outliers,dioscuri_img_0311.png,nan;nan;nan;nan;nan;nan;nan;nan;nan,nan;nan;nan
imc2024_dioscuri_baalshamin,outliers,dioscuri_img_0075.png,nan;nan;nan;nan;nan;nan;nan;nan;nan,nan;nan;nan
imc2024_dioscuri_baalshamin,outliers,dioscuri_3dom_fbk_img_1549.png,nan;nan;nan;nan;nan;nan;nan;nan;nan,nan;nan;nan
imc2024_dioscuri_baalshamin,outliers,dioscuri_img_0461.png,nan;nan;nan;nan;nan;nan;nan;nan;nan,nan;nan;nan
imc2024_dioscuri_baalshamin,outliers,dioscuri_img_0207.png,nan;nan;nan;nan;nan;nan;nan;nan;nan,nan;nan;nan
imc2024_dioscuri_baalshamin,outliers,dioscuri_dioscuria_261.png,nan;nan;nan;nan;nan;nan;nan;nan;nan,nan;nan;nan
imc2024_dioscuri_baalshamin,outliers,dioscuri_archive_0015.png,nan;nan;nan;nan;nan;nan;nan;nan;nan,nan;nan;nan
imc2024_dioscuri_baalshamin,outliers,dioscuri_img_0336.png,nan;nan;nan;nan;nan;nan;nan;nan;nan,nan;nan;nan
imc2024_dioscuri_baalshamin,outliers,dioscuri_img_0133.png,nan;nan;nan;nan;nan;nan;nan;nan;nan,nan;nan;nan
imc2024_dioscuri_baalshamin,outliers,dioscuri_dioscuria_154.png,nan;nan;nan;nan;nan;nan;nan;nan;nan,nan;nan;nan
imc2024_dioscuri_baalshamin,outliers,dioscuri_img_0168.png,nan;nan;nan;nan;nan;nan;nan;nan;nan,nan;nan;nan
imc2024_dioscuri_baalshamin,outliers,dioscuri_archive_0013.png,nan;nan;nan;nan;nan;nan;nan;nan;nan,nan;nan;nan
imc2024_dioscuri_baalshamin,outliers,dioscuri_img_0297.png,nan;nan;nan;nan;nan;nan;nan;nan;nan,nan;nan;nan
imc2024_dioscuri_baalshamin,outliers,dioscuri_archive_0054.png,nan;nan;nan;nan;nan;nan;nan;nan;nan,nan;nan;nan
imc2024_dioscuri_baalshamin,outliers,dioscuri_img_0102.png,nan;nan;nan;nan;nan;nan;nan;nan;nan,nan;nan;nan
imc2024_dioscuri_baalshamin,outliers,dioscuri_3dom_fbk_img_1517.png,nan;nan;nan;nan;nan;nan;nan;nan;nan,nan;nan;nan
imc2024_dioscuri_baalshamin,outliers,dioscuri_img_0105.png,nan;nan;nan;nan;nan;nan;nan;nan;nan,nan;nan;nan
imc2024_dioscuri_baalshamin,outliers,dioscuri_archive_0025.png,nan;nan;nan;nan;nan;nan;nan;nan;nan,nan;nan;nan
imc2024_dioscuri_baalshamin,outliers,dioscuri_dioscuria_214.png,nan;nan;nan;nan;nan;nan;nan;nan;nan,nan;nan;nan
imc2024_dioscuri_baalshamin,outliers,dioscuri_img_0152.png,nan;nan;nan;nan;nan;nan;nan;nan;nan,nan;nan;nan
imc2024_dioscuri_baalshamin,outliers,dioscuri_dioscuria_236.png,nan;nan;nan;nan;nan;nan;nan;nan;nan,nan;nan;nan
imc2024_dioscuri_baalshamin,outliers,dioscuri_3dom_fbk_img_1564.png,nan;nan;nan;nan;nan;nan;nan;nan;nan,nan;nan;nan
imc2024_dioscuri_baalshamin,outliers,dioscuri_img_0324.png,nan;nan;nan;nan;nan;nan;nan;nan;nan,nan;nan;nan
imc2024_dioscuri_baalshamin,outliers,dioscuri_archive_0008.png,nan;nan;nan;nan;nan;nan;nan;nan;nan,nan;nan;nan
imc2024_dioscuri_baalshamin,outliers,dioscuri_archive_0003.png,nan;nan;nan;nan;nan;nan;nan;nan;nan,nan;nan;nan
imc2024_dioscuri_baalshamin,outliers,dioscuri_archive_0030.png,nan;nan;nan;nan;nan;nan;nan;nan;nan,nan;nan;nan
imc2024_dioscuri_baalshamin,outliers,dioscuri_archive_0001.png,nan;nan;nan;nan;nan;nan;nan;nan;nan,nan;nan;nan
imc2024_dioscuri_baalshamin,outliers,dioscuri_archive_0010.png,nan;nan;nan;nan;nan;nan;nan;nan;nan,nan;nan;nan
imc2024_dioscuri_baalshamin,outliers,dioscuri_dioscuria_228.png,nan;nan;nan;nan;nan;nan;nan;nan;nan,nan;nan;nan
imc2024_dioscuri_baalshamin,outliers,dioscuri_img_0353.png,nan;nan;nan;nan;nan;nan;nan;nan;nan,nan;nan;nan
imc2024_dioscuri_baalshamin,outliers,dioscuri_img_0099.png,nan;nan;nan;nan;nan;nan;nan;nan;nan,nan;nan;nan
imc2024_dioscuri_baalshamin,outliers,dioscuri_3dom_fbk_img_1573.png,nan;nan;nan;nan;nan;nan;nan;nan;nan,nan;nan;nan
imc2024_dioscuri_baalshamin,outliers,dioscuri_3dom_fbk_img_1565.png,nan;nan;nan;nan;nan;nan;nan;nan;nan,nan;nan;nan
imc2024_dioscuri_baalshamin,outliers,dioscuri_3dom_fbk_img_1554.png,nan;nan;nan;nan;nan;nan;nan;nan;nan,nan;nan;nan
imc2024_dioscuri_baalshamin,outliers,dioscuri_img_0257.png,nan;nan;nan;nan;nan;nan;nan;nan;nan,nan;nan;nan
imc2024_dioscuri_baalshamin,outliers,dioscuri_3dom_fbk_img_1538.png,nan;nan;nan;nan;nan;nan;nan;nan;nan,nan;nan;nan
imc2024_dioscuri_baalshamin,outliers,dioscuri_img_0182.png,nan;nan;nan;nan;nan;nan;nan;nan;nan,nan;nan;nan
imc2024_dioscuri_baalshamin,outliers,dioscuri_img_0055.png,nan;nan;nan;nan;nan;nan;nan;nan;nan,nan;nan;nan
imc2024_lizard_pond,outliers,lizard_00459.png,nan;nan;nan;nan;nan;nan;nan;nan;nan,nan;nan;nan
imc2024_lizard_pond,outliers,lizard_00107.png,nan;nan;nan;nan;nan;nan;nan;nan;nan,nan;nan;nan
imc2024_lizard_pond,outliers,lizard_00527.png,nan;nan;nan;nan;nan;nan;nan;nan;nan,nan;nan;nan
imc2024_lizard_pond,outliers,lizard_00618.png,nan;nan;nan;nan;nan;nan;nan;nan;nan,nan;nan;nan
imc2024_lizard_pond,outliers,lizard_00074.png,nan;nan;nan;nan;nan;nan;nan;nan;nan,nan;nan;nan
imc2024_lizard_pond,outliers,lizard_00567.png,nan;nan;nan;nan;nan;nan;nan;nan;nan,nan;nan;nan
imc2024_lizard_pond,outliers,lizard_00173.png,nan;nan;nan;nan;nan;nan;nan;nan;nan,nan;nan;nan
imc2024_lizard_pond,outliers,lizard_00571.png,nan;nan;nan;nan;nan;nan;nan;nan;nan,nan;nan;nan
imc2024_lizard_pond,outliers,lizard_00055.png,nan;nan;nan;nan;nan;nan;nan;nan;nan,nan;nan;nan
imc2024_lizard_pond,outliers,lizard_00568.png,nan;nan;nan;nan;nan;nan;nan;nan;nan,nan;nan;nan
imc2024_lizard_pond,outliers,lizard_00674.png,nan;nan;nan;nan;nan;nan;nan;nan;nan,nan;nan;nan
imc2024_lizard_pond,outliers,lizard_00580.png,nan;nan;nan;nan;nan;nan;nan;nan;nan,nan;nan;nan
imc2024_lizard_pond,outliers,lizard_00676.png,nan;nan;nan;nan;nan;nan;nan;nan;nan,nan;nan;nan
imc2024_lizard_pond,outliers,lizard_00013.png,nan;nan;nan;nan;nan;nan;nan;nan;nan,nan;nan;nan
imc2024_lizard_pond,outliers,lizard_00668.png,nan;nan;nan;nan;nan;nan;nan;nan;nan,nan;nan;nan
imc2024_lizard_pond,outliers,lizard_00351.png,nan;nan;nan;nan;nan;nan;nan;nan;nan,nan;nan;nan
imc2024_lizard_pond,outliers,lizard_00482.png,nan;nan;nan;nan;nan;nan;nan;nan;nan,nan;nan;nan
imc2024_lizard_pond,outliers,lizard_00034.png,nan;nan;nan;nan;nan;nan;nan;nan;nan,nan;nan;nan
imc2024_lizard_pond,outliers,lizard_00161.png,nan;nan;nan;nan;nan;nan;nan;nan;nan,nan;nan;nan
imc2024_lizard_pond,outliers,lizard_00014.png,nan;nan;nan;nan;nan;nan;nan;nan;nan,nan;nan;nan
imc2024_lizard_pond,outliers,lizard_00350.png,nan;nan;nan;nan;nan;nan;nan;nan;nan,nan;nan;nan
imc2024_lizard_pond,outliers,lizard_00308.png,nan;nan;nan;nan;nan;nan;nan;nan;nan,nan;nan;nan
imc2024_lizard_pond,outliers,lizard_00415.png,nan;nan;nan;nan;nan;nan;nan;nan;nan,nan;nan;nan
imc2024_lizard_pond,outliers,lizard_00160.png,nan;nan;nan;nan;nan;nan;nan;nan;nan,nan;nan;nan
imc2024_lizard_pond,outliers,lizard_00402.png,nan;nan;nan;nan;nan;nan;nan;nan;nan,nan;nan;nan
imc2024_lizard_pond,outliers,lizard_00616.png,nan;nan;nan;nan;nan;nan;nan;nan;nan,nan;nan;nan
imc2024_lizard_pond,outliers,lizard_00551.png,nan;nan;nan;nan;nan;nan;nan;nan;nan,nan;nan;nan
imc2024_lizard_pond,outliers,lizard_00181.png,nan;nan;nan;nan;nan;nan;nan;nan;nan,nan;nan;nan
imc2024_lizard_pond,outliers,lizard_00195.png,nan;nan;nan;nan;nan;nan;nan;nan;nan,nan;nan;nan
imc2024_lizard_pond,outliers,lizard_00507.png,nan;nan;nan;nan;nan;nan;nan;nan;nan,nan;nan;nan
imc2024_lizard_pond,outliers,lizard_00606.png,nan;nan;nan;nan;nan;nan;nan;nan;nan,nan;nan;nan
imc2024_lizard_pond,outliers,lizard_00075.png,nan;nan;nan;nan;nan;nan;nan;nan;nan,nan;nan;nan
imc2024_lizard_pond,outliers,lizard_00236.png,nan;nan;nan;nan;nan;nan;nan;nan;nan,nan;nan;nan
imc2024_lizard_pond,outliers,lizard_00716.png,nan;nan;nan;nan;nan;nan;nan;nan;nan,nan;nan;nan
imc2024_lizard_pond,outliers,lizard_00516.png,nan;nan;nan;nan;nan;nan;nan;nan;nan,nan;nan;nan
imc2024_lizard_pond,outliers,lizard_00637.png,nan;nan;nan;nan;nan;nan;nan;nan;nan,nan;nan;nan
imc2024_lizard_pond,outliers,lizard_00089.png,nan;nan;nan;nan;nan;nan;nan;nan;nan,nan;nan;nan
imc2024_lizard_pond,outliers,lizard_00003.png,nan;nan;nan;nan;nan;nan;nan;nan;nan,nan;nan;nan
imc2024_lizard_pond,outliers,lizard_00051.png,nan;nan;nan;nan;nan;nan;nan;nan;nan,nan;nan;nan
imc2024_lizard_pond,outliers,lizard_00070.png,nan;nan;nan;nan;nan;nan;nan;nan;nan,nan;nan;nan
imc2024_lizard_pond,outliers,lizard_00278.png,nan;nan;nan;nan;nan;nan;nan;nan;nan,nan;nan;nan
imc2024_lizard_pond,outliers,lizard_00613.png,nan;nan;nan;nan;nan;nan;nan;nan;nan,nan;nan;nan
imc2024_lizard_pond,outliers,lizard_00329.png,nan;nan;nan;nan;nan;nan;nan;nan;nan,nan;nan;nan
imc2024_lizard_pond,outliers,lizard_00268.png,nan;nan;nan;nan;nan;nan;nan;nan;nan,nan;nan;nan
imc2024_lizard_pond,outliers,lizard_00244.png,nan;nan;nan;nan;nan;nan;nan;nan;nan,nan;nan;nan
imc2024_lizard_pond,outliers,lizard_00466.png,nan;nan;nan;nan;nan;nan;nan;nan;nan,nan;nan;nan
imc2024_lizard_pond,outliers,lizard_00404.png,nan;nan;nan;nan;nan;nan;nan;nan;nan,nan;nan;nan
imc2024_lizard_pond,outliers,lizard_00169.png,nan;nan;nan;nan;nan;nan;nan;nan;nan,nan;nan;nan
imc2024_lizard_pond,outliers,lizard_00233.png,nan;nan;nan;nan;nan;nan;nan;nan;nan,nan;nan;nan
imc2024_lizard_pond,outliers,lizard_00164.png,nan;nan;nan;nan;nan;nan;nan;nan;nan,nan;nan;nan
imc2024_lizard_pond,outliers,lizard_00585.png,nan;nan;nan;nan;nan;nan;nan;nan;nan,nan;nan;nan
imc2024_lizard_pond,outliers,lizard_00203.png,nan;nan;nan;nan;nan;nan;nan;nan;nan,nan;nan;nan
imc2024_lizard_pond,outliers,lizard_00512.png,nan;nan;nan;nan;nan;nan;nan;nan;nan,nan;nan;nan
imc2024_lizard_pond,outliers,lizard_00217.png,nan;nan;nan;nan;nan;nan;nan;nan;nan,nan;nan;nan
imc2024_lizard_pond,outliers,lizard_00519.png,nan;nan;nan;nan;nan;nan;nan;nan;nan,nan;nan;nan
imc2024_lizard_pond,outliers,lizard_00698.png,nan;nan;nan;nan;nan;nan;nan;nan;nan,nan;nan;nan
imc2024_lizard_pond,outliers,lizard_00670.png,nan;nan;nan;nan;nan;nan;nan;nan;nan,nan;nan;nan
imc2024_lizard_pond,outliers,lizard_00175.png,nan;nan;nan;nan;nan;nan;nan;nan;nan,nan;nan;nan
imc2024_lizard_pond,outliers,lizard_00165.png,nan;nan;nan;nan;nan;nan;nan;nan;nan,nan;nan;nan
imc2024_lizard_pond,outliers,lizard_00592.png,nan;nan;nan;nan;nan;nan;nan;nan;nan,nan;nan;nan
imc2024_lizard_pond,outliers,lizard_00113.png,nan;nan;nan;nan;nan;nan;nan;nan;nan,nan;nan;nan
imc2024_lizard_pond,outliers,lizard_00538.png,nan;nan;nan;nan;nan;nan;nan;nan;nan,nan;nan;nan
imc2024_lizard_pond,outliers,lizard_00431.png,nan;nan;nan;nan;nan;nan;nan;nan;nan,nan;nan;nan
imc2024_lizard_pond,outliers,lizard_00307.png,nan;nan;nan;nan;nan;nan;nan;nan;nan,nan;nan;nan
imc2024_lizard_pond,outliers,lizard_00192.png,nan;nan;nan;nan;nan;nan;nan;nan;nan,nan;nan;nan
imc2024_lizard_pond,outliers,lizard_00591.png,nan;nan;nan;nan;nan;nan;nan;nan;nan,nan;nan;nan
imc2024_lizard_pond,outliers,lizard_00226.png,nan;nan;nan;nan;nan;nan;nan;nan;nan,nan;nan;nan
imc2024_lizard_pond,outliers,lizard_00435.png,nan;nan;nan;nan;nan;nan;nan;nan;nan,nan;nan;nan
imc2024_lizard_pond,outliers,lizard_00531.png,nan;nan;nan;nan;nan;nan;nan;nan;nan,nan;nan;nan
imc2024_lizard_pond,outliers,lizard_00190.png,nan;nan;nan;nan;nan;nan;nan;nan;nan,nan;nan;nan
imc2024_lizard_pond,outliers,lizard_00361.png,nan;nan;nan;nan;nan;nan;nan;nan;nan,nan;nan;nan
imc2024_lizard_pond,outliers,lizard_00087.png,nan;nan;nan;nan;nan;nan;nan;nan;nan,nan;nan;nan
imc2024_lizard_pond,outliers,lizard_00682.png,nan;nan;nan;nan;nan;nan;nan;nan;nan,nan;nan;nan
imc2024_lizard_pond,outliers,lizard_00019.png,nan;nan;nan;nan;nan;nan;nan;nan;nan,nan;nan;nan
imc2024_lizard_pond,outliers,lizard_00707.png,nan;nan;nan;nan;nan;nan;nan;nan;nan,nan;nan;nan
imc2024_lizard_pond,outliers,lizard_00242.png,nan;nan;nan;nan;nan;nan;nan;nan;nan,nan;nan;nan
imc2024_lizard_pond,outliers,lizard_00292.png,nan;nan;nan;nan;nan;nan;nan;nan;nan,nan;nan;nan
imc2024_lizard_pond,outliers,lizard_00154.png,nan;nan;nan;nan;nan;nan;nan;nan;nan,nan;nan;nan
imc2024_lizard_pond,outliers,lizard_00633.png,nan;nan;nan;nan;nan;nan;nan;nan;nan,nan;nan;nan
imc2024_lizard_pond,outliers,lizard_00017.png,nan;nan;nan;nan;nan;nan;nan;nan;nan,nan;nan;nan
imc2024_lizard_pond,outliers,lizard_00391.png,nan;nan;nan;nan;nan;nan;nan;nan;nan,nan;nan;nan
imc2024_lizard_pond,outliers,lizard_00212.png,nan;nan;nan;nan;nan;nan;nan;nan;nan,nan;nan;nan
imc2024_lizard_pond,outliers,lizard_00492.png,nan;nan;nan;nan;nan;nan;nan;nan;nan,nan;nan;nan
imc2024_lizard_pond,outliers,lizard_00549.png,nan;nan;nan;nan;nan;nan;nan;nan;nan,nan;nan;nan
imc2024_lizard_pond,outliers,lizard_00720.png,nan;nan;nan;nan;nan;nan;nan;nan;nan,nan;nan;nan
imc2024_lizard_pond,outliers,lizard_00544.png,nan;nan;nan;nan;nan;nan;nan;nan;nan,nan;nan;nan
imc2024_lizard_pond,outliers,lizard_00140.png,nan;nan;nan;nan;nan;nan;nan;nan;nan,nan;nan;nan
imc2024_lizard_pond,outliers,lizard_00318.png,nan;nan;nan;nan;nan;nan;nan;nan;nan,nan;nan;nan
imc2024_lizard_pond,outliers,lizard_00066.png,nan;nan;nan;nan;nan;nan;nan;nan;nan,nan;nan;nan
imc2024_lizard_pond,outliers,lizard_00086.png,nan;nan;nan;nan;nan;nan;nan;nan;nan,nan;nan;nan
imc2024_lizard_pond,outliers,outliers_img_20230617_181536.png,nan;nan;nan;nan;nan;nan;nan;nan;nan,nan;nan;nan
imc2024_lizard_pond,outliers,outliers_img_20230617_181545.png,nan;nan;nan;nan;nan;nan;nan;nan;nan,nan;nan;nan
imc2024_lizard_pond,outliers,outliers_img_20230617_181719.png,nan;nan;nan;nan;nan;nan;nan;nan;nan,nan;nan;nan
imc2024_lizard_pond,outliers,outliers_img_20230617_181721.png,nan;nan;nan;nan;nan;nan;nan;nan;nan,nan;nan;nan
imc2024_lizard_pond,outliers,outliers_img_20230617_181724.png,nan;nan;nan;nan;nan;nan;nan;nan;nan,nan;nan;nan
imc2024_lizard_pond,outliers,outliers_img_20230617_181726.png,nan;nan;nan;nan;nan;nan;nan;nan;nan,nan;nan;nan
imc2024_lizard_pond,outliers,outliers_img_20230617_181728.png,nan;nan;nan;nan;nan;nan;nan;nan;nan,nan;nan;nan
imc2024_lizard_pond,outliers,outliers_img_20230617_181729.png,nan;nan;nan;nan;nan;nan;nan;nan;nan,nan;nan;nan
imc2024_lizard_pond,outliers,outliers_img_20230617_181747.png,nan;nan;nan;nan;nan;nan;nan;nan;nan,nan;nan;nan
imc2024_lizard_pond,outliers,outliers_img_20230617_181748.png,nan;nan;nan;nan;nan;nan;nan;nan;nan,nan;nan;nan
imc2024_lizard_pond,outliers,outliers_img_20230617_181749.png,nan;nan;nan;nan;nan;nan;nan;nan;nan,nan;nan;nan
imc2024_lizard_pond,outliers,outliers_img_20230617_181752.png,nan;nan;nan;nan;nan;nan;nan;nan;nan,nan;nan;nan
imc2024_lizard_pond,outliers,outliers_img_20230617_181850.png,nan;nan;nan;nan;nan;nan;nan;nan;nan,nan;nan;nan
imc2024_lizard_pond,outliers,outliers_img_20230617_181852.png,nan;nan;nan;nan;nan;nan;nan;nan;nan,nan;nan;nan
imc2024_lizard_pond,outliers,outliers_img_20230617_181853.png,nan;nan;nan;nan;nan;nan;nan;nan;nan,nan;nan;nan
imc2024_lizard_pond,outliers,outliers_img_20230617_181854.png,nan;nan;nan;nan;nan;nan;nan;nan;nan,nan;nan;nan
imc2024_lizard_pond,outliers,outliers_img_20230617_181855.png,nan;nan;nan;nan;nan;nan;nan;nan;nan,nan;nan;nan
imc2024_lizard_pond,outliers,outliers_img_20230617_181856.png,nan;nan;nan;nan;nan;nan;nan;nan;nan,nan;nan;nan
imc2024_lizard_pond,outliers,outliers_img_20230617_181858.png,nan;nan;nan;nan;nan;nan;nan;nan;nan,nan;nan;nan
imc2024_lizard_pond,outliers,outliers_img_20230617_181901.png,nan;nan;nan;nan;nan;nan;nan;nan;nan,nan;nan;nan
imc2024_lizard_pond,outliers,outliers_img_20230617_181905.png,nan;nan;nan;nan;nan;nan;nan;nan;nan,nan;nan;nan
imc2024_lizard_pond,outliers,outliers_img_20230617_181910.png,nan;nan;nan;nan;nan;nan;nan;nan;nan,nan;nan;nan
imc2024_lizard_pond,outliers,outliers_img_20230617_181912.png,nan;nan;nan;nan;nan;nan;nan;nan;nan,nan;nan;nan
imc2024_lizard_pond,outliers,outliers_img_20230617_181914.png,nan;nan;nan;nan;nan;nan;nan;nan;nan,nan;nan;nan
imc2024_lizard_pond,outliers,outliers_img_20230617_182716.png,nan;nan;nan;nan;nan;nan;nan;nan;nan,nan;nan;nan
imc2024_lizard_pond,outliers,outliers_img_20230617_182718.png,nan;nan;nan;nan;nan;nan;nan;nan;nan,nan;nan;nan
imc2024_lizard_pond,outliers,outliers_img_20230617_195104.png,nan;nan;nan;nan;nan;nan;nan;nan;nan,nan;nan;nan
imc2024_lizard_pond,outliers,outliers_img_20230617_202436.png,nan;nan;nan;nan;nan;nan;nan;nan;nan,nan;nan;nan
imc2024_lizard_pond,outliers,outliers_img_20230617_202438.png,nan;nan;nan;nan;nan;nan;nan;nan;nan,nan;nan;nan
imc2024_lizard_pond,outliers,outliers_img_20230617_211228.png,nan;nan;nan;nan;nan;nan;nan;nan;nan,nan;nan;nan
imc2024_lizard_pond,outliers,outliers_img_20230617_211229.png,nan;nan;nan;nan;nan;nan;nan;nan;nan,nan;nan;nan
imc2024_lizard_pond,outliers,outliers_img_20230617_212007.png,nan;nan;nan;nan;nan;nan;nan;nan;nan,nan;nan;nan
imc2024_lizard_pond,outliers,outliers_img_20230617_212014.png,nan;nan;nan;nan;nan;nan;nan;nan;nan,nan;nan;nan
imc2024_lizard_pond,outliers,outliers_img_20230617_212059.png,nan;nan;nan;nan;nan;nan;nan;nan;nan,nan;nan;nan
imc2024_lizard_pond,outliers,pond_00022.png,nan;nan;nan;nan;nan;nan;nan;nan;nan,nan;nan;nan
imc2024_lizard_pond,outliers,pond_00969.png,nan;nan;nan;nan;nan;nan;nan;nan;nan,nan;nan;nan
imc2024_lizard_pond,outliers,pond_00101.png,nan;nan;nan;nan;nan;nan;nan;nan;nan,nan;nan;nan
imc2024_lizard_pond,outliers,pond_00312.png,nan;nan;nan;nan;nan;nan;nan;nan;nan,nan;nan;nan
imc2024_lizard_pond,outliers,pond_00832.png,nan;nan;nan;nan;nan;nan;nan;nan;nan,nan;nan;nan
imc2024_lizard_pond,outliers,pond_01024.png,nan;nan;nan;nan;nan;nan;nan;nan;nan,nan;nan;nan
imc2024_lizard_pond,outliers,pond_00915.png,nan;nan;nan;nan;nan;nan;nan;nan;nan,nan;nan;nan
imc2024_lizard_pond,outliers,pond_00508.png,nan;nan;nan;nan;nan;nan;nan;nan;nan,nan;nan;nan
imc2024_lizard_pond,outliers,pond_01061.png,nan;nan;nan;nan;nan;nan;nan;nan;nan,nan;nan;nan
imc2024_lizard_pond,outliers,pond_00300.png,nan;nan;nan;nan;nan;nan;nan;nan;nan,nan;nan;nan
imc2024_lizard_pond,outliers,pond_00958.png,nan;nan;nan;nan;nan;nan;nan;nan;nan,nan;nan;nan
imc2024_lizard_pond,outliers,pond_00196.png,nan;nan;nan;nan;nan;nan;nan;nan;nan,nan;nan;nan
imc2024_lizard_pond,outliers,pond_01136.png,nan;nan;nan;nan;nan;nan;nan;nan;nan,nan;nan;nan
imc2024_lizard_pond,outliers,pond_00974.png,nan;nan;nan;nan;nan;nan;nan;nan;nan,nan;nan;nan
imc2024_lizard_pond,outliers,pond_01131.png,nan;nan;nan;nan;nan;nan;nan;nan;nan,nan;nan;nan
imc2024_lizard_pond,outliers,pond_00726.png,nan;nan;nan;nan;nan;nan;nan;nan;nan,nan;nan;nan
imc2024_lizard_pond,outliers,pond_01138.png,nan;nan;nan;nan;nan;nan;nan;nan;nan,nan;nan;nan
imc2024_lizard_pond,outliers,pond_00047.png,nan;nan;nan;nan;nan;nan;nan;nan;nan,nan;nan;nan
imc2024_lizard_pond,outliers,pond_00548.png,nan;nan;nan;nan;nan;nan;nan;nan;nan,nan;nan;nan
imc2024_lizard_pond,outliers,pond_00016.png,nan;nan;nan;nan;nan;nan;nan;nan;nan,nan;nan;nan
imc2024_lizard_pond,outliers,pond_00195.png,nan;nan;nan;nan;nan;nan;nan;nan;nan,nan;nan;nan
imc2024_lizard_pond,outliers,pond_00941.png,nan;nan;nan;nan;nan;nan;nan;nan;nan,nan;nan;nan
imc2024_lizard_pond,outliers,pond_00070.png,nan;nan;nan;nan;nan;nan;nan;nan;nan,nan;nan;nan
imc2024_lizard_pond,outliers,pond_00637.png,nan;nan;nan;nan;nan;nan;nan;nan;nan,nan;nan;nan
imc2024_lizard_pond,outliers,pond_00864.png,nan;nan;nan;nan;nan;nan;nan;nan;nan,nan;nan;nan
imc2024_lizard_pond,outliers,pond_01035.png,nan;nan;nan;nan;nan;nan;nan;nan;nan,nan;nan;nan
imc2024_lizard_pond,outliers,pond_01120.png,nan;nan;nan;nan;nan;nan;nan;nan;nan,nan;nan;nan
imc2024_lizard_pond,outliers,pond_00274.png,nan;nan;nan;nan;nan;nan;nan;nan;nan,nan;nan;nan
imc2024_lizard_pond,outliers,pond_00135.png,nan;nan;nan;nan;nan;nan;nan;nan;nan,nan;nan;nan
imc2024_lizard_pond,outliers,pond_00914.png,nan;nan;nan;nan;nan;nan;nan;nan;nan,nan;nan;nan
imc2024_lizard_pond,outliers,pond_00352.png,nan;nan;nan;nan;nan;nan;nan;nan;nan,nan;nan;nan
imc2024_lizard_pond,outliers,pond_01088.png,nan;nan;nan;nan;nan;nan;nan;nan;nan,nan;nan;nan
imc2024_lizard_pond,outliers,pond_00011.png,nan;nan;nan;nan;nan;nan;nan;nan;nan,nan;nan;nan
imc2024_lizard_pond,outliers,pond_01068.png,nan;nan;nan;nan;nan;nan;nan;nan;nan,nan;nan;nan
imc2024_lizard_pond,outliers,pond_00440.png,nan;nan;nan;nan;nan;nan;nan;nan;nan,nan;nan;nan
imc2024_lizard_pond,outliers,pond_00030.png,nan;nan;nan;nan;nan;nan;nan;nan;nan,nan;nan;nan
imc2024_lizard_pond,outliers,pond_00324.png,nan;nan;nan;nan;nan;nan;nan;nan;nan,nan;nan;nan
imc2024_lizard_pond,outliers,pond_00499.png,nan;nan;nan;nan;nan;nan;nan;nan;nan,nan;nan;nan
imc2024_lizard_pond,outliers,pond_01020.png,nan;nan;nan;nan;nan;nan;nan;nan;nan,nan;nan;nan
imc2024_lizard_pond,outliers,pond_00955.png,nan;nan;nan;nan;nan;nan;nan;nan;nan,nan;nan;nan
imc2024_lizard_pond,outliers,pond_00450.png,nan;nan;nan;nan;nan;nan;nan;nan;nan,nan;nan;nan
imc2024_lizard_pond,outliers,pond_00596.png,nan;nan;nan;nan;nan;nan;nan;nan;nan,nan;nan;nan
imc2024_lizard_pond,outliers,pond_00567.png,nan;nan;nan;nan;nan;nan;nan;nan;nan,nan;nan;nan
imc2024_lizard_pond,outliers,pond_00509.png,nan;nan;nan;nan;nan;nan;nan;nan;nan,nan;nan;nan
imc2024_lizard_pond,outliers,pond_00333.png,nan;nan;nan;nan;nan;nan;nan;nan;nan,nan;nan;nan
imc2024_lizard_pond,outliers,pond_00896.png,nan;nan;nan;nan;nan;nan;nan;nan;nan,nan;nan;nan
imc2024_lizard_pond,outliers,pond_00750.png,nan;nan;nan;nan;nan;nan;nan;nan;nan,nan;nan;nan
imc2024_lizard_pond,outliers,pond_00779.png,nan;nan;nan;nan;nan;nan;nan;nan;nan,nan;nan;nan
imc2024_lizard_pond,outliers,pond_00143.png,nan;nan;nan;nan;nan;nan;nan;nan;nan,nan;nan;nan
imc2024_lizard_pond,outliers,pond_00043.png,nan;nan;nan;nan;nan;nan;nan;nan;nan,nan;nan;nan
imc2024_lizard_pond,outliers,pond_00122.png,nan;nan;nan;nan;nan;nan;nan;nan;nan,nan;nan;nan
imc2024_lizard_pond,outliers,pond_00793.png,nan;nan;nan;nan;nan;nan;nan;nan;nan,nan;nan;nan
imc2024_lizard_pond,outliers,pond_00293.png,nan;nan;nan;nan;nan;nan;nan;nan;nan,nan;nan;nan
imc2024_lizard_pond,outliers,pond_00834.png,nan;nan;nan;nan;nan;nan;nan;nan;nan,nan;nan;nan
imc2024_lizard_pond,outliers,pond_00129.png,nan;nan;nan;nan;nan;nan;nan;nan;nan,nan;nan;nan
imc2024_lizard_pond,outliers,pond_00605.png,nan;nan;nan;nan;nan;nan;nan;nan;nan,nan;nan;nan
imc2024_lizard_pond,outliers,pond_00306.png,nan;nan;nan;nan;nan;nan;nan;nan;nan,nan;nan;nan
imc2024_lizard_pond,outliers,pond_00086.png,nan;nan;nan;nan;nan;nan;nan;nan;nan,nan;nan;nan
imc2024_lizard_pond,outliers,pond_00893.png,nan;nan;nan;nan;nan;nan;nan;nan;nan,nan;nan;nan
imc2024_lizard_pond,outliers,pond_00476.png,nan;nan;nan;nan;nan;nan;nan;nan;nan,nan;nan;nan
imc2024_lizard_pond,outliers,pond_00724.png,nan;nan;nan;nan;nan;nan;nan;nan;nan,nan;nan;nan
imc2024_lizard_pond,outliers,pond_00796.png,nan;nan;nan;nan;nan;nan;nan;nan;nan,nan;nan;nan
imc2024_lizard_pond,outliers,pond_00634.png,nan;nan;nan;nan;nan;nan;nan;nan;nan,nan;nan;nan
imc2024_lizard_pond,outliers,pond_00456.png,nan;nan;nan;nan;nan;nan;nan;nan;nan,nan;nan;nan
imc2024_lizard_pond,outliers,pond_01133.png,nan;nan;nan;nan;nan;nan;nan;nan;nan,nan;nan;nan
imc2024_lizard_pond,outliers,pond_00231.png,nan;nan;nan;nan;nan;nan;nan;nan;nan,nan;nan;nan
imc2024_lizard_pond,outliers,pond_00359.png,nan;nan;nan;nan;nan;nan;nan;nan;nan,nan;nan;nan
imc2024_lizard_pond,outliers,pond_00997.png,nan;nan;nan;nan;nan;nan;nan;nan;nan,nan;nan;nan
imc2024_lizard_pond,outliers,pond_00429.png,nan;nan;nan;nan;nan;nan;nan;nan;nan,nan;nan;nan
imc2024_lizard_pond,outliers,pond_00658.png,nan;nan;nan;nan;nan;nan;nan;nan;nan,nan;nan;nan
imc2024_lizard_pond,outliers,pond_00696.png,nan;nan;nan;nan;nan;nan;nan;nan;nan,nan;nan;nan
imc2024_lizard_pond,outliers,pond_00878.png,nan;nan;nan;nan;nan;nan;nan;nan;nan,nan;nan;nan
imc2024_lizard_pond,outliers,pond_00474.png,nan;nan;nan;nan;nan;nan;nan;nan;nan,nan;nan;nan
imc2024_lizard_pond,outliers,pond_00617.png,nan;nan;nan;nan;nan;nan;nan;nan;nan,nan;nan;nan
imc2024_lizard_pond,outliers,pond_00574.png,nan;nan;nan;nan;nan;nan;nan;nan;nan,nan;nan;nan
imc2024_lizard_pond,outliers,pond_00007.png,nan;nan;nan;nan;nan;nan;nan;nan;nan,nan;nan;nan
imc2024_lizard_pond,outliers,pond_00181.png,nan;nan;nan;nan;nan;nan;nan;nan;nan,nan;nan;nan
imc2024_lizard_pond,outliers,pond_00210.png,nan;nan;nan;nan;nan;nan;nan;nan;nan,nan;nan;nan
imc2024_lizard_pond,outliers,pond_00421.png,nan;nan;nan;nan;nan;nan;nan;nan;nan,nan;nan;nan
imc2024_lizard_pond,outliers,pond_00558.png,nan;nan;nan;nan;nan;nan;nan;nan;nan,nan;nan;nan
imc2024_lizard_pond,outliers,pond_00095.png,nan;nan;nan;nan;nan;nan;nan;nan;nan,nan;nan;nan
imc2024_lizard_pond,outliers,pond_00162.png,nan;nan;nan;nan;nan;nan;nan;nan;nan,nan;nan;nan
imc2024_lizard_pond,outliers,pond_00920.png,nan;nan;nan;nan;nan;nan;nan;nan;nan,nan;nan;nan
imc2024_lizard_pond,outliers,pond_00493.png,nan;nan;nan;nan;nan;nan;nan;nan;nan,nan;nan;nan
imc2024_lizard_pond,outliers,pond_00199.png,nan;nan;nan;nan;nan;nan;nan;nan;nan,nan;nan;nan
imc2024_lizard_pond,outliers,pond_00006.png,nan;nan;nan;nan;nan;nan;nan;nan;nan,nan;nan;nan
imc2024_lizard_pond,outliers,pond_00491.png,nan;nan;nan;nan;nan;nan;nan;nan;nan,nan;nan;nan
imc2024_lizard_pond,outliers,pond_00472.png,nan;nan;nan;nan;nan;nan;nan;nan;nan,nan;nan;nan
imc2024_lizard_pond,outliers,pond_00573.png,nan;nan;nan;nan;nan;nan;nan;nan;nan,nan;nan;nan
imc2024_lizard_pond,outliers,pond_00644.png,nan;nan;nan;nan;nan;nan;nan;nan;nan,nan;nan;nan
pt_brandenburg_british_buckingham,outliers,british_museum_15144115_117839432.png,nan;nan;nan;nan;nan;nan;nan;nan;nan,nan;nan;nan
pt_brandenburg_british_buckingham,outliers,british_museum_96255967_5091378744.png,nan;nan;nan;nan;nan;nan;nan;nan;nan,nan;nan;nan
pt_brandenburg_british_buckingham,outliers,british_museum_03576546_367645446.png,nan;nan;nan;nan;nan;nan;nan;nan;nan,nan;nan;nan
pt_brandenburg_british_buckingham,outliers,british_museum_62774028_4348685003.png,nan;nan;nan;nan;nan;nan;nan;nan;nan,nan;nan;nan
pt_brandenburg_british_buckingham,outliers,british_museum_68914717_4070962405.png,nan;nan;nan;nan;nan;nan;nan;nan;nan,nan;nan;nan
pt_brandenburg_british_buckingham,outliers,british_museum_84932226_4352179060.png,nan;nan;nan;nan;nan;nan;nan;nan;nan,nan;nan;nan
pt_brandenburg_british_buckingham,outliers,british_museum_93658023_4980549800.png,nan;nan;nan;nan;nan;nan;nan;nan;nan,nan;nan;nan
pt_brandenburg_british_buckingham,outliers,british_museum_54432186_6732914439.png,nan;nan;nan;nan;nan;nan;nan;nan;nan,nan;nan;nan
pt_brandenburg_british_buckingham,outliers,british_museum_87893778_8781019493.png,nan;nan;nan;nan;nan;nan;nan;nan;nan,nan;nan;nan
pt_brandenburg_british_buckingham,outliers,british_museum_91782790_275554656.png,nan;nan;nan;nan;nan;nan;nan;nan;nan,nan;nan;nan
pt_brandenburg_british_buckingham,outliers,british_museum_19254317_158538587.png,nan;nan;nan;nan;nan;nan;nan;nan;nan,nan;nan;nan
pt_brandenburg_british_buckingham,outliers,british_museum_61892850_2364933018.png,nan;nan;nan;nan;nan;nan;nan;nan;nan,nan;nan;nan
pt_brandenburg_british_buckingham,outliers,british_museum_60624404_7093768535.png,nan;nan;nan;nan;nan;nan;nan;nan;nan,nan;nan;nan
pt_brandenburg_british_buckingham,outliers,british_museum_21757263_3848724084.png,nan;nan;nan;nan;nan;nan;nan;nan;nan,nan;nan;nan
pt_brandenburg_british_buckingham,outliers,british_museum_73748105_4531531922.png,nan;nan;nan;nan;nan;nan;nan;nan;nan,nan;nan;nan
pt_brandenburg_british_buckingham,outliers,british_museum_19811771_3152186510.png,nan;nan;nan;nan;nan;nan;nan;nan;nan,nan;nan;nan
pt_brandenburg_british_buckingham,outliers,british_museum_72728072_3851668437.png,nan;nan;nan;nan;nan;nan;nan;nan;nan,nan;nan;nan
pt_brandenburg_british_buckingham,outliers,british_museum_78242267_4404579754.png,nan;nan;nan;nan;nan;nan;nan;nan;nan,nan;nan;nan
pt_brandenburg_british_buckingham,outliers,british_museum_67521166_4735236552.png,nan;nan;nan;nan;nan;nan;nan;nan;nan,nan;nan;nan
pt_brandenburg_british_buckingham,outliers,british_museum_67772160_2655952816.png,nan;nan;nan;nan;nan;nan;nan;nan;nan,nan;nan;nan
pt_brandenburg_british_buckingham,outliers,british_museum_99480770_3945403640.png,nan;nan;nan;nan;nan;nan;nan;nan;nan,nan;nan;nan
pt_brandenburg_british_buckingham,outliers,british_museum_42803655_6429621523.png,nan;nan;nan;nan;nan;nan;nan;nan;nan,nan;nan;nan
pt_brandenburg_british_buckingham,outliers,british_museum_53881364_5029031037.png,nan;nan;nan;nan;nan;nan;nan;nan;nan,nan;nan;nan
pt_brandenburg_british_buckingham,outliers,british_museum_66393650_5300086486.png,nan;nan;nan;nan;nan;nan;nan;nan;nan,nan;nan;nan
pt_brandenburg_british_buckingham,outliers,british_museum_90095149_11613863483.png,nan;nan;nan;nan;nan;nan;nan;nan;nan,nan;nan;nan
pt_brandenburg_british_buckingham,outliers,british_museum_76518628_3747715512.png,nan;nan;nan;nan;nan;nan;nan;nan;nan,nan;nan;nan
pt_brandenburg_british_buckingham,outliers,british_museum_39461890_106560712.png,nan;nan;nan;nan;nan;nan;nan;nan;nan,nan;nan;nan
pt_brandenburg_british_buckingham,outliers,british_museum_09362272_3871121693.png,nan;nan;nan;nan;nan;nan;nan;nan;nan,nan;nan;nan
pt_brandenburg_british_buckingham,outliers,british_museum_99981082_8904760272.png,nan;nan;nan;nan;nan;nan;nan;nan;nan,nan;nan;nan
pt_brandenburg_british_buckingham,outliers,british_museum_78137733_4059821853.png,nan;nan;nan;nan;nan;nan;nan;nan;nan,nan;nan;nan
pt_brandenburg_british_buckingham,outliers,british_museum_89208997_5875216727.png,nan;nan;nan;nan;nan;nan;nan;nan;nan,nan;nan;nan
pt_brandenburg_british_buckingham,outliers,british_museum_45839934_4117745134.png,nan;nan;nan;nan;nan;nan;nan;nan;nan,nan;nan;nan
pt_brandenburg_british_buckingham,outliers,british_museum_67471600_1224757581.png,nan;nan;nan;nan;nan;nan;nan;nan;nan,nan;nan;nan
pt_brandenburg_british_buckingham,outliers,british_museum_26677707_11389887745.png,nan;nan;nan;nan;nan;nan;nan;nan;nan,nan;nan;nan
pt_brandenburg_british_buckingham,outliers,british_museum_63647221_4349439258.png,nan;nan;nan;nan;nan;nan;nan;nan;nan,nan;nan;nan
pt_brandenburg_british_buckingham,outliers,british_museum_51111273_4980544542.png,nan;nan;nan;nan;nan;nan;nan;nan;nan,nan;nan;nan
pt_brandenburg_british_buckingham,outliers,british_museum_27732591_4349424252.png,nan;nan;nan;nan;nan;nan;nan;nan;nan,nan;nan;nan
pt_brandenburg_british_buckingham,outliers,british_museum_28309287_5482270912.png,nan;nan;nan;nan;nan;nan;nan;nan;nan,nan;nan;nan
pt_brandenburg_british_buckingham,outliers,british_museum_27779894_6489328657.png,nan;nan;nan;nan;nan;nan;nan;nan;nan,nan;nan;nan
pt_brandenburg_british_buckingham,outliers,british_museum_66747696_4734591579.png,nan;nan;nan;nan;nan;nan;nan;nan;nan,nan;nan;nan
pt_brandenburg_british_buckingham,outliers,british_museum_04790098_4924719784.png,nan;nan;nan;nan;nan;nan;nan;nan;nan,nan;nan;nan
pt_brandenburg_british_buckingham,outliers,british_museum_95591790_8233423442.png,nan;nan;nan;nan;nan;nan;nan;nan;nan,nan;nan;nan
pt_brandenburg_british_buckingham,outliers,british_museum_66361736_3945101598.png,nan;nan;nan;nan;nan;nan;nan;nan;nan,nan;nan;nan
pt_brandenburg_british_buckingham,outliers,british_museum_67894974_9704498288.png,nan;nan;nan;nan;nan;nan;nan;nan;nan,nan;nan;nan
pt_brandenburg_british_buckingham,outliers,british_museum_21326450_90598151.png,nan;nan;nan;nan;nan;nan;nan;nan;nan,nan;nan;nan
pt_brandenburg_british_buckingham,outliers,british_museum_56818398_67603532.png,nan;nan;nan;nan;nan;nan;nan;nan;nan,nan;nan;nan
pt_brandenburg_british_buckingham,outliers,british_museum_98018049_7167451918.png,nan;nan;nan;nan;nan;nan;nan;nan;nan,nan;nan;nan
pt_brandenburg_british_buckingham,outliers,british_museum_74626542_2453940576.png,nan;nan;nan;nan;nan;nan;nan;nan;nan,nan;nan;nan
pt_brandenburg_british_buckingham,outliers,british_museum_09740642_11372944273.png,nan;nan;nan;nan;nan;nan;nan;nan;nan,nan;nan;nan
pt_brandenburg_british_buckingham,outliers,british_museum_99662030_3945401118.png,nan;nan;nan;nan;nan;nan;nan;nan;nan,nan;nan;nan
pt_brandenburg_british_buckingham,outliers,british_museum_78567520_2219457772.png,nan;nan;nan;nan;nan;nan;nan;nan;nan,nan;nan;nan
pt_brandenburg_british_buckingham,outliers,british_museum_85835963_3490488375.png,nan;nan;nan;nan;nan;nan;nan;nan;nan,nan;nan;nan
pt_brandenburg_british_buckingham,outliers,british_museum_09218102_3818070255.png,nan;nan;nan;nan;nan;nan;nan;nan;nan,nan;nan;nan
pt_brandenburg_british_buckingham,outliers,british_museum_17892330_2218662345.png,nan;nan;nan;nan;nan;nan;nan;nan;nan,nan;nan;nan
pt_brandenburg_british_buckingham,outliers,british_museum_31925345_5986804667.png,nan;nan;nan;nan;nan;nan;nan;nan;nan,nan;nan;nan
pt_brandenburg_british_buckingham,outliers,british_museum_73406890_5043569825.png,nan;nan;nan;nan;nan;nan;nan;nan;nan,nan;nan;nan
pt_brandenburg_british_buckingham,outliers,british_museum_80976991_8342057400.png,nan;nan;nan;nan;nan;nan;nan;nan;nan,nan;nan;nan
pt_brandenburg_british_buckingham,outliers,british_museum_94308218_4349427490.png,nan;nan;nan;nan;nan;nan;nan;nan;nan,nan;nan;nan
pt_brandenburg_british_buckingham,outliers,british_museum_39667919_12715742453.png,nan;nan;nan;nan;nan;nan;nan;nan;nan,nan;nan;nan
pt_brandenburg_british_buckingham,outliers,british_museum_77196526_11613990374.png,nan;nan;nan;nan;nan;nan;nan;nan;nan,nan;nan;nan
pt_brandenburg_british_buckingham,outliers,british_museum_32520806_97760578.png,nan;nan;nan;nan;nan;nan;nan;nan;nan,nan;nan;nan
pt_brandenburg_british_buckingham,outliers,british_museum_25308247_4757972250.png,nan;nan;nan;nan;nan;nan;nan;nan;nan,nan;nan;nan
pt_brandenburg_british_buckingham,outliers,british_museum_92242343_4351333520.png,nan;nan;nan;nan;nan;nan;nan;nan;nan,nan;nan;nan
pt_brandenburg_british_buckingham,outliers,british_museum_84019782_6926081795.png,nan;nan;nan;nan;nan;nan;nan;nan;nan,nan;nan;nan
pt_brandenburg_british_buckingham,outliers,british_museum_61744140_838726075.png,nan;nan;nan;nan;nan;nan;nan;nan;nan,nan;nan;nan
pt_brandenburg_british_buckingham,outliers,british_museum_83025239_9530039386.png,nan;nan;nan;nan;nan;nan;nan;nan;nan,nan;nan;nan
pt_brandenburg_british_buckingham,outliers,british_museum_30495805_5912735553.png,nan;nan;nan;nan;nan;nan;nan;nan;nan,nan;nan;nan
pt_brandenburg_british_buckingham,outliers,british_museum_90026426_4349430506.png,nan;nan;nan;nan;nan;nan;nan;nan;nan,nan;nan;nan
pt_brandenburg_british_buckingham,outliers,british_museum_17406933_4349448982.png,nan;nan;nan;nan;nan;nan;nan;nan;nan,nan;nan;nan
pt_brandenburg_british_buckingham,outliers,british_museum_59356487_3468534134.png,nan;nan;nan;nan;nan;nan;nan;nan;nan,nan;nan;nan
pt_brandenburg_british_buckingham,outliers,british_museum_73361450_117839447.png,nan;nan;nan;nan;nan;nan;nan;nan;nan,nan;nan;nan
pt_brandenburg_british_buckingham,outliers,british_museum_21021803_3610519149.png,nan;nan;nan;nan;nan;nan;nan;nan;nan,nan;nan;nan
pt_brandenburg_british_buckingham,outliers,british_museum_29840064_6240820088.png,nan;nan;nan;nan;nan;nan;nan;nan;nan,nan;nan;nan
pt_brandenburg_british_buckingham,outliers,british_museum_52641281_5921667676.png,nan;nan;nan;nan;nan;nan;nan;nan;nan,nan;nan;nan
pt_brandenburg_british_buckingham,outliers,british_museum_32161143_8079875050.png,nan;nan;nan;nan;nan;nan;nan;nan;nan,nan;nan;nan
pt_brandenburg_british_buckingham,outliers,buckingham_palace_66580063_2204250033.png,nan;nan;nan;nan;nan;nan;nan;nan;nan,nan;nan;nan
pt_brandenburg_british_buckingham,outliers,buckingham_palace_42572558_3847795752.png,nan;nan;nan;nan;nan;nan;nan;nan;nan,nan;nan;nan
pt_brandenburg_british_buckingham,outliers,buckingham_palace_73465264_3740611434.png,nan;nan;nan;nan;nan;nan;nan;nan;nan,nan;nan;nan
pt_brandenburg_british_buckingham,outliers,buckingham_palace_34791488_2406713663.png,nan;nan;nan;nan;nan;nan;nan;nan;nan,nan;nan;nan
pt_brandenburg_british_buckingham,outliers,buckingham_palace_11272171_837310675.png,nan;nan;nan;nan;nan;nan;nan;nan;nan,nan;nan;nan
pt_brandenburg_british_buckingham,outliers,buckingham_palace_59875279_3803024920.png,nan;nan;nan;nan;nan;nan;nan;nan;nan,nan;nan;nan
pt_brandenburg_british_buckingham,outliers,buckingham_palace_70462905_5669092857.png,nan;nan;nan;nan;nan;nan;nan;nan;nan,nan;nan;nan
pt_brandenburg_british_buckingham,outliers,buckingham_palace_85181405_8612250269.png,nan;nan;nan;nan;nan;nan;nan;nan;nan,nan;nan;nan
pt_brandenburg_british_buckingham,outliers,buckingham_palace_82600926_8760297100.png,nan;nan;nan;nan;nan;nan;nan;nan;nan,nan;nan;nan
pt_brandenburg_british_buckingham,outliers,buckingham_palace_38217522_12120715573.png,nan;nan;nan;nan;nan;nan;nan;nan;nan,nan;nan;nan
pt_brandenburg_british_buckingham,outliers,buckingham_palace_86418271_9241595670.png,nan;nan;nan;nan;nan;nan;nan;nan;nan,nan;nan;nan
pt_brandenburg_british_buckingham,outliers,buckingham_palace_69568614_12055226536.png,nan;nan;nan;nan;nan;nan;nan;nan;nan,nan;nan;nan
pt_brandenburg_british_buckingham,outliers,buckingham_palace_54621533_151517675.png,nan;nan;nan;nan;nan;nan;nan;nan;nan,nan;nan;nan
pt_brandenburg_british_buckingham,outliers,buckingham_palace_77667400_439062740.png,nan;nan;nan;nan;nan;nan;nan;nan;nan,nan;nan;nan
pt_brandenburg_british_buckingham,outliers,buckingham_palace_76669421_1878873201.png,nan;nan;nan;nan;nan;nan;nan;nan;nan,nan;nan;nan
pt_brandenburg_british_buckingham,outliers,buckingham_palace_81876166_676507850.png,nan;nan;nan;nan;nan;nan;nan;nan;nan,nan;nan;nan
pt_brandenburg_british_buckingham,outliers,buckingham_palace_35128922_3585104193.png,nan;nan;nan;nan;nan;nan;nan;nan;nan,nan;nan;nan
pt_brandenburg_british_buckingham,outliers,buckingham_palace_25910232_4557319964.png,nan;nan;nan;nan;nan;nan;nan;nan;nan,nan;nan;nan
pt_brandenburg_british_buckingham,outliers,buckingham_palace_20371484_12209806.png,nan;nan;nan;nan;nan;nan;nan;nan;nan,nan;nan;nan
pt_brandenburg_british_buckingham,outliers,buckingham_palace_89367054_672839242.png,nan;nan;nan;nan;nan;nan;nan;nan;nan,nan;nan;nan
pt_brandenburg_british_buckingham,outliers,buckingham_palace_46109345_5162840183.png,nan;nan;nan;nan;nan;nan;nan;nan;nan,nan;nan;nan
pt_brandenburg_british_buckingham,outliers,buckingham_palace_82116100_4565320676.png,nan;nan;nan;nan;nan;nan;nan;nan;nan,nan;nan;nan
pt_brandenburg_british_buckingham,outliers,buckingham_palace_35301556_5755414976.png,nan;nan;nan;nan;nan;nan;nan;nan;nan,nan;nan;nan
pt_brandenburg_british_buckingham,outliers,buckingham_palace_39291857_1523464373.png,nan;nan;nan;nan;nan;nan;nan;nan;nan,nan;nan;nan
pt_brandenburg_british_buckingham,outliers,buckingham_palace_84522886_5954681667.png,nan;nan;nan;nan;nan;nan;nan;nan;nan,nan;nan;nan
pt_brandenburg_british_buckingham,outliers,buckingham_palace_85556619_3740631958.png,nan;nan;nan;nan;nan;nan;nan;nan;nan,nan;nan;nan
pt_brandenburg_british_buckingham,outliers,buckingham_palace_93037627_13638822993.png,nan;nan;nan;nan;nan;nan;nan;nan;nan,nan;nan;nan
pt_brandenburg_british_buckingham,outliers,buckingham_palace_70979018_2078157897.png,nan;nan;nan;nan;nan;nan;nan;nan;nan,nan;nan;nan
pt_brandenburg_british_buckingham,outliers,buckingham_palace_64822253_2217151982.png,nan;nan;nan;nan;nan;nan;nan;nan;nan,nan;nan;nan
pt_brandenburg_british_buckingham,outliers,buckingham_palace_62660707_10596782846.png,nan;nan;nan;nan;nan;nan;nan;nan;nan,nan;nan;nan
pt_brandenburg_british_buckingham,outliers,buckingham_palace_28542033_5434317589.png,nan;nan;nan;nan;nan;nan;nan;nan;nan,nan;nan;nan
pt_brandenburg_british_buckingham,outliers,buckingham_palace_61805239_2253432740.png,nan;nan;nan;nan;nan;nan;nan;nan;nan,nan;nan;nan
pt_brandenburg_british_buckingham,outliers,buckingham_palace_51699589_9343866373.png,nan;nan;nan;nan;nan;nan;nan;nan;nan,nan;nan;nan
pt_brandenburg_british_buckingham,outliers,buckingham_palace_21697383_6430594307.png,nan;nan;nan;nan;nan;nan;nan;nan;nan,nan;nan;nan
pt_brandenburg_british_buckingham,outliers,buckingham_palace_16774617_219184039.png,nan;nan;nan;nan;nan;nan;nan;nan;nan,nan;nan;nan
pt_brandenburg_british_buckingham,outliers,buckingham_palace_89205589_356802584.png,nan;nan;nan;nan;nan;nan;nan;nan;nan,nan;nan;nan
pt_brandenburg_british_buckingham,outliers,buckingham_palace_12842704_470297372.png,nan;nan;nan;nan;nan;nan;nan;nan;nan,nan;nan;nan
pt_brandenburg_british_buckingham,outliers,buckingham_palace_05394210_3325092555.png,nan;nan;nan;nan;nan;nan;nan;nan;nan,nan;nan;nan
pt_brandenburg_british_buckingham,outliers,buckingham_palace_38257186_6252086513.png,nan;nan;nan;nan;nan;nan;nan;nan;nan,nan;nan;nan
pt_brandenburg_british_buckingham,outliers,buckingham_palace_39528348_6563861043.png,nan;nan;nan;nan;nan;nan;nan;nan;nan,nan;nan;nan
pt_brandenburg_british_buckingham,outliers,buckingham_palace_14258385_9378732166.png,nan;nan;nan;nan;nan;nan;nan;nan;nan,nan;nan;nan
pt_brandenburg_british_buckingham,outliers,buckingham_palace_37797945_4824569303.png,nan;nan;nan;nan;nan;nan;nan;nan;nan,nan;nan;nan
pt_brandenburg_british_buckingham,outliers,buckingham_palace_62469402_3202824067.png,nan;nan;nan;nan;nan;nan;nan;nan;nan,nan;nan;nan
pt_brandenburg_british_buckingham,outliers,buckingham_palace_66580194_6996358425.png,nan;nan;nan;nan;nan;nan;nan;nan;nan,nan;nan;nan
pt_brandenburg_british_buckingham,outliers,buckingham_palace_35654194_9287834913.png,nan;nan;nan;nan;nan;nan;nan;nan;nan,nan;nan;nan
pt_brandenburg_british_buckingham,outliers,buckingham_palace_52410261_4937469812.png,nan;nan;nan;nan;nan;nan;nan;nan;nan,nan;nan;nan
pt_brandenburg_british_buckingham,outliers,buckingham_palace_74296459_103436516.png,nan;nan;nan;nan;nan;nan;nan;nan;nan,nan;nan;nan
pt_brandenburg_british_buckingham,outliers,buckingham_palace_05879148_4721852797.png,nan;nan;nan;nan;nan;nan;nan;nan;nan,nan;nan;nan
pt_brandenburg_british_buckingham,outliers,buckingham_palace_67053735_5824219898.png,nan;nan;nan;nan;nan;nan;nan;nan;nan,nan;nan;nan
pt_brandenburg_british_buckingham,outliers,buckingham_palace_35686206_4081926571.png,nan;nan;nan;nan;nan;nan;nan;nan;nan,nan;nan;nan
pt_brandenburg_british_buckingham,outliers,buckingham_palace_37524858_3739802247.png,nan;nan;nan;nan;nan;nan;nan;nan;nan,nan;nan;nan
pt_brandenburg_british_buckingham,outliers,buckingham_palace_06170639_4557285016.png,nan;nan;nan;nan;nan;nan;nan;nan;nan,nan;nan;nan
pt_brandenburg_british_buckingham,outliers,buckingham_palace_59781164_3740564586.png,nan;nan;nan;nan;nan;nan;nan;nan;nan,nan;nan;nan
pt_brandenburg_british_buckingham,outliers,buckingham_palace_47315604_5047670100.png,nan;nan;nan;nan;nan;nan;nan;nan;nan,nan;nan;nan
pt_brandenburg_british_buckingham,outliers,buckingham_palace_80761089_1260341347.png,nan;nan;nan;nan;nan;nan;nan;nan;nan,nan;nan;nan
pt_brandenburg_british_buckingham,outliers,buckingham_palace_21167644_8707271738.png,nan;nan;nan;nan;nan;nan;nan;nan;nan,nan;nan;nan
pt_brandenburg_british_buckingham,outliers,buckingham_palace_44573130_5715131949.png,nan;nan;nan;nan;nan;nan;nan;nan;nan,nan;nan;nan
pt_brandenburg_british_buckingham,outliers,buckingham_palace_08413293_4591289960.png,nan;nan;nan;nan;nan;nan;nan;nan;nan,nan;nan;nan
pt_brandenburg_british_buckingham,outliers,buckingham_palace_40942590_10086689274.png,nan;nan;nan;nan;nan;nan;nan;nan;nan,nan;nan;nan
pt_brandenburg_british_buckingham,outliers,buckingham_palace_04861657_8587228495.png,nan;nan;nan;nan;nan;nan;nan;nan;nan,nan;nan;nan
pt_brandenburg_british_buckingham,outliers,buckingham_palace_19226918_112883362.png,nan;nan;nan;nan;nan;nan;nan;nan;nan,nan;nan;nan
pt_brandenburg_british_buckingham,outliers,buckingham_palace_26606950_5411314264.png,nan;nan;nan;nan;nan;nan;nan;nan;nan,nan;nan;nan
pt_brandenburg_british_buckingham,outliers,buckingham_palace_49269748_4041495348.png,nan;nan;nan;nan;nan;nan;nan;nan;nan,nan;nan;nan
pt_brandenburg_british_buckingham,outliers,buckingham_palace_52402986_5523235865.png,nan;nan;nan;nan;nan;nan;nan;nan;nan,nan;nan;nan
pt_brandenburg_british_buckingham,outliers,buckingham_palace_48484647_7883607208.png,nan;nan;nan;nan;nan;nan;nan;nan;nan,nan;nan;nan
pt_brandenburg_british_buckingham,outliers,buckingham_palace_21134535_11614071253.png,nan;nan;nan;nan;nan;nan;nan;nan;nan,nan;nan;nan
pt_brandenburg_british_buckingham,outliers,buckingham_palace_94455955_3929007141.png,nan;nan;nan;nan;nan;nan;nan;nan;nan,nan;nan;nan
pt_brandenburg_british_buckingham,outliers,buckingham_palace_95865994_275402759.png,nan;nan;nan;nan;nan;nan;nan;nan;nan,nan;nan;nan
pt_brandenburg_british_buckingham,outliers,buckingham_palace_91676499_3739813019.png,nan;nan;nan;nan;nan;nan;nan;nan;nan,nan;nan;nan
pt_brandenburg_british_buckingham,outliers,buckingham_palace_36576167_9378677290.png,nan;nan;nan;nan;nan;nan;nan;nan;nan,nan;nan;nan
pt_brandenburg_british_buckingham,outliers,buckingham_palace_11299827_3665838648.png,nan;nan;nan;nan;nan;nan;nan;nan;nan,nan;nan;nan
pt_brandenburg_british_buckingham,outliers,buckingham_palace_10097113_4343681151.png,nan;nan;nan;nan;nan;nan;nan;nan;nan,nan;nan;nan
pt_brandenburg_british_buckingham,outliers,buckingham_palace_11220321_6429817645.png,nan;nan;nan;nan;nan;nan;nan;nan;nan,nan;nan;nan
pt_brandenburg_british_buckingham,outliers,buckingham_palace_91446393_39141513.png,nan;nan;nan;nan;nan;nan;nan;nan;nan,nan;nan;nan
pt_brandenburg_british_buckingham,outliers,buckingham_palace_46810479_13785513864.png,nan;nan;nan;nan;nan;nan;nan;nan;nan,nan;nan;nan
pt_brandenburg_british_buckingham,outliers,brandenburg_gate_47510282_2492277573.png,nan;nan;nan;nan;nan;nan;nan;nan;nan,nan;nan;nan
pt_brandenburg_british_buckingham,outliers,brandenburg_gate_91824386_51142061.png,nan;nan;nan;nan;nan;nan;nan;nan;nan,nan;nan;nan
pt_brandenburg_british_buckingham,outliers,brandenburg_gate_26655336_6192911644.png,nan;nan;nan;nan;nan;nan;nan;nan;nan,nan;nan;nan
pt_brandenburg_british_buckingham,outliers,brandenburg_gate_60863296_2846812457.png,nan;nan;nan;nan;nan;nan;nan;nan;nan,nan;nan;nan
pt_brandenburg_british_buckingham,outliers,brandenburg_gate_01069771_8567470929.png,nan;nan;nan;nan;nan;nan;nan;nan;nan,nan;nan;nan
pt_brandenburg_british_buckingham,outliers,brandenburg_gate_06935805_2163586273.png,nan;nan;nan;nan;nan;nan;nan;nan;nan,nan;nan;nan
pt_brandenburg_british_buckingham,outliers,brandenburg_gate_22465257_94852237.png,nan;nan;nan;nan;nan;nan;nan;nan;nan,nan;nan;nan
pt_brandenburg_british_buckingham,outliers,brandenburg_gate_73039718_4294835156.png,nan;nan;nan;nan;nan;nan;nan;nan;nan,nan;nan;nan
pt_brandenburg_british_buckingham,outliers,brandenburg_gate_94029235_930442362.png,nan;nan;nan;nan;nan;nan;nan;nan;nan,nan;nan;nan
pt_brandenburg_british_buckingham,outliers,brandenburg_gate_20133057_3035445116.png,nan;nan;nan;nan;nan;nan;nan;nan;nan,nan;nan;nan
pt_brandenburg_british_buckingham,outliers,brandenburg_gate_35200934_73110776.png,nan;nan;nan;nan;nan;nan;nan;nan;nan,nan;nan;nan
pt_brandenburg_british_buckingham,outliers,brandenburg_gate_52599802_11381897224.png,nan;nan;nan;nan;nan;nan;nan;nan;nan,nan;nan;nan
pt_brandenburg_british_buckingham,outliers,brandenburg_gate_82089809_2789175595.png,nan;nan;nan;nan;nan;nan;nan;nan;nan,nan;nan;nan
pt_brandenburg_british_buckingham,outliers,brandenburg_gate_54714905_6154442539.png,nan;nan;nan;nan;nan;nan;nan;nan;nan,nan;nan;nan
pt_brandenburg_british_buckingham,outliers,brandenburg_gate_75037828_1434507967.png,nan;nan;nan;nan;nan;nan;nan;nan;nan,nan;nan;nan
pt_brandenburg_british_buckingham,outliers,brandenburg_gate_97371403_4823878472.png,nan;nan;nan;nan;nan;nan;nan;nan;nan,nan;nan;nan
pt_brandenburg_british_buckingham,outliers,brandenburg_gate_02936509_94852264.png,nan;nan;nan;nan;nan;nan;nan;nan;nan,nan;nan;nan
pt_brandenburg_british_buckingham,outliers,brandenburg_gate_68654335_2476618452.png,nan;nan;nan;nan;nan;nan;nan;nan;nan,nan;nan;nan
pt_brandenburg_british_buckingham,outliers,brandenburg_gate_09870003_7184351941.png,nan;nan;nan;nan;nan;nan;nan;nan;nan,nan;nan;nan
pt_brandenburg_british_buckingham,outliers,brandenburg_gate_04705241_3760208106.png,nan;nan;nan;nan;nan;nan;nan;nan;nan,nan;nan;nan
pt_brandenburg_british_buckingham,outliers,brandenburg_gate_69366784_6629915323.png,nan;nan;nan;nan;nan;nan;nan;nan;nan,nan;nan;nan
pt_brandenburg_british_buckingham,outliers,brandenburg_gate_28221825_5139496129.png,nan;nan;nan;nan;nan;nan;nan;nan;nan,nan;nan;nan
pt_brandenburg_british_buckingham,outliers,brandenburg_gate_18348543_5140101294.png,nan;nan;nan;nan;nan;nan;nan;nan;nan,nan;nan;nan
pt_brandenburg_british_buckingham,outliers,brandenburg_gate_72396943_4654565284.png,nan;nan;nan;nan;nan;nan;nan;nan;nan,nan;nan;nan
pt_brandenburg_british_buckingham,outliers,brandenburg_gate_19431740_4837182516.png,nan;nan;nan;nan;nan;nan;nan;nan;nan,nan;nan;nan
pt_brandenburg_british_buckingham,outliers,brandenburg_gate_85067470_51142901.png,nan;nan;nan;nan;nan;nan;nan;nan;nan,nan;nan;nan
pt_brandenburg_british_buckingham,outliers,brandenburg_gate_60553649_2254779884.png,nan;nan;nan;nan;nan;nan;nan;nan;nan,nan;nan;nan
pt_brandenburg_british_buckingham,outliers,brandenburg_gate_47521158_5096477796.png,nan;nan;nan;nan;nan;nan;nan;nan;nan,nan;nan;nan
pt_brandenburg_british_buckingham,outliers,brandenburg_gate_93110830_1932760362.png,nan;nan;nan;nan;nan;nan;nan;nan;nan,nan;nan;nan
pt_brandenburg_british_buckingham,outliers,brandenburg_gate_08455944_11844596793.png,nan;nan;nan;nan;nan;nan;nan;nan;nan,nan;nan;nan
pt_brandenburg_british_buckingham,outliers,brandenburg_gate_18933011_9395787270.png,nan;nan;nan;nan;nan;nan;nan;nan;nan,nan;nan;nan
pt_brandenburg_british_buckingham,outliers,brandenburg_gate_23898581_3418292777.png,nan;nan;nan;nan;nan;nan;nan;nan;nan,nan;nan;nan
pt_brandenburg_british_buckingham,outliers,brandenburg_gate_08655339_301940774.png,nan;nan;nan;nan;nan;nan;nan;nan;nan,nan;nan;nan
pt_brandenburg_british_buckingham,outliers,brandenburg_gate_94045317_3752214176.png,nan;nan;nan;nan;nan;nan;nan;nan;nan,nan;nan;nan
pt_brandenburg_british_buckingham,outliers,brandenburg_gate_98157145_9159024129.png,nan;nan;nan;nan;nan;nan;nan;nan;nan,nan;nan;nan
pt_brandenburg_british_buckingham,outliers,brandenburg_gate_79167472_5876853278.png,nan;nan;nan;nan;nan;nan;nan;nan;nan,nan;nan;nan
pt_brandenburg_british_buckingham,outliers,brandenburg_gate_06809631_5499605152.png,nan;nan;nan;nan;nan;nan;nan;nan;nan,nan;nan;nan
pt_brandenburg_british_buckingham,outliers,brandenburg_gate_71214740_51142248.png,nan;nan;nan;nan;nan;nan;nan;nan;nan,nan;nan;nan
pt_brandenburg_british_buckingham,outliers,brandenburg_gate_03300929_2790010816.png,nan;nan;nan;nan;nan;nan;nan;nan;nan,nan;nan;nan
pt_brandenburg_british_buckingham,outliers,brandenburg_gate_76173312_1901163610.png,nan;nan;nan;nan;nan;nan;nan;nan;nan,nan;nan;nan
pt_brandenburg_british_buckingham,outliers,brandenburg_gate_54744886_13665893353.png,nan;nan;nan;nan;nan;nan;nan;nan;nan,nan;nan;nan
pt_brandenburg_british_buckingham,outliers,brandenburg_gate_53208747_4264002612.png,nan;nan;nan;nan;nan;nan;nan;nan;nan,nan;nan;nan
pt_brandenburg_british_buckingham,outliers,brandenburg_gate_90142764_8281118641.png,nan;nan;nan;nan;nan;nan;nan;nan;nan,nan;nan;nan
pt_brandenburg_british_buckingham,outliers,brandenburg_gate_06950806_3245016486.png,nan;nan;nan;nan;nan;nan;nan;nan;nan,nan;nan;nan
pt_brandenburg_british_buckingham,outliers,brandenburg_gate_78329459_8088722344.png,nan;nan;nan;nan;nan;nan;nan;nan;nan,nan;nan;nan
pt_brandenburg_british_buckingham,outliers,brandenburg_gate_92884278_346751510.png,nan;nan;nan;nan;nan;nan;nan;nan;nan,nan;nan;nan
pt_brandenburg_british_buckingham,outliers,brandenburg_gate_91333167_11075684623.png,nan;nan;nan;nan;nan;nan;nan;nan;nan,nan;nan;nan
pt_brandenburg_british_buckingham,outliers,brandenburg_gate_59826471_8014732885.png,nan;nan;nan;nan;nan;nan;nan;nan;nan,nan;nan;nan
pt_brandenburg_british_buckingham,outliers,brandenburg_gate_52630012_12435805525.png,nan;nan;nan;nan;nan;nan;nan;nan;nan,nan;nan;nan
pt_brandenburg_british_buckingham,outliers,brandenburg_gate_93385231_5436268017.png,nan;nan;nan;nan;nan;nan;nan;nan;nan,nan;nan;nan
pt_brandenburg_british_buckingham,outliers,brandenburg_gate_38891238_3944459389.png,nan;nan;nan;nan;nan;nan;nan;nan;nan,nan;nan;nan
pt_brandenburg_british_buckingham,outliers,brandenburg_gate_99467148_7775852980.png,nan;nan;nan;nan;nan;nan;nan;nan;nan,nan;nan;nan
pt_brandenburg_british_buckingham,outliers,brandenburg_gate_99778055_7859904484.png,nan;nan;nan;nan;nan;nan;nan;nan;nan,nan;nan;nan
pt_brandenburg_british_buckingham,outliers,brandenburg_gate_82618295_1916872032.png,nan;nan;nan;nan;nan;nan;nan;nan;nan,nan;nan;nan
pt_brandenburg_british_buckingham,outliers,brandenburg_gate_71033172_8108767503.png,nan;nan;nan;nan;nan;nan;nan;nan;nan,nan;nan;nan
pt_brandenburg_british_buckingham,outliers,brandenburg_gate_69037173_2735815523.png,nan;nan;nan;nan;nan;nan;nan;nan;nan,nan;nan;nan
pt_brandenburg_british_buckingham,outliers,brandenburg_gate_85386984_3990647856.png,nan;nan;nan;nan;nan;nan;nan;nan;nan,nan;nan;nan
pt_brandenburg_british_buckingham,outliers,brandenburg_gate_99933312_2768771111.png,nan;nan;nan;nan;nan;nan;nan;nan;nan,nan;nan;nan
pt_brandenburg_british_buckingham,outliers,brandenburg_gate_04684290_2698969364.png,nan;nan;nan;nan;nan;nan;nan;nan;nan,nan;nan;nan
pt_brandenburg_british_buckingham,outliers,brandenburg_gate_48127186_5425905321.png,nan;nan;nan;nan;nan;nan;nan;nan;nan,nan;nan;nan
pt_brandenburg_british_buckingham,outliers,brandenburg_gate_43929418_4177129462.png,nan;nan;nan;nan;nan;nan;nan;nan;nan,nan;nan;nan
pt_brandenburg_british_buckingham,outliers,brandenburg_gate_42723789_7775854318.png,nan;nan;nan;nan;nan;nan;nan;nan;nan,nan;nan;nan
pt_brandenburg_british_buckingham,outliers,brandenburg_gate_90954945_7168342309.png,nan;nan;nan;nan;nan;nan;nan;nan;nan,nan;nan;nan
pt_brandenburg_british_buckingham,outliers,brandenburg_gate_76177997_2293073399.png,nan;nan;nan;nan;nan;nan;nan;nan;nan,nan;nan;nan
pt_brandenburg_british_buckingham,outliers,brandenburg_gate_74077013_184987611.png,nan;nan;nan;nan;nan;nan;nan;nan;nan,nan;nan;nan
pt_brandenburg_british_buckingham,outliers,brandenburg_gate_33797050_227462369.png,nan;nan;nan;nan;nan;nan;nan;nan;nan,nan;nan;nan
pt_brandenburg_british_buckingham,outliers,brandenburg_gate_74576406_1433639911.png,nan;nan;nan;nan;nan;nan;nan;nan;nan,nan;nan;nan
pt_brandenburg_british_buckingham,outliers,brandenburg_gate_92841931_3067495942.png,nan;nan;nan;nan;nan;nan;nan;nan;nan,nan;nan;nan
pt_brandenburg_british_buckingham,outliers,brandenburg_gate_24072578_3313430186.png,nan;nan;nan;nan;nan;nan;nan;nan;nan,nan;nan;nan
pt_brandenburg_british_buckingham,outliers,brandenburg_gate_41213067_5831563503.png,nan;nan;nan;nan;nan;nan;nan;nan;nan,nan;nan;nan
pt_brandenburg_british_buckingham,outliers,brandenburg_gate_80142447_1434506947.png,nan;nan;nan;nan;nan;nan;nan;nan;nan,nan;nan;nan
pt_brandenburg_british_buckingham,outliers,brandenburg_gate_23128078_9800439215.png,nan;nan;nan;nan;nan;nan;nan;nan;nan,nan;nan;nan
pt_brandenburg_british_buckingham,outliers,brandenburg_gate_36555276_225381350.png,nan;nan;nan;nan;nan;nan;nan;nan;nan,nan;nan;nan
pt_brandenburg_british_buckingham,outliers,brandenburg_gate_59713287_6809504619.png,nan;nan;nan;nan;nan;nan;nan;nan;nan,nan;nan;nan
pt_brandenburg_british_buckingham,outliers,brandenburg_gate_82818583_7062231077.png,nan;nan;nan;nan;nan;nan;nan;nan;nan,nan;nan;nan
pt_piazzasanmarco_grandplace,outliers,piazza_san_marco_62119409_1192224848.png,nan;nan;nan;nan;nan;nan;nan;nan;nan,nan;nan;nan
pt_piazzasanmarco_grandplace,outliers,piazza_san_marco_62044241_3006469222.png,nan;nan;nan;nan;nan;nan;nan;nan;nan,nan;nan;nan
pt_piazzasanmarco_grandplace,outliers,piazza_san_marco_60642120_4838112159.png,nan;nan;nan;nan;nan;nan;nan;nan;nan,nan;nan;nan
pt_piazzasanmarco_grandplace,outliers,piazza_san_marco_60124074_10553534575.png,nan;nan;nan;nan;nan;nan;nan;nan;nan,nan;nan;nan
pt_piazzasanmarco_grandplace,outliers,piazza_san_marco_59702055_3587019674.png,nan;nan;nan;nan;nan;nan;nan;nan;nan,nan;nan;nan
pt_piazzasanmarco_grandplace,outliers,piazza_san_marco_57743773_3911679421.png,nan;nan;nan;nan;nan;nan;nan;nan;nan,nan;nan;nan
pt_piazzasanmarco_grandplace,outliers,piazza_san_marco_51641355_9558925683.png,nan;nan;nan;nan;nan;nan;nan;nan;nan,nan;nan;nan
pt_piazzasanmarco_grandplace,outliers,piazza_san_marco_51202043_9310221789.png,nan;nan;nan;nan;nan;nan;nan;nan;nan,nan;nan;nan
pt_piazzasanmarco_grandplace,outliers,piazza_san_marco_50153416_1936826074.png,nan;nan;nan;nan;nan;nan;nan;nan;nan,nan;nan;nan
pt_piazzasanmarco_grandplace,outliers,piazza_san_marco_49865216_1748767363.png,nan;nan;nan;nan;nan;nan;nan;nan;nan,nan;nan;nan
pt_piazzasanmarco_grandplace,outliers,piazza_san_marco_48879463_9871466366.png,nan;nan;nan;nan;nan;nan;nan;nan;nan,nan;nan;nan
pt_piazzasanmarco_grandplace,outliers,piazza_san_marco_48336247_12513898.png,nan;nan;nan;nan;nan;nan;nan;nan;nan,nan;nan;nan
pt_piazzasanmarco_grandplace,outliers,piazza_san_marco_47978286_6233178275.png,nan;nan;nan;nan;nan;nan;nan;nan;nan,nan;nan;nan
pt_piazzasanmarco_grandplace,outliers,piazza_san_marco_44559050_8123175494.png,nan;nan;nan;nan;nan;nan;nan;nan;nan,nan;nan;nan
pt_piazzasanmarco_grandplace,outliers,piazza_san_marco_43613632_3927740200.png,nan;nan;nan;nan;nan;nan;nan;nan;nan,nan;nan;nan
pt_piazzasanmarco_grandplace,outliers,piazza_san_marco_43351518_2659980686.png,nan;nan;nan;nan;nan;nan;nan;nan;nan,nan;nan;nan
pt_piazzasanmarco_grandplace,outliers,piazza_san_marco_37929918_11153434073.png,nan;nan;nan;nan;nan;nan;nan;nan;nan,nan;nan;nan
pt_piazzasanmarco_grandplace,outliers,piazza_san_marco_36422008_2674079787.png,nan;nan;nan;nan;nan;nan;nan;nan;nan,nan;nan;nan
pt_piazzasanmarco_grandplace,outliers,piazza_san_marco_36146268_3693794507.png,nan;nan;nan;nan;nan;nan;nan;nan;nan,nan;nan;nan
pt_piazzasanmarco_grandplace,outliers,piazza_san_marco_35580319_7242840168.png,nan;nan;nan;nan;nan;nan;nan;nan;nan,nan;nan;nan
pt_piazzasanmarco_grandplace,outliers,piazza_san_marco_34900147_9647945813.png,nan;nan;nan;nan;nan;nan;nan;nan;nan,nan;nan;nan
pt_piazzasanmarco_grandplace,outliers,piazza_san_marco_33370194_3086484243.png,nan;nan;nan;nan;nan;nan;nan;nan;nan,nan;nan;nan
pt_piazzasanmarco_grandplace,outliers,piazza_san_marco_32189638_13916077925.png,nan;nan;nan;nan;nan;nan;nan;nan;nan,nan;nan;nan
pt_piazzasanmarco_grandplace,outliers,piazza_san_marco_23831030_2515629875.png,nan;nan;nan;nan;nan;nan;nan;nan;nan,nan;nan;nan
pt_piazzasanmarco_grandplace,outliers,piazza_san_marco_08641657_1396164280.png,nan;nan;nan;nan;nan;nan;nan;nan;nan,nan;nan;nan
pt_piazzasanmarco_grandplace,outliers,piazza_san_marco_07961084_7175726083.png,nan;nan;nan;nan;nan;nan;nan;nan;nan,nan;nan;nan
pt_piazzasanmarco_grandplace,outliers,piazza_san_marco_05687240_1655294248.png,nan;nan;nan;nan;nan;nan;nan;nan;nan,nan;nan;nan
pt_piazzasanmarco_grandplace,outliers,piazza_san_marco_05446260_7175726639.png,nan;nan;nan;nan;nan;nan;nan;nan;nan,nan;nan;nan
pt_piazzasanmarco_grandplace,outliers,piazza_san_marco_00911019_30410665.png,nan;nan;nan;nan;nan;nan;nan;nan;nan,nan;nan;nan
pt_piazzasanmarco_grandplace,outliers,piazza_san_marco_02765213_3937871604.png,nan;nan;nan;nan;nan;nan;nan;nan;nan,nan;nan;nan
pt_piazzasanmarco_grandplace,outliers,piazza_san_marco_02938363_7768045658.png,nan;nan;nan;nan;nan;nan;nan;nan;nan,nan;nan;nan
pt_piazzasanmarco_grandplace,outliers,piazza_san_marco_03929605_4794028100.png,nan;nan;nan;nan;nan;nan;nan;nan;nan,nan;nan;nan
pt_piazzasanmarco_grandplace,outliers,piazza_san_marco_16413076_9488649958.png,nan;nan;nan;nan;nan;nan;nan;nan;nan,nan;nan;nan
pt_piazzasanmarco_grandplace,outliers,piazza_san_marco_16953110_11565839383.png,nan;nan;nan;nan;nan;nan;nan;nan;nan,nan;nan;nan
pt_piazzasanmarco_grandplace,outliers,piazza_san_marco_19489590_236391387.png,nan;nan;nan;nan;nan;nan;nan;nan;nan,nan;nan;nan
pt_piazzasanmarco_grandplace,outliers,piazza_san_marco_20308172_3751782049.png,nan;nan;nan;nan;nan;nan;nan;nan;nan,nan;nan;nan
pt_piazzasanmarco_grandplace,outliers,piazza_san_marco_21269219_11222531165.png,nan;nan;nan;nan;nan;nan;nan;nan;nan,nan;nan;nan
pt_piazzasanmarco_grandplace,outliers,piazza_san_marco_78763159_3108420750.png,nan;nan;nan;nan;nan;nan;nan;nan;nan,nan;nan;nan
pt_piazzasanmarco_grandplace,outliers,piazza_san_marco_79015492_5156227704.png,nan;nan;nan;nan;nan;nan;nan;nan;nan,nan;nan;nan
pt_piazzasanmarco_grandplace,outliers,piazza_san_marco_79425959_1797859257.png,nan;nan;nan;nan;nan;nan;nan;nan;nan,nan;nan;nan
pt_piazzasanmarco_grandplace,outliers,piazza_san_marco_79666681_10553566785.png,nan;nan;nan;nan;nan;nan;nan;nan;nan,nan;nan;nan
pt_piazzasanmarco_grandplace,outliers,piazza_san_marco_86390456_4731250935.png,nan;nan;nan;nan;nan;nan;nan;nan;nan,nan;nan;nan
pt_piazzasanmarco_grandplace,outliers,piazza_san_marco_87075524_5742959286.png,nan;nan;nan;nan;nan;nan;nan;nan;nan,nan;nan;nan
pt_piazzasanmarco_grandplace,outliers,piazza_san_marco_87197910_5742405011.png,nan;nan;nan;nan;nan;nan;nan;nan;nan,nan;nan;nan
pt_piazzasanmarco_grandplace,outliers,piazza_san_marco_89563571_5498158307.png,nan;nan;nan;nan;nan;nan;nan;nan;nan,nan;nan;nan
pt_piazzasanmarco_grandplace,outliers,piazza_san_marco_93114090_518435769.png,nan;nan;nan;nan;nan;nan;nan;nan;nan,nan;nan;nan
pt_piazzasanmarco_grandplace,outliers,piazza_san_marco_93221497_7164520549.png,nan;nan;nan;nan;nan;nan;nan;nan;nan,nan;nan;nan
pt_piazzasanmarco_grandplace,outliers,piazza_san_marco_93587382_6156273792.png,nan;nan;nan;nan;nan;nan;nan;nan;nan,nan;nan;nan
pt_piazzasanmarco_grandplace,outliers,piazza_san_marco_94011496_2894625345.png,nan;nan;nan;nan;nan;nan;nan;nan;nan,nan;nan;nan
pt_piazzasanmarco_grandplace,outliers,piazza_san_marco_92816782_2348689080.png,nan;nan;nan;nan;nan;nan;nan;nan;nan,nan;nan;nan
pt_piazzasanmarco_grandplace,outliers,piazza_san_marco_92643910_5422709475.png,nan;nan;nan;nan;nan;nan;nan;nan;nan,nan;nan;nan
pt_piazzasanmarco_grandplace,outliers,piazza_san_marco_91949369_5742957310.png,nan;nan;nan;nan;nan;nan;nan;nan;nan,nan;nan;nan
pt_piazzasanmarco_grandplace,outliers,piazza_san_marco_91363954_9618264007.png,nan;nan;nan;nan;nan;nan;nan;nan;nan,nan;nan;nan
pt_piazzasanmarco_grandplace,outliers,piazza_san_marco_91217018_430586397.png,nan;nan;nan;nan;nan;nan;nan;nan;nan,nan;nan;nan
pt_piazzasanmarco_grandplace,outliers,piazza_san_marco_90726425_1192292030.png,nan;nan;nan;nan;nan;nan;nan;nan;nan,nan;nan;nan
pt_piazzasanmarco_grandplace,outliers,piazza_san_marco_90638337_1435435593.png,nan;nan;nan;nan;nan;nan;nan;nan;nan,nan;nan;nan
pt_piazzasanmarco_grandplace,outliers,piazza_san_marco_78389630_9150785175.png,nan;nan;nan;nan;nan;nan;nan;nan;nan,nan;nan;nan
pt_piazzasanmarco_grandplace,outliers,piazza_san_marco_78197122_7042380723.png,nan;nan;nan;nan;nan;nan;nan;nan;nan,nan;nan;nan
pt_piazzasanmarco_grandplace,outliers,piazza_san_marco_76323662_4175035496.png,nan;nan;nan;nan;nan;nan;nan;nan;nan,nan;nan;nan
pt_piazzasanmarco_grandplace,outliers,piazza_san_marco_75292523_2051266090.png,nan;nan;nan;nan;nan;nan;nan;nan;nan,nan;nan;nan
pt_piazzasanmarco_grandplace,outliers,piazza_san_marco_73256062_9276377947.png,nan;nan;nan;nan;nan;nan;nan;nan;nan,nan;nan;nan
pt_piazzasanmarco_grandplace,outliers,piazza_san_marco_66788909_420268870.png,nan;nan;nan;nan;nan;nan;nan;nan;nan,nan;nan;nan
pt_piazzasanmarco_grandplace,outliers,piazza_san_marco_65627187_4621853852.png,nan;nan;nan;nan;nan;nan;nan;nan;nan,nan;nan;nan
pt_piazzasanmarco_grandplace,outliers,piazza_san_marco_65581481_3524160597.png,nan;nan;nan;nan;nan;nan;nan;nan;nan,nan;nan;nan
pt_piazzasanmarco_grandplace,outliers,piazza_san_marco_65217461_5742419027.png,nan;nan;nan;nan;nan;nan;nan;nan;nan,nan;nan;nan
pt_piazzasanmarco_grandplace,outliers,piazza_san_marco_64400658_2226109244.png,nan;nan;nan;nan;nan;nan;nan;nan;nan,nan;nan;nan
pt_piazzasanmarco_grandplace,outliers,piazza_san_marco_63338936_4890937953.png,nan;nan;nan;nan;nan;nan;nan;nan;nan,nan;nan;nan
pt_piazzasanmarco_grandplace,outliers,piazza_san_marco_62409294_4434824649.png,nan;nan;nan;nan;nan;nan;nan;nan;nan,nan;nan;nan
pt_piazzasanmarco_grandplace,outliers,grand_place_brussels_57895262_5823807439.png,nan;nan;nan;nan;nan;nan;nan;nan;nan,nan;nan;nan
pt_piazzasanmarco_grandplace,outliers,grand_place_brussels_94589793_5911133174.png,nan;nan;nan;nan;nan;nan;nan;nan;nan,nan;nan;nan
pt_piazzasanmarco_grandplace,outliers,grand_place_brussels_29589789_8732590004.png,nan;nan;nan;nan;nan;nan;nan;nan;nan,nan;nan;nan
pt_piazzasanmarco_grandplace,outliers,grand_place_brussels_32610159_13881489624.png,nan;nan;nan;nan;nan;nan;nan;nan;nan,nan;nan;nan
pt_piazzasanmarco_grandplace,outliers,grand_place_brussels_22907382_4299384445.png,nan;nan;nan;nan;nan;nan;nan;nan;nan,nan;nan;nan
pt_piazzasanmarco_grandplace,outliers,grand_place_brussels_54689750_8177752931.png,nan;nan;nan;nan;nan;nan;nan;nan;nan,nan;nan;nan
pt_piazzasanmarco_grandplace,outliers,grand_place_brussels_61195081_2862626518.png,nan;nan;nan;nan;nan;nan;nan;nan;nan,nan;nan;nan
pt_piazzasanmarco_grandplace,outliers,grand_place_brussels_61442570_1877638298.png,nan;nan;nan;nan;nan;nan;nan;nan;nan,nan;nan;nan
pt_piazzasanmarco_grandplace,outliers,grand_place_brussels_89270148_8703811409.png,nan;nan;nan;nan;nan;nan;nan;nan;nan,nan;nan;nan
pt_piazzasanmarco_grandplace,outliers,grand_place_brussels_65723931_2797767702.png,nan;nan;nan;nan;nan;nan;nan;nan;nan,nan;nan;nan
pt_piazzasanmarco_grandplace,outliers,grand_place_brussels_12461054_2954451845.png,nan;nan;nan;nan;nan;nan;nan;nan;nan,nan;nan;nan
pt_piazzasanmarco_grandplace,outliers,grand_place_brussels_63879656_8828566618.png,nan;nan;nan;nan;nan;nan;nan;nan;nan,nan;nan;nan
pt_piazzasanmarco_grandplace,outliers,grand_place_brussels_36406299_8032284977.png,nan;nan;nan;nan;nan;nan;nan;nan;nan,nan;nan;nan
pt_piazzasanmarco_grandplace,outliers,grand_place_brussels_77082765_2334078741.png,nan;nan;nan;nan;nan;nan;nan;nan;nan,nan;nan;nan
pt_piazzasanmarco_grandplace,outliers,grand_place_brussels_98365344_176581376.png,nan;nan;nan;nan;nan;nan;nan;nan;nan,nan;nan;nan
pt_piazzasanmarco_grandplace,outliers,grand_place_brussels_04102017_4543731951.png,nan;nan;nan;nan;nan;nan;nan;nan;nan,nan;nan;nan
pt_piazzasanmarco_grandplace,outliers,grand_place_brussels_19836104_416362563.png,nan;nan;nan;nan;nan;nan;nan;nan;nan,nan;nan;nan
pt_piazzasanmarco_grandplace,outliers,grand_place_brussels_09039293_8703814883.png,nan;nan;nan;nan;nan;nan;nan;nan;nan,nan;nan;nan
pt_piazzasanmarco_grandplace,outliers,grand_place_brussels_30060098_13881136865.png,nan;nan;nan;nan;nan;nan;nan;nan;nan,nan;nan;nan
pt_piazzasanmarco_grandplace,outliers,grand_place_brussels_82619588_2231634419.png,nan;nan;nan;nan;nan;nan;nan;nan;nan,nan;nan;nan
pt_piazzasanmarco_grandplace,outliers,grand_place_brussels_33996128_10532176005.png,nan;nan;nan;nan;nan;nan;nan;nan;nan,nan;nan;nan
pt_piazzasanmarco_grandplace,outliers,grand_place_brussels_03884640_3907488533.png,nan;nan;nan;nan;nan;nan;nan;nan;nan,nan;nan;nan
pt_piazzasanmarco_grandplace,outliers,grand_place_brussels_85875165_3423168615.png,nan;nan;nan;nan;nan;nan;nan;nan;nan,nan;nan;nan
pt_piazzasanmarco_grandplace,outliers,grand_place_brussels_98347882_247481604.png,nan;nan;nan;nan;nan;nan;nan;nan;nan,nan;nan;nan
pt_piazzasanmarco_grandplace,outliers,grand_place_brussels_90505934_1674425132.png,nan;nan;nan;nan;nan;nan;nan;nan;nan,nan;nan;nan
pt_piazzasanmarco_grandplace,outliers,grand_place_brussels_65600629_2179631506.png,nan;nan;nan;nan;nan;nan;nan;nan;nan,nan;nan;nan
pt_piazzasanmarco_grandplace,outliers,grand_place_brussels_57903036_6034663613.png,nan;nan;nan;nan;nan;nan;nan;nan;nan,nan;nan;nan
pt_piazzasanmarco_grandplace,outliers,grand_place_brussels_32506932_9376290469.png,nan;nan;nan;nan;nan;nan;nan;nan;nan,nan;nan;nan
pt_piazzasanmarco_grandplace,outliers,grand_place_brussels_76893682_2999450842.png,nan;nan;nan;nan;nan;nan;nan;nan;nan,nan;nan;nan
pt_piazzasanmarco_grandplace,outliers,grand_place_brussels_56929508_8486048059.png,nan;nan;nan;nan;nan;nan;nan;nan;nan,nan;nan;nan
pt_piazzasanmarco_grandplace,outliers,grand_place_brussels_12259150_2265169853.png,nan;nan;nan;nan;nan;nan;nan;nan;nan,nan;nan;nan
pt_piazzasanmarco_grandplace,outliers,grand_place_brussels_33234837_3550291978.png,nan;nan;nan;nan;nan;nan;nan;nan;nan,nan;nan;nan
pt_piazzasanmarco_grandplace,outliers,grand_place_brussels_42923853_104932205.png,nan;nan;nan;nan;nan;nan;nan;nan;nan,nan;nan;nan
pt_piazzasanmarco_grandplace,outliers,grand_place_brussels_19450330_5824490434.png,nan;nan;nan;nan;nan;nan;nan;nan;nan,nan;nan;nan
pt_piazzasanmarco_grandplace,outliers,grand_place_brussels_27114106_8683698083.png,nan;nan;nan;nan;nan;nan;nan;nan;nan,nan;nan;nan
pt_piazzasanmarco_grandplace,outliers,grand_place_brussels_95763587_2232280810.png,nan;nan;nan;nan;nan;nan;nan;nan;nan,nan;nan;nan
pt_piazzasanmarco_grandplace,outliers,grand_place_brussels_33680148_1033484404.png,nan;nan;nan;nan;nan;nan;nan;nan;nan,nan;nan;nan
pt_piazzasanmarco_grandplace,outliers,grand_place_brussels_45351744_6834302276.png,nan;nan;nan;nan;nan;nan;nan;nan;nan,nan;nan;nan
pt_piazzasanmarco_grandplace,outliers,grand_place_brussels_64752693_9379071376.png,nan;nan;nan;nan;nan;nan;nan;nan;nan,nan;nan;nan
pt_piazzasanmarco_grandplace,outliers,grand_place_brussels_80419518_5109586935.png,nan;nan;nan;nan;nan;nan;nan;nan;nan,nan;nan;nan
pt_piazzasanmarco_grandplace,outliers,grand_place_brussels_64133734_1372277262.png,nan;nan;nan;nan;nan;nan;nan;nan;nan,nan;nan;nan
pt_piazzasanmarco_grandplace,outliers,grand_place_brussels_29761653_183977068.png,nan;nan;nan;nan;nan;nan;nan;nan;nan,nan;nan;nan
pt_piazzasanmarco_grandplace,outliers,grand_place_brussels_45605507_6470820469.png,nan;nan;nan;nan;nan;nan;nan;nan;nan,nan;nan;nan
pt_piazzasanmarco_grandplace,outliers,grand_place_brussels_54789298_4426358141.png,nan;nan;nan;nan;nan;nan;nan;nan;nan,nan;nan;nan
pt_piazzasanmarco_grandplace,outliers,grand_place_brussels_37434597_3796271634.png,nan;nan;nan;nan;nan;nan;nan;nan;nan,nan;nan;nan
pt_piazzasanmarco_grandplace,outliers,grand_place_brussels_92332702_2575760403.png,nan;nan;nan;nan;nan;nan;nan;nan;nan,nan;nan;nan
pt_piazzasanmarco_grandplace,outliers,grand_place_brussels_10479978_4543725197.png,nan;nan;nan;nan;nan;nan;nan;nan;nan,nan;nan;nan
pt_piazzasanmarco_grandplace,outliers,grand_place_brussels_96196686_8643079931.png,nan;nan;nan;nan;nan;nan;nan;nan;nan,nan;nan;nan
pt_piazzasanmarco_grandplace,outliers,grand_place_brussels_75963148_11531980813.png,nan;nan;nan;nan;nan;nan;nan;nan;nan,nan;nan;nan
pt_piazzasanmarco_grandplace,outliers,grand_place_brussels_47313503_3591060105.png,nan;nan;nan;nan;nan;nan;nan;nan;nan,nan;nan;nan
pt_piazzasanmarco_grandplace,outliers,grand_place_brussels_10933059_2435329014.png,nan;nan;nan;nan;nan;nan;nan;nan;nan,nan;nan;nan
pt_piazzasanmarco_grandplace,outliers,grand_place_brussels_46564187_2334079229.png,nan;nan;nan;nan;nan;nan;nan;nan;nan,nan;nan;nan
pt_piazzasanmarco_grandplace,outliers,grand_place_brussels_23213882_6298454445.png,nan;nan;nan;nan;nan;nan;nan;nan;nan,nan;nan;nan
pt_piazzasanmarco_grandplace,outliers,grand_place_brussels_55042300_2998445423.png,nan;nan;nan;nan;nan;nan;nan;nan;nan,nan;nan;nan
pt_piazzasanmarco_grandplace,outliers,grand_place_brussels_02136283_5474380279.png,nan;nan;nan;nan;nan;nan;nan;nan;nan,nan;nan;nan
pt_piazzasanmarco_grandplace,outliers,grand_place_brussels_50058391_104937272.png,nan;nan;nan;nan;nan;nan;nan;nan;nan,nan;nan;nan
pt_piazzasanmarco_grandplace,outliers,grand_place_brussels_19785873_3796268760.png,nan;nan;nan;nan;nan;nan;nan;nan;nan,nan;nan;nan
pt_piazzasanmarco_grandplace,outliers,grand_place_brussels_84280780_9149810125.png,nan;nan;nan;nan;nan;nan;nan;nan;nan,nan;nan;nan
pt_piazzasanmarco_grandplace,outliers,grand_place_brussels_72646474_2231631573.png,nan;nan;nan;nan;nan;nan;nan;nan;nan,nan;nan;nan
pt_piazzasanmarco_grandplace,outliers,grand_place_brussels_89428328_415853343.png,nan;nan;nan;nan;nan;nan;nan;nan;nan,nan;nan;nan
pt_piazzasanmarco_grandplace,outliers,grand_place_brussels_94608068_9152036176.png,nan;nan;nan;nan;nan;nan;nan;nan;nan,nan;nan;nan
pt_piazzasanmarco_grandplace,outliers,grand_place_brussels_63358653_3107448586.png,nan;nan;nan;nan;nan;nan;nan;nan;nan,nan;nan;nan
pt_piazzasanmarco_grandplace,outliers,grand_place_brussels_18834309_5057033556.png,nan;nan;nan;nan;nan;nan;nan;nan;nan,nan;nan;nan
pt_piazzasanmarco_grandplace,outliers,grand_place_brussels_48329521_332727450.png,nan;nan;nan;nan;nan;nan;nan;nan;nan,nan;nan;nan
pt_piazzasanmarco_grandplace,outliers,grand_place_brussels_28465422_5284916930.png,nan;nan;nan;nan;nan;nan;nan;nan;nan,nan;nan;nan
pt_piazzasanmarco_grandplace,outliers,grand_place_brussels_31608163_6102133633.png,nan;nan;nan;nan;nan;nan;nan;nan;nan,nan;nan;nan
pt_piazzasanmarco_grandplace,outliers,grand_place_brussels_08583359_2727285776.png,nan;nan;nan;nan;nan;nan;nan;nan;nan,nan;nan;nan
pt_piazzasanmarco_grandplace,outliers,grand_place_brussels_58370062_228935435.png,nan;nan;nan;nan;nan;nan;nan;nan;nan,nan;nan;nan
pt_piazzasanmarco_grandplace,outliers,grand_place_brussels_01587288_3907486251.png,nan;nan;nan;nan;nan;nan;nan;nan;nan,nan;nan;nan
pt_piazzasanmarco_grandplace,outliers,grand_place_brussels_97679107_216044726.png,nan;nan;nan;nan;nan;nan;nan;nan;nan,nan;nan;nan
pt_piazzasanmarco_grandplace,outliers,grand_place_brussels_21473586_5735108576.png,nan;nan;nan;nan;nan;nan;nan;nan;nan,nan;nan;nan
pt_piazzasanmarco_grandplace,outliers,grand_place_brussels_37673540_9374525231.png,nan;nan;nan;nan;nan;nan;nan;nan;nan,nan;nan;nan
pt_piazzasanmarco_grandplace,outliers,grand_place_brussels_19469781_41739753.png,nan;nan;nan;nan;nan;nan;nan;nan;nan,nan;nan;nan
pt_piazzasanmarco_grandplace,outliers,grand_place_brussels_17061032_2781005813.png,nan;nan;nan;nan;nan;nan;nan;nan;nan,nan;nan;nan
pt_piazzasanmarco_grandplace,outliers,grand_place_brussels_37000623_5094537023.png,nan;nan;nan;nan;nan;nan;nan;nan;nan,nan;nan;nan
pt_piazzasanmarco_grandplace,outliers,grand_place_brussels_61353083_128372808.png,nan;nan;nan;nan;nan;nan;nan;nan;nan,nan;nan;nan
pt_piazzasanmarco_grandplace,outliers,grand_place_brussels_60409409_9335730523.png,nan;nan;nan;nan;nan;nan;nan;nan;nan,nan;nan;nan
pt_piazzasanmarco_grandplace,outliers,grand_place_brussels_64177922_6939801959.png,nan;nan;nan;nan;nan;nan;nan;nan;nan,nan;nan;nan
pt_piazzasanmarco_grandplace,outliers,grand_place_brussels_20089826_6525672545.png,nan;nan;nan;nan;nan;nan;nan;nan;nan,nan;nan;nan
pt_piazzasanmarco_grandplace,outliers,grand_place_brussels_83880039_8704930508.png,nan;nan;nan;nan;nan;nan;nan;nan;nan,nan;nan;nan
pt_piazzasanmarco_grandplace,outliers,grand_place_brussels_89912815_3055922954.png,nan;nan;nan;nan;nan;nan;nan;nan;nan,nan;nan;nan
pt_piazzasanmarco_grandplace,outliers,grand_place_brussels_27265710_2527915420.png,nan;nan;nan;nan;nan;nan;nan;nan;nan,nan;nan;nan
pt_piazzasanmarco_grandplace,outliers,grand_place_brussels_70032246_6347641014.png,nan;nan;nan;nan;nan;nan;nan;nan;nan,nan;nan;nan
pt_piazzasanmarco_grandplace,outliers,grand_place_brussels_73543943_6819377449.png,nan;nan;nan;nan;nan;nan;nan;nan;nan,nan;nan;nan
pt_piazzasanmarco_grandplace,outliers,grand_place_brussels_97408314_4660309480.png,nan;nan;nan;nan;nan;nan;nan;nan;nan,nan;nan;nan
pt_piazzasanmarco_grandplace,outliers,grand_place_brussels_76033783_4998492930.png,nan;nan;nan;nan;nan;nan;nan;nan;nan,nan;nan;nan
pt_piazzasanmarco_grandplace,outliers,grand_place_brussels_12750924_3498788909.png,nan;nan;nan;nan;nan;nan;nan;nan;nan,nan;nan;nan
pt_piazzasanmarco_grandplace,outliers,grand_place_brussels_06397880_3164163639.png,nan;nan;nan;nan;nan;nan;nan;nan;nan,nan;nan;nan
pt_piazzasanmarco_grandplace,outliers,grand_place_brussels_17665284_5616961414.png,nan;nan;nan;nan;nan;nan;nan;nan;nan,nan;nan;nan
pt_piazzasanmarco_grandplace,outliers,grand_place_brussels_61931752_11269229804.png,nan;nan;nan;nan;nan;nan;nan;nan;nan,nan;nan;nan
pt_piazzasanmarco_grandplace,outliers,grand_place_brussels_16829624_11531851815.png,nan;nan;nan;nan;nan;nan;nan;nan;nan,nan;nan;nan
pt_piazzasanmarco_grandplace,outliers,grand_place_brussels_07659394_5946559496.png,nan;nan;nan;nan;nan;nan;nan;nan;nan,nan;nan;nan
pt_piazzasanmarco_grandplace,outliers,grand_place_brussels_75670494_10532227934.png,nan;nan;nan;nan;nan;nan;nan;nan;nan,nan;nan;nan
pt_piazzasanmarco_grandplace,outliers,grand_place_brussels_98413296_389554202.png,nan;nan;nan;nan;nan;nan;nan;nan;nan,nan;nan;nan
pt_piazzasanmarco_grandplace,outliers,grand_place_brussels_80238669_11531890454.png,nan;nan;nan;nan;nan;nan;nan;nan;nan,nan;nan;nan
pt_piazzasanmarco_grandplace,outliers,grand_place_brussels_56336675_12025095504.png,nan;nan;nan;nan;nan;nan;nan;nan;nan,nan;nan;nan
pt_piazzasanmarco_grandplace,outliers,grand_place_brussels_12650889_5688674640.png,nan;nan;nan;nan;nan;nan;nan;nan;nan,nan;nan;nan
pt_piazzasanmarco_grandplace,outliers,grand_place_brussels_15550848_3634998137.png,nan;nan;nan;nan;nan;nan;nan;nan;nan,nan;nan;nan
pt_piazzasanmarco_grandplace,outliers,grand_place_brussels_00460368_4162644685.png,nan;nan;nan;nan;nan;nan;nan;nan;nan,nan;nan;nan
pt_piazzasanmarco_grandplace,outliers,grand_place_brussels_80159334_3432556478.png,nan;nan;nan;nan;nan;nan;nan;nan;nan,nan;nan;nan
pt_sacrecoeur_trevi_tajmahal,outliers,trevi_fountain_30069642_3966141600.png,nan;nan;nan;nan;nan;nan;nan;nan;nan,nan;nan;nan
pt_sacrecoeur_trevi_tajmahal,outliers,trevi_fountain_59883665_3581996971.png,nan;nan;nan;nan;nan;nan;nan;nan;nan,nan;nan;nan
pt_sacrecoeur_trevi_tajmahal,outliers,trevi_fountain_73284018_2156414038.png,nan;nan;nan;nan;nan;nan;nan;nan;nan,nan;nan;nan
pt_sacrecoeur_trevi_tajmahal,outliers,trevi_fountain_17973182_5956257468.png,nan;nan;nan;nan;nan;nan;nan;nan;nan,nan;nan;nan
pt_sacrecoeur_trevi_tajmahal,outliers,trevi_fountain_85397053_1435622623.png,nan;nan;nan;nan;nan;nan;nan;nan;nan,nan;nan;nan
pt_sacrecoeur_trevi_tajmahal,outliers,trevi_fountain_92808638_88785341.png,nan;nan;nan;nan;nan;nan;nan;nan;nan,nan;nan;nan
pt_sacrecoeur_trevi_tajmahal,outliers,trevi_fountain_01404558_5160423697.png,nan;nan;nan;nan;nan;nan;nan;nan;nan,nan;nan;nan
pt_sacrecoeur_trevi_tajmahal,outliers,trevi_fountain_91729188_430652744.png,nan;nan;nan;nan;nan;nan;nan;nan;nan,nan;nan;nan
pt_sacrecoeur_trevi_tajmahal,outliers,trevi_fountain_48230932_8038671426.png,nan;nan;nan;nan;nan;nan;nan;nan;nan,nan;nan;nan
pt_sacrecoeur_trevi_tajmahal,outliers,trevi_fountain_80167621_5886522855.png,nan;nan;nan;nan;nan;nan;nan;nan;nan,nan;nan;nan
pt_sacrecoeur_trevi_tajmahal,outliers,trevi_fountain_17750259_5579050866.png,nan;nan;nan;nan;nan;nan;nan;nan;nan,nan;nan;nan
pt_sacrecoeur_trevi_tajmahal,outliers,trevi_fountain_14195208_276265172.png,nan;nan;nan;nan;nan;nan;nan;nan;nan,nan;nan;nan
pt_sacrecoeur_trevi_tajmahal,outliers,trevi_fountain_41815199_3578791286.png,nan;nan;nan;nan;nan;nan;nan;nan;nan,nan;nan;nan
pt_sacrecoeur_trevi_tajmahal,outliers,trevi_fountain_56493755_3454995877.png,nan;nan;nan;nan;nan;nan;nan;nan;nan,nan;nan;nan
pt_sacrecoeur_trevi_tajmahal,outliers,trevi_fountain_74305025_425098856.png,nan;nan;nan;nan;nan;nan;nan;nan;nan,nan;nan;nan
pt_sacrecoeur_trevi_tajmahal,outliers,trevi_fountain_21324671_251787492.png,nan;nan;nan;nan;nan;nan;nan;nan;nan,nan;nan;nan
pt_sacrecoeur_trevi_tajmahal,outliers,trevi_fountain_15038544_3727504813.png,nan;nan;nan;nan;nan;nan;nan;nan;nan,nan;nan;nan
pt_sacrecoeur_trevi_tajmahal,outliers,trevi_fountain_16517106_11484965983.png,nan;nan;nan;nan;nan;nan;nan;nan;nan,nan;nan;nan
pt_sacrecoeur_trevi_tajmahal,outliers,trevi_fountain_98446525_8467892061.png,nan;nan;nan;nan;nan;nan;nan;nan;nan,nan;nan;nan
pt_sacrecoeur_trevi_tajmahal,outliers,trevi_fountain_71421235_8100441323.png,nan;nan;nan;nan;nan;nan;nan;nan;nan,nan;nan;nan
pt_sacrecoeur_trevi_tajmahal,outliers,trevi_fountain_55838538_4636348360.png,nan;nan;nan;nan;nan;nan;nan;nan;nan,nan;nan;nan
pt_sacrecoeur_trevi_tajmahal,outliers,trevi_fountain_33816922_8591444000.png,nan;nan;nan;nan;nan;nan;nan;nan;nan,nan;nan;nan
pt_sacrecoeur_trevi_tajmahal,outliers,trevi_fountain_01241225_4293371290.png,nan;nan;nan;nan;nan;nan;nan;nan;nan,nan;nan;nan
pt_sacrecoeur_trevi_tajmahal,outliers,trevi_fountain_42098841_2972162031.png,nan;nan;nan;nan;nan;nan;nan;nan;nan,nan;nan;nan
pt_sacrecoeur_trevi_tajmahal,outliers,trevi_fountain_94682384_4342842330.png,nan;nan;nan;nan;nan;nan;nan;nan;nan,nan;nan;nan
pt_sacrecoeur_trevi_tajmahal,outliers,trevi_fountain_58732203_2711105477.png,nan;nan;nan;nan;nan;nan;nan;nan;nan,nan;nan;nan
pt_sacrecoeur_trevi_tajmahal,outliers,trevi_fountain_56026722_4376692497.png,nan;nan;nan;nan;nan;nan;nan;nan;nan,nan;nan;nan
pt_sacrecoeur_trevi_tajmahal,outliers,trevi_fountain_27009206_5185352408.png,nan;nan;nan;nan;nan;nan;nan;nan;nan,nan;nan;nan
pt_sacrecoeur_trevi_tajmahal,outliers,trevi_fountain_00358444_4165248133.png,nan;nan;nan;nan;nan;nan;nan;nan;nan,nan;nan;nan
pt_sacrecoeur_trevi_tajmahal,outliers,trevi_fountain_40184297_2989394429.png,nan;nan;nan;nan;nan;nan;nan;nan;nan,nan;nan;nan
pt_sacrecoeur_trevi_tajmahal,outliers,trevi_fountain_18865921_5109712344.png,nan;nan;nan;nan;nan;nan;nan;nan;nan,nan;nan;nan
pt_sacrecoeur_trevi_tajmahal,outliers,trevi_fountain_90669518_8321386929.png,nan;nan;nan;nan;nan;nan;nan;nan;nan,nan;nan;nan
pt_sacrecoeur_trevi_tajmahal,outliers,trevi_fountain_75017867_5746101695.png,nan;nan;nan;nan;nan;nan;nan;nan;nan,nan;nan;nan
pt_sacrecoeur_trevi_tajmahal,outliers,trevi_fountain_78010545_349314185.png,nan;nan;nan;nan;nan;nan;nan;nan;nan,nan;nan;nan
pt_sacrecoeur_trevi_tajmahal,outliers,trevi_fountain_66677085_4725569846.png,nan;nan;nan;nan;nan;nan;nan;nan;nan,nan;nan;nan
pt_sacrecoeur_trevi_tajmahal,outliers,trevi_fountain_34630714_3685665828.png,nan;nan;nan;nan;nan;nan;nan;nan;nan,nan;nan;nan
pt_sacrecoeur_trevi_tajmahal,outliers,trevi_fountain_19939802_5963665770.png,nan;nan;nan;nan;nan;nan;nan;nan;nan,nan;nan;nan
pt_sacrecoeur_trevi_tajmahal,outliers,trevi_fountain_09071644_2938441433.png,nan;nan;nan;nan;nan;nan;nan;nan;nan,nan;nan;nan
pt_sacrecoeur_trevi_tajmahal,outliers,trevi_fountain_29511430_5519433926.png,nan;nan;nan;nan;nan;nan;nan;nan;nan,nan;nan;nan
pt_sacrecoeur_trevi_tajmahal,outliers,trevi_fountain_58525833_5956866479.png,nan;nan;nan;nan;nan;nan;nan;nan;nan,nan;nan;nan
pt_sacrecoeur_trevi_tajmahal,outliers,trevi_fountain_38993702_4733402071.png,nan;nan;nan;nan;nan;nan;nan;nan;nan,nan;nan;nan
pt_sacrecoeur_trevi_tajmahal,outliers,trevi_fountain_96647518_7739315718.png,nan;nan;nan;nan;nan;nan;nan;nan;nan,nan;nan;nan
pt_sacrecoeur_trevi_tajmahal,outliers,trevi_fountain_54470469_2296508341.png,nan;nan;nan;nan;nan;nan;nan;nan;nan,nan;nan;nan
pt_sacrecoeur_trevi_tajmahal,outliers,trevi_fountain_99804374_8024711160.png,nan;nan;nan;nan;nan;nan;nan;nan;nan,nan;nan;nan
pt_sacrecoeur_trevi_tajmahal,outliers,trevi_fountain_30910735_201249046.png,nan;nan;nan;nan;nan;nan;nan;nan;nan,nan;nan;nan
pt_sacrecoeur_trevi_tajmahal,outliers,trevi_fountain_29250228_5522743340.png,nan;nan;nan;nan;nan;nan;nan;nan;nan,nan;nan;nan
pt_sacrecoeur_trevi_tajmahal,outliers,trevi_fountain_69481877_5327669439.png,nan;nan;nan;nan;nan;nan;nan;nan;nan,nan;nan;nan
pt_sacrecoeur_trevi_tajmahal,outliers,trevi_fountain_21017479_3693575843.png,nan;nan;nan;nan;nan;nan;nan;nan;nan,nan;nan;nan
pt_sacrecoeur_trevi_tajmahal,outliers,trevi_fountain_78842056_325218062.png,nan;nan;nan;nan;nan;nan;nan;nan;nan,nan;nan;nan
pt_sacrecoeur_trevi_tajmahal,outliers,trevi_fountain_93831605_13948911711.png,nan;nan;nan;nan;nan;nan;nan;nan;nan,nan;nan;nan
pt_sacrecoeur_trevi_tajmahal,outliers,trevi_fountain_78723734_3158991011.png,nan;nan;nan;nan;nan;nan;nan;nan;nan,nan;nan;nan
pt_sacrecoeur_trevi_tajmahal,outliers,trevi_fountain_95794971_4901889397.png,nan;nan;nan;nan;nan;nan;nan;nan;nan,nan;nan;nan
pt_sacrecoeur_trevi_tajmahal,outliers,trevi_fountain_81409989_5495330211.png,nan;nan;nan;nan;nan;nan;nan;nan;nan,nan;nan;nan
pt_sacrecoeur_trevi_tajmahal,outliers,trevi_fountain_22555231_8007352373.png,nan;nan;nan;nan;nan;nan;nan;nan;nan,nan;nan;nan
pt_sacrecoeur_trevi_tajmahal,outliers,trevi_fountain_90077341_5746101059.png,nan;nan;nan;nan;nan;nan;nan;nan;nan,nan;nan;nan
pt_sacrecoeur_trevi_tajmahal,outliers,trevi_fountain_98071474_3495805188.png,nan;nan;nan;nan;nan;nan;nan;nan;nan,nan;nan;nan
pt_sacrecoeur_trevi_tajmahal,outliers,trevi_fountain_64273020_5411668132.png,nan;nan;nan;nan;nan;nan;nan;nan;nan,nan;nan;nan
pt_sacrecoeur_trevi_tajmahal,outliers,trevi_fountain_89086898_3494993799.png,nan;nan;nan;nan;nan;nan;nan;nan;nan,nan;nan;nan
pt_sacrecoeur_trevi_tajmahal,outliers,trevi_fountain_16771025_6187661240.png,nan;nan;nan;nan;nan;nan;nan;nan;nan,nan;nan;nan
pt_sacrecoeur_trevi_tajmahal,outliers,trevi_fountain_30002765_4759346847.png,nan;nan;nan;nan;nan;nan;nan;nan;nan,nan;nan;nan
pt_sacrecoeur_trevi_tajmahal,outliers,trevi_fountain_91266839_729663994.png,nan;nan;nan;nan;nan;nan;nan;nan;nan,nan;nan;nan
pt_sacrecoeur_trevi_tajmahal,outliers,trevi_fountain_72669213_5987184866.png,nan;nan;nan;nan;nan;nan;nan;nan;nan,nan;nan;nan
pt_sacrecoeur_trevi_tajmahal,outliers,trevi_fountain_79598868_8555774052.png,nan;nan;nan;nan;nan;nan;nan;nan;nan,nan;nan;nan
pt_sacrecoeur_trevi_tajmahal,outliers,trevi_fountain_43321508_5715952972.png,nan;nan;nan;nan;nan;nan;nan;nan;nan,nan;nan;nan
pt_sacrecoeur_trevi_tajmahal,outliers,trevi_fountain_75810419_3515709926.png,nan;nan;nan;nan;nan;nan;nan;nan;nan,nan;nan;nan
pt_sacrecoeur_trevi_tajmahal,outliers,trevi_fountain_50357199_8205859052.png,nan;nan;nan;nan;nan;nan;nan;nan;nan,nan;nan;nan
pt_sacrecoeur_trevi_tajmahal,outliers,trevi_fountain_22494549_5871994022.png,nan;nan;nan;nan;nan;nan;nan;nan;nan,nan;nan;nan
pt_sacrecoeur_trevi_tajmahal,outliers,trevi_fountain_26921609_5411058517.png,nan;nan;nan;nan;nan;nan;nan;nan;nan,nan;nan;nan
pt_sacrecoeur_trevi_tajmahal,outliers,trevi_fountain_66347814_2029982255.png,nan;nan;nan;nan;nan;nan;nan;nan;nan,nan;nan;nan
pt_sacrecoeur_trevi_tajmahal,outliers,trevi_fountain_86451018_5200654015.png,nan;nan;nan;nan;nan;nan;nan;nan;nan,nan;nan;nan
pt_sacrecoeur_trevi_tajmahal,outliers,trevi_fountain_17378230_8657377873.png,nan;nan;nan;nan;nan;nan;nan;nan;nan,nan;nan;nan
pt_sacrecoeur_trevi_tajmahal,outliers,trevi_fountain_84357746_4061156508.png,nan;nan;nan;nan;nan;nan;nan;nan;nan,nan;nan;nan
pt_sacrecoeur_trevi_tajmahal,outliers,trevi_fountain_17804574_3525103748.png,nan;nan;nan;nan;nan;nan;nan;nan;nan,nan;nan;nan
pt_sacrecoeur_trevi_tajmahal,outliers,trevi_fountain_70315674_7178465185.png,nan;nan;nan;nan;nan;nan;nan;nan;nan,nan;nan;nan
pt_sacrecoeur_trevi_tajmahal,outliers,trevi_fountain_52144216_2711106071.png,nan;nan;nan;nan;nan;nan;nan;nan;nan,nan;nan;nan
pt_sacrecoeur_trevi_tajmahal,outliers,sacre_coeur_93423882_13476569344.png,nan;nan;nan;nan;nan;nan;nan;nan;nan,nan;nan;nan
pt_sacrecoeur_trevi_tajmahal,outliers,sacre_coeur_45927449_5904684394.png,nan;nan;nan;nan;nan;nan;nan;nan;nan,nan;nan;nan
pt_sacrecoeur_trevi_tajmahal,outliers,sacre_coeur_90467261_5816977333.png,nan;nan;nan;nan;nan;nan;nan;nan;nan,nan;nan;nan
pt_sacrecoeur_trevi_tajmahal,outliers,sacre_coeur_47029087_8959697396.png,nan;nan;nan;nan;nan;nan;nan;nan;nan,nan;nan;nan
pt_sacrecoeur_trevi_tajmahal,outliers,sacre_coeur_33340964_112626481.png,nan;nan;nan;nan;nan;nan;nan;nan;nan,nan;nan;nan
pt_sacrecoeur_trevi_tajmahal,outliers,sacre_coeur_55695069_9640098822.png,nan;nan;nan;nan;nan;nan;nan;nan;nan,nan;nan;nan
pt_sacrecoeur_trevi_tajmahal,outliers,sacre_coeur_86731151_442052253.png,nan;nan;nan;nan;nan;nan;nan;nan;nan,nan;nan;nan
pt_sacrecoeur_trevi_tajmahal,outliers,sacre_coeur_90517919_4394638107.png,nan;nan;nan;nan;nan;nan;nan;nan;nan,nan;nan;nan
pt_sacrecoeur_trevi_tajmahal,outliers,sacre_coeur_55297752_267282770.png,nan;nan;nan;nan;nan;nan;nan;nan;nan,nan;nan;nan
pt_sacrecoeur_trevi_tajmahal,outliers,sacre_coeur_98546957_2200688611.png,nan;nan;nan;nan;nan;nan;nan;nan;nan,nan;nan;nan
pt_sacrecoeur_trevi_tajmahal,outliers,sacre_coeur_68663909_1356782012.png,nan;nan;nan;nan;nan;nan;nan;nan;nan,nan;nan;nan
pt_sacrecoeur_trevi_tajmahal,outliers,sacre_coeur_80691366_2623658065.png,nan;nan;nan;nan;nan;nan;nan;nan;nan,nan;nan;nan
pt_sacrecoeur_trevi_tajmahal,outliers,sacre_coeur_16537684_4545274148.png,nan;nan;nan;nan;nan;nan;nan;nan;nan,nan;nan;nan
pt_sacrecoeur_trevi_tajmahal,outliers,sacre_coeur_04739785_8198592553.png,nan;nan;nan;nan;nan;nan;nan;nan;nan,nan;nan;nan
pt_sacrecoeur_trevi_tajmahal,outliers,sacre_coeur_55167859_91653543.png,nan;nan;nan;nan;nan;nan;nan;nan;nan,nan;nan;nan
pt_sacrecoeur_trevi_tajmahal,outliers,sacre_coeur_70116109_2697195876.png,nan;nan;nan;nan;nan;nan;nan;nan;nan,nan;nan;nan
pt_sacrecoeur_trevi_tajmahal,outliers,sacre_coeur_39702035_1808089104.png,nan;nan;nan;nan;nan;nan;nan;nan;nan,nan;nan;nan
pt_sacrecoeur_trevi_tajmahal,outliers,sacre_coeur_46031506_3822251715.png,nan;nan;nan;nan;nan;nan;nan;nan;nan,nan;nan;nan
pt_sacrecoeur_trevi_tajmahal,outliers,sacre_coeur_68688218_4738908453.png,nan;nan;nan;nan;nan;nan;nan;nan;nan,nan;nan;nan
pt_sacrecoeur_trevi_tajmahal,outliers,sacre_coeur_82410562_10997050704.png,nan;nan;nan;nan;nan;nan;nan;nan;nan,nan;nan;nan
pt_sacrecoeur_trevi_tajmahal,outliers,sacre_coeur_41224690_4580747259.png,nan;nan;nan;nan;nan;nan;nan;nan;nan,nan;nan;nan
pt_sacrecoeur_trevi_tajmahal,outliers,sacre_coeur_34264811_99184810.png,nan;nan;nan;nan;nan;nan;nan;nan;nan,nan;nan;nan
pt_sacrecoeur_trevi_tajmahal,outliers,sacre_coeur_47042061_9637017399.png,nan;nan;nan;nan;nan;nan;nan;nan;nan,nan;nan;nan
pt_sacrecoeur_trevi_tajmahal,outliers,sacre_coeur_73084286_312927075.png,nan;nan;nan;nan;nan;nan;nan;nan;nan,nan;nan;nan
pt_sacrecoeur_trevi_tajmahal,outliers,sacre_coeur_10474405_6093717701.png,nan;nan;nan;nan;nan;nan;nan;nan;nan,nan;nan;nan
pt_sacrecoeur_trevi_tajmahal,outliers,sacre_coeur_11626754_2718827730.png,nan;nan;nan;nan;nan;nan;nan;nan;nan,nan;nan;nan
pt_sacrecoeur_trevi_tajmahal,outliers,sacre_coeur_42287322_536307676.png,nan;nan;nan;nan;nan;nan;nan;nan;nan,nan;nan;nan
pt_sacrecoeur_trevi_tajmahal,outliers,sacre_coeur_70118605_5991576631.png,nan;nan;nan;nan;nan;nan;nan;nan;nan,nan;nan;nan
pt_sacrecoeur_trevi_tajmahal,outliers,sacre_coeur_35905283_32603557.png,nan;nan;nan;nan;nan;nan;nan;nan;nan,nan;nan;nan
pt_sacrecoeur_trevi_tajmahal,outliers,sacre_coeur_70724808_2779990339.png,nan;nan;nan;nan;nan;nan;nan;nan;nan,nan;nan;nan
pt_sacrecoeur_trevi_tajmahal,outliers,sacre_coeur_02928139_3448003521.png,nan;nan;nan;nan;nan;nan;nan;nan;nan,nan;nan;nan
pt_sacrecoeur_trevi_tajmahal,outliers,sacre_coeur_28088482_1061487806.png,nan;nan;nan;nan;nan;nan;nan;nan;nan,nan;nan;nan
pt_sacrecoeur_trevi_tajmahal,outliers,sacre_coeur_70970334_5790897082.png,nan;nan;nan;nan;nan;nan;nan;nan;nan,nan;nan;nan
pt_sacrecoeur_trevi_tajmahal,outliers,sacre_coeur_91671915_1791174514.png,nan;nan;nan;nan;nan;nan;nan;nan;nan,nan;nan;nan
pt_sacrecoeur_trevi_tajmahal,outliers,sacre_coeur_75030977_10341125684.png,nan;nan;nan;nan;nan;nan;nan;nan;nan,nan;nan;nan
pt_sacrecoeur_trevi_tajmahal,outliers,sacre_coeur_39852107_3868092306.png,nan;nan;nan;nan;nan;nan;nan;nan;nan,nan;nan;nan
pt_sacrecoeur_trevi_tajmahal,outliers,sacre_coeur_32069695_13023252634.png,nan;nan;nan;nan;nan;nan;nan;nan;nan,nan;nan;nan
pt_sacrecoeur_trevi_tajmahal,outliers,sacre_coeur_30642459_5864476232.png,nan;nan;nan;nan;nan;nan;nan;nan;nan,nan;nan;nan
pt_sacrecoeur_trevi_tajmahal,outliers,sacre_coeur_69399539_4178098151.png,nan;nan;nan;nan;nan;nan;nan;nan;nan,nan;nan;nan
pt_sacrecoeur_trevi_tajmahal,outliers,sacre_coeur_91139284_7856526282.png,nan;nan;nan;nan;nan;nan;nan;nan;nan,nan;nan;nan
pt_sacrecoeur_trevi_tajmahal,outliers,sacre_coeur_55640818_3363877988.png,nan;nan;nan;nan;nan;nan;nan;nan;nan,nan;nan;nan
pt_sacrecoeur_trevi_tajmahal,outliers,sacre_coeur_95021816_8071366303.png,nan;nan;nan;nan;nan;nan;nan;nan;nan,nan;nan;nan
pt_sacrecoeur_trevi_tajmahal,outliers,sacre_coeur_23327088_8208333914.png,nan;nan;nan;nan;nan;nan;nan;nan;nan,nan;nan;nan
pt_sacrecoeur_trevi_tajmahal,outliers,sacre_coeur_16971221_7856309770.png,nan;nan;nan;nan;nan;nan;nan;nan;nan,nan;nan;nan
pt_sacrecoeur_trevi_tajmahal,outliers,sacre_coeur_04822190_12621366523.png,nan;nan;nan;nan;nan;nan;nan;nan;nan,nan;nan;nan
pt_sacrecoeur_trevi_tajmahal,outliers,sacre_coeur_38755762_4239668423.png,nan;nan;nan;nan;nan;nan;nan;nan;nan,nan;nan;nan
pt_sacrecoeur_trevi_tajmahal,outliers,sacre_coeur_79500596_4830716729.png,nan;nan;nan;nan;nan;nan;nan;nan;nan,nan;nan;nan
pt_sacrecoeur_trevi_tajmahal,outliers,sacre_coeur_16776129_4239663609.png,nan;nan;nan;nan;nan;nan;nan;nan;nan,nan;nan;nan
pt_sacrecoeur_trevi_tajmahal,outliers,sacre_coeur_77299481_4479618965.png,nan;nan;nan;nan;nan;nan;nan;nan;nan,nan;nan;nan
pt_sacrecoeur_trevi_tajmahal,outliers,sacre_coeur_61531052_7402696624.png,nan;nan;nan;nan;nan;nan;nan;nan;nan,nan;nan;nan
pt_sacrecoeur_trevi_tajmahal,outliers,sacre_coeur_81935357_9658163122.png,nan;nan;nan;nan;nan;nan;nan;nan;nan,nan;nan;nan
pt_sacrecoeur_trevi_tajmahal,outliers,sacre_coeur_39172134_3155998144.png,nan;nan;nan;nan;nan;nan;nan;nan;nan,nan;nan;nan
pt_sacrecoeur_trevi_tajmahal,outliers,sacre_coeur_32086795_402359870.png,nan;nan;nan;nan;nan;nan;nan;nan;nan,nan;nan;nan
pt_sacrecoeur_trevi_tajmahal,outliers,sacre_coeur_76611857_9600863579.png,nan;nan;nan;nan;nan;nan;nan;nan;nan,nan;nan;nan
pt_sacrecoeur_trevi_tajmahal,outliers,sacre_coeur_48325951_2932818065.png,nan;nan;nan;nan;nan;nan;nan;nan;nan,nan;nan;nan
pt_sacrecoeur_trevi_tajmahal,outliers,sacre_coeur_75716321_3698743515.png,nan;nan;nan;nan;nan;nan;nan;nan;nan,nan;nan;nan
pt_sacrecoeur_trevi_tajmahal,outliers,sacre_coeur_93638576_44195081.png,nan;nan;nan;nan;nan;nan;nan;nan;nan,nan;nan;nan
pt_sacrecoeur_trevi_tajmahal,outliers,sacre_coeur_52914810_3288295639.png,nan;nan;nan;nan;nan;nan;nan;nan;nan,nan;nan;nan
pt_sacrecoeur_trevi_tajmahal,outliers,sacre_coeur_24292909_11972893303.png,nan;nan;nan;nan;nan;nan;nan;nan;nan,nan;nan;nan
pt_sacrecoeur_trevi_tajmahal,outliers,sacre_coeur_71955478_140210696.png,nan;nan;nan;nan;nan;nan;nan;nan;nan,nan;nan;nan
pt_sacrecoeur_trevi_tajmahal,outliers,sacre_coeur_18725380_2402129328.png,nan;nan;nan;nan;nan;nan;nan;nan;nan,nan;nan;nan
pt_sacrecoeur_trevi_tajmahal,outliers,sacre_coeur_66573940_9624143830.png,nan;nan;nan;nan;nan;nan;nan;nan;nan,nan;nan;nan
pt_sacrecoeur_trevi_tajmahal,outliers,sacre_coeur_32188921_4453876221.png,nan;nan;nan;nan;nan;nan;nan;nan;nan,nan;nan;nan
pt_sacrecoeur_trevi_tajmahal,outliers,sacre_coeur_85164542_170630708.png,nan;nan;nan;nan;nan;nan;nan;nan;nan,nan;nan;nan
pt_sacrecoeur_trevi_tajmahal,outliers,sacre_coeur_67466492_5056065534.png,nan;nan;nan;nan;nan;nan;nan;nan;nan,nan;nan;nan
pt_sacrecoeur_trevi_tajmahal,outliers,sacre_coeur_37175111_6635304477.png,nan;nan;nan;nan;nan;nan;nan;nan;nan,nan;nan;nan
pt_sacrecoeur_trevi_tajmahal,outliers,sacre_coeur_16385535_4660789205.png,nan;nan;nan;nan;nan;nan;nan;nan;nan,nan;nan;nan
pt_sacrecoeur_trevi_tajmahal,outliers,sacre_coeur_47788810_3531619701.png,nan;nan;nan;nan;nan;nan;nan;nan;nan,nan;nan;nan
pt_sacrecoeur_trevi_tajmahal,outliers,sacre_coeur_49896012_2400282601.png,nan;nan;nan;nan;nan;nan;nan;nan;nan,nan;nan;nan
pt_sacrecoeur_trevi_tajmahal,outliers,sacre_coeur_34904068_5083153.png,nan;nan;nan;nan;nan;nan;nan;nan;nan,nan;nan;nan
pt_sacrecoeur_trevi_tajmahal,outliers,sacre_coeur_95734826_713795234.png,nan;nan;nan;nan;nan;nan;nan;nan;nan,nan;nan;nan
pt_sacrecoeur_trevi_tajmahal,outliers,sacre_coeur_88008039_6208734830.png,nan;nan;nan;nan;nan;nan;nan;nan;nan,nan;nan;nan
pt_sacrecoeur_trevi_tajmahal,outliers,sacre_coeur_87446292_3971192822.png,nan;nan;nan;nan;nan;nan;nan;nan;nan,nan;nan;nan
pt_sacrecoeur_trevi_tajmahal,outliers,sacre_coeur_81282261_3885204620.png,nan;nan;nan;nan;nan;nan;nan;nan;nan,nan;nan;nan
pt_sacrecoeur_trevi_tajmahal,outliers,sacre_coeur_46459330_5716002401.png,nan;nan;nan;nan;nan;nan;nan;nan;nan,nan;nan;nan
pt_sacrecoeur_trevi_tajmahal,outliers,taj_mahal_68263048_3884219324.png,nan;nan;nan;nan;nan;nan;nan;nan;nan,nan;nan;nan
pt_sacrecoeur_trevi_tajmahal,outliers,taj_mahal_21749909_452666809.png,nan;nan;nan;nan;nan;nan;nan;nan;nan,nan;nan;nan
pt_sacrecoeur_trevi_tajmahal,outliers,taj_mahal_16773607_5525472114.png,nan;nan;nan;nan;nan;nan;nan;nan;nan,nan;nan;nan
pt_sacrecoeur_trevi_tajmahal,outliers,taj_mahal_73346411_11842150495.png,nan;nan;nan;nan;nan;nan;nan;nan;nan,nan;nan;nan
pt_sacrecoeur_trevi_tajmahal,outliers,taj_mahal_07295255_5949580464.png,nan;nan;nan;nan;nan;nan;nan;nan;nan,nan;nan;nan
pt_sacrecoeur_trevi_tajmahal,outliers,taj_mahal_33243562_4772593759.png,nan;nan;nan;nan;nan;nan;nan;nan;nan,nan;nan;nan
pt_sacrecoeur_trevi_tajmahal,outliers,taj_mahal_35310867_4710497352.png,nan;nan;nan;nan;nan;nan;nan;nan;nan,nan;nan;nan
pt_sacrecoeur_trevi_tajmahal,outliers,taj_mahal_88681740_6486186923.png,nan;nan;nan;nan;nan;nan;nan;nan;nan,nan;nan;nan
pt_sacrecoeur_trevi_tajmahal,outliers,taj_mahal_75694348_4552162843.png,nan;nan;nan;nan;nan;nan;nan;nan;nan,nan;nan;nan
pt_sacrecoeur_trevi_tajmahal,outliers,taj_mahal_87027560_6486839789.png,nan;nan;nan;nan;nan;nan;nan;nan;nan,nan;nan;nan
pt_sacrecoeur_trevi_tajmahal,outliers,taj_mahal_84623051_5972175223.png,nan;nan;nan;nan;nan;nan;nan;nan;nan,nan;nan;nan
pt_sacrecoeur_trevi_tajmahal,outliers,taj_mahal_82182023_330370375.png,nan;nan;nan;nan;nan;nan;nan;nan;nan,nan;nan;nan
pt_sacrecoeur_trevi_tajmahal,outliers,taj_mahal_23360557_2453971988.png,nan;nan;nan;nan;nan;nan;nan;nan;nan,nan;nan;nan
pt_sacrecoeur_trevi_tajmahal,outliers,taj_mahal_52650931_8268706459.png,nan;nan;nan;nan;nan;nan;nan;nan;nan,nan;nan;nan
pt_sacrecoeur_trevi_tajmahal,outliers,taj_mahal_97524709_11495119913.png,nan;nan;nan;nan;nan;nan;nan;nan;nan,nan;nan;nan
pt_sacrecoeur_trevi_tajmahal,outliers,taj_mahal_99106990_5972735988.png,nan;nan;nan;nan;nan;nan;nan;nan;nan,nan;nan;nan
pt_sacrecoeur_trevi_tajmahal,outliers,taj_mahal_82967489_11494979004.png,nan;nan;nan;nan;nan;nan;nan;nan;nan,nan;nan;nan
pt_sacrecoeur_trevi_tajmahal,outliers,taj_mahal_40301482_6349100470.png,nan;nan;nan;nan;nan;nan;nan;nan;nan,nan;nan;nan
pt_sacrecoeur_trevi_tajmahal,outliers,taj_mahal_09748237_4479958542.png,nan;nan;nan;nan;nan;nan;nan;nan;nan,nan;nan;nan
pt_sacrecoeur_trevi_tajmahal,outliers,taj_mahal_05099279_2123782505.png,nan;nan;nan;nan;nan;nan;nan;nan;nan,nan;nan;nan
pt_sacrecoeur_trevi_tajmahal,outliers,taj_mahal_40047213_6060347747.png,nan;nan;nan;nan;nan;nan;nan;nan;nan,nan;nan;nan
pt_sacrecoeur_trevi_tajmahal,outliers,taj_mahal_35012799_233724898.png,nan;nan;nan;nan;nan;nan;nan;nan;nan,nan;nan;nan
pt_sacrecoeur_trevi_tajmahal,outliers,taj_mahal_15626988_320395276.png,nan;nan;nan;nan;nan;nan;nan;nan;nan,nan;nan;nan
pt_sacrecoeur_trevi_tajmahal,outliers,taj_mahal_47981545_2123782613.png,nan;nan;nan;nan;nan;nan;nan;nan;nan,nan;nan;nan
pt_sacrecoeur_trevi_tajmahal,outliers,taj_mahal_40357326_9141483717.png,nan;nan;nan;nan;nan;nan;nan;nan;nan,nan;nan;nan
pt_sacrecoeur_trevi_tajmahal,outliers,taj_mahal_33878661_5337234382.png,nan;nan;nan;nan;nan;nan;nan;nan;nan,nan;nan;nan
pt_sacrecoeur_trevi_tajmahal,outliers,taj_mahal_96431892_320398075.png,nan;nan;nan;nan;nan;nan;nan;nan;nan,nan;nan;nan
pt_sacrecoeur_trevi_tajmahal,outliers,taj_mahal_66281696_4846036976.png,nan;nan;nan;nan;nan;nan;nan;nan;nan,nan;nan;nan
pt_sacrecoeur_trevi_tajmahal,outliers,taj_mahal_97855310_320398500.png,nan;nan;nan;nan;nan;nan;nan;nan;nan,nan;nan;nan
pt_sacrecoeur_trevi_tajmahal,outliers,taj_mahal_84741117_2234024581.png,nan;nan;nan;nan;nan;nan;nan;nan;nan,nan;nan;nan
pt_sacrecoeur_trevi_tajmahal,outliers,taj_mahal_86821641_6619697153.png,nan;nan;nan;nan;nan;nan;nan;nan;nan,nan;nan;nan
pt_sacrecoeur_trevi_tajmahal,outliers,taj_mahal_46483850_3092227510.png,nan;nan;nan;nan;nan;nan;nan;nan;nan,nan;nan;nan
pt_sacrecoeur_trevi_tajmahal,outliers,taj_mahal_34892661_4479236831.png,nan;nan;nan;nan;nan;nan;nan;nan;nan,nan;nan;nan
pt_sacrecoeur_trevi_tajmahal,outliers,taj_mahal_33561486_8345882977.png,nan;nan;nan;nan;nan;nan;nan;nan;nan,nan;nan;nan
pt_sacrecoeur_trevi_tajmahal,outliers,taj_mahal_72418664_4552163871.png,nan;nan;nan;nan;nan;nan;nan;nan;nan,nan;nan;nan
pt_sacrecoeur_trevi_tajmahal,outliers,taj_mahal_35871047_6486466789.png,nan;nan;nan;nan;nan;nan;nan;nan;nan,nan;nan;nan
pt_sacrecoeur_trevi_tajmahal,outliers,taj_mahal_05644193_4809375226.png,nan;nan;nan;nan;nan;nan;nan;nan;nan,nan;nan;nan
pt_sacrecoeur_trevi_tajmahal,outliers,taj_mahal_80209116_3299258442.png,nan;nan;nan;nan;nan;nan;nan;nan;nan,nan;nan;nan
pt_sacrecoeur_trevi_tajmahal,outliers,taj_mahal_48590156_9372591744.png,nan;nan;nan;nan;nan;nan;nan;nan;nan,nan;nan;nan
pt_sacrecoeur_trevi_tajmahal,outliers,taj_mahal_41314954_4418442825.png,nan;nan;nan;nan;nan;nan;nan;nan;nan,nan;nan;nan
pt_sacrecoeur_trevi_tajmahal,outliers,taj_mahal_53757432_11494604856.png,nan;nan;nan;nan;nan;nan;nan;nan;nan,nan;nan;nan
pt_sacrecoeur_trevi_tajmahal,outliers,taj_mahal_86871041_2123874981.png,nan;nan;nan;nan;nan;nan;nan;nan;nan,nan;nan;nan
pt_sacrecoeur_trevi_tajmahal,outliers,taj_mahal_80696644_2234023339.png,nan;nan;nan;nan;nan;nan;nan;nan;nan,nan;nan;nan
pt_sacrecoeur_trevi_tajmahal,outliers,taj_mahal_79695821_354966524.png,nan;nan;nan;nan;nan;nan;nan;nan;nan,nan;nan;nan
pt_sacrecoeur_trevi_tajmahal,outliers,taj_mahal_70456501_320396748.png,nan;nan;nan;nan;nan;nan;nan;nan;nan,nan;nan;nan
pt_sacrecoeur_trevi_tajmahal,outliers,taj_mahal_28658320_3250275528.png,nan;nan;nan;nan;nan;nan;nan;nan;nan,nan;nan;nan
pt_sacrecoeur_trevi_tajmahal,outliers,taj_mahal_67319805_2215339300.png,nan;nan;nan;nan;nan;nan;nan;nan;nan,nan;nan;nan
pt_sacrecoeur_trevi_tajmahal,outliers,taj_mahal_68284397_7307804012.png,nan;nan;nan;nan;nan;nan;nan;nan;nan,nan;nan;nan
pt_sacrecoeur_trevi_tajmahal,outliers,taj_mahal_72721370_6780643247.png,nan;nan;nan;nan;nan;nan;nan;nan;nan,nan;nan;nan
pt_sacrecoeur_trevi_tajmahal,outliers,taj_mahal_89175833_3348677963.png,nan;nan;nan;nan;nan;nan;nan;nan;nan,nan;nan;nan
pt_sacrecoeur_trevi_tajmahal,outliers,taj_mahal_17911381_11822031993.png,nan;nan;nan;nan;nan;nan;nan;nan;nan,nan;nan;nan
pt_sacrecoeur_trevi_tajmahal,outliers,taj_mahal_99395911_415466662.png,nan;nan;nan;nan;nan;nan;nan;nan;nan,nan;nan;nan
pt_sacrecoeur_trevi_tajmahal,outliers,taj_mahal_70518655_6429111743.png,nan;nan;nan;nan;nan;nan;nan;nan;nan,nan;nan;nan
pt_sacrecoeur_trevi_tajmahal,outliers,taj_mahal_99238567_2155545598.png,nan;nan;nan;nan;nan;nan;nan;nan;nan,nan;nan;nan
pt_sacrecoeur_trevi_tajmahal,outliers,taj_mahal_40461214_8192836476.png,nan;nan;nan;nan;nan;nan;nan;nan;nan,nan;nan;nan
pt_sacrecoeur_trevi_tajmahal,outliers,taj_mahal_78595827_6619694947.png,nan;nan;nan;nan;nan;nan;nan;nan;nan,nan;nan;nan
pt_sacrecoeur_trevi_tajmahal,outliers,taj_mahal_02760416_4808737899.png,nan;nan;nan;nan;nan;nan;nan;nan;nan,nan;nan;nan
pt_sacrecoeur_trevi_tajmahal,outliers,taj_mahal_36670333_3773568633.png,nan;nan;nan;nan;nan;nan;nan;nan;nan,nan;nan;nan
pt_sacrecoeur_trevi_tajmahal,outliers,taj_mahal_87115605_383650319.png,nan;nan;nan;nan;nan;nan;nan;nan;nan,nan;nan;nan
pt_sacrecoeur_trevi_tajmahal,outliers,taj_mahal_57532696_297637106.png,nan;nan;nan;nan;nan;nan;nan;nan;nan,nan;nan;nan
pt_sacrecoeur_trevi_tajmahal,outliers,taj_mahal_46195638_3569985892.png,nan;nan;nan;nan;nan;nan;nan;nan;nan,nan;nan;nan
pt_sacrecoeur_trevi_tajmahal,outliers,taj_mahal_03779515_11822031593.png,nan;nan;nan;nan;nan;nan;nan;nan;nan,nan;nan;nan
pt_sacrecoeur_trevi_tajmahal,outliers,taj_mahal_95761991_3716491774.png,nan;nan;nan;nan;nan;nan;nan;nan;nan,nan;nan;nan
pt_sacrecoeur_trevi_tajmahal,outliers,taj_mahal_81509461_2124556500.png,nan;nan;nan;nan;nan;nan;nan;nan;nan,nan;nan;nan
pt_sacrecoeur_trevi_tajmahal,outliers,taj_mahal_07292828_6865863886.png,nan;nan;nan;nan;nan;nan;nan;nan;nan,nan;nan;nan
pt_sacrecoeur_trevi_tajmahal,outliers,taj_mahal_25038173_427948647.png,nan;nan;nan;nan;nan;nan;nan;nan;nan,nan;nan;nan
pt_sacrecoeur_trevi_tajmahal,outliers,taj_mahal_75960124_233048597.png,nan;nan;nan;nan;nan;nan;nan;nan;nan,nan;nan;nan
pt_sacrecoeur_trevi_tajmahal,outliers,taj_mahal_45203396_7995388605.png,nan;nan;nan;nan;nan;nan;nan;nan;nan,nan;nan;nan
pt_sacrecoeur_trevi_tajmahal,outliers,taj_mahal_96947007_371077369.png,nan;nan;nan;nan;nan;nan;nan;nan;nan,nan;nan;nan
pt_sacrecoeur_trevi_tajmahal,outliers,taj_mahal_51297211_3293524007.png,nan;nan;nan;nan;nan;nan;nan;nan;nan,nan;nan;nan
pt_sacrecoeur_trevi_tajmahal,outliers,taj_mahal_88652653_6486332399.png,nan;nan;nan;nan;nan;nan;nan;nan;nan,nan;nan;nan
pt_sacrecoeur_trevi_tajmahal,outliers,taj_mahal_92344991_5630498660.png,nan;nan;nan;nan;nan;nan;nan;nan;nan,nan;nan;nan
pt_sacrecoeur_trevi_tajmahal,outliers,taj_mahal_85291466_3299259390.png,nan;nan;nan;nan;nan;nan;nan;nan;nan,nan;nan;nan
pt_sacrecoeur_trevi_tajmahal,outliers,taj_mahal_73045053_2123874963.png,nan;nan;nan;nan;nan;nan;nan;nan;nan,nan;nan;nan
pt_sacrecoeur_trevi_tajmahal,outliers,taj_mahal_54900410_4709458745.png,nan;nan;nan;nan;nan;nan;nan;nan;nan,nan;nan;nan
pt_stpeters_stpauls,outliers,st_pauls_cathedral_61499819_8185541808.png,nan;nan;nan;nan;nan;nan;nan;nan;nan,nan;nan;nan
pt_stpeters_stpauls,outliers,st_pauls_cathedral_08811062_7652433566.png,nan;nan;nan;nan;nan;nan;nan;nan;nan,nan;nan;nan
pt_stpeters_stpauls,outliers,st_pauls_cathedral_29137875_1898785145.png,nan;nan;nan;nan;nan;nan;nan;nan;nan,nan;nan;nan
pt_stpeters_stpauls,outliers,st_pauls_cathedral_80420443_8644508595.png,nan;nan;nan;nan;nan;nan;nan;nan;nan,nan;nan;nan
pt_stpeters_stpauls,outliers,st_pauls_cathedral_28850329_4038914991.png,nan;nan;nan;nan;nan;nan;nan;nan;nan,nan;nan;nan
pt_stpeters_stpauls,outliers,st_pauls_cathedral_77160340_9329931708.png,nan;nan;nan;nan;nan;nan;nan;nan;nan,nan;nan;nan
pt_stpeters_stpauls,outliers,st_pauls_cathedral_34381859_7319928252.png,nan;nan;nan;nan;nan;nan;nan;nan;nan,nan;nan;nan
pt_stpeters_stpauls,outliers,st_pauls_cathedral_23624636_5162872877.png,nan;nan;nan;nan;nan;nan;nan;nan;nan,nan;nan;nan
pt_stpeters_stpauls,outliers,st_pauls_cathedral_16894231_3531570752.png,nan;nan;nan;nan;nan;nan;nan;nan;nan,nan;nan;nan
pt_stpeters_stpauls,outliers,st_pauls_cathedral_59351891_5209994388.png,nan;nan;nan;nan;nan;nan;nan;nan;nan,nan;nan;nan
pt_stpeters_stpauls,outliers,st_pauls_cathedral_74628702_527678504.png,nan;nan;nan;nan;nan;nan;nan;nan;nan,nan;nan;nan
pt_stpeters_stpauls,outliers,st_pauls_cathedral_05641764_12250203953.png,nan;nan;nan;nan;nan;nan;nan;nan;nan,nan;nan;nan
pt_stpeters_stpauls,outliers,st_pauls_cathedral_02796054_3846089993.png,nan;nan;nan;nan;nan;nan;nan;nan;nan,nan;nan;nan
pt_stpeters_stpauls,outliers,st_pauls_cathedral_61565132_8158727335.png,nan;nan;nan;nan;nan;nan;nan;nan;nan,nan;nan;nan
pt_stpeters_stpauls,outliers,st_pauls_cathedral_62295984_6069707235.png,nan;nan;nan;nan;nan;nan;nan;nan;nan,nan;nan;nan
pt_stpeters_stpauls,outliers,st_pauls_cathedral_16273036_6590036823.png,nan;nan;nan;nan;nan;nan;nan;nan;nan,nan;nan;nan
pt_stpeters_stpauls,outliers,st_pauls_cathedral_18206585_1326228024.png,nan;nan;nan;nan;nan;nan;nan;nan;nan,nan;nan;nan
pt_stpeters_stpauls,outliers,st_pauls_cathedral_04223687_109190093.png,nan;nan;nan;nan;nan;nan;nan;nan;nan,nan;nan;nan
pt_stpeters_stpauls,outliers,st_pauls_cathedral_87389732_138449670.png,nan;nan;nan;nan;nan;nan;nan;nan;nan,nan;nan;nan
pt_stpeters_stpauls,outliers,st_pauls_cathedral_75319895_8696585631.png,nan;nan;nan;nan;nan;nan;nan;nan;nan,nan;nan;nan
pt_stpeters_stpauls,outliers,st_pauls_cathedral_22051479_11389229645.png,nan;nan;nan;nan;nan;nan;nan;nan;nan,nan;nan;nan
pt_stpeters_stpauls,outliers,st_pauls_cathedral_37031536_5918950469.png,nan;nan;nan;nan;nan;nan;nan;nan;nan,nan;nan;nan
pt_stpeters_stpauls,outliers,st_pauls_cathedral_61928556_183808445.png,nan;nan;nan;nan;nan;nan;nan;nan;nan,nan;nan;nan
pt_stpeters_stpauls,outliers,st_pauls_cathedral_72125766_3947493463.png,nan;nan;nan;nan;nan;nan;nan;nan;nan,nan;nan;nan
pt_stpeters_stpauls,outliers,st_pauls_cathedral_79100344_12250598976.png,nan;nan;nan;nan;nan;nan;nan;nan;nan,nan;nan;nan
pt_stpeters_stpauls,outliers,st_pauls_cathedral_88075832_10885187075.png,nan;nan;nan;nan;nan;nan;nan;nan;nan,nan;nan;nan
pt_stpeters_stpauls,outliers,st_pauls_cathedral_47854767_3623008711.png,nan;nan;nan;nan;nan;nan;nan;nan;nan,nan;nan;nan
pt_stpeters_stpauls,outliers,st_pauls_cathedral_07127770_6944612870.png,nan;nan;nan;nan;nan;nan;nan;nan;nan,nan;nan;nan
pt_stpeters_stpauls,outliers,st_pauls_cathedral_60046937_167213677.png,nan;nan;nan;nan;nan;nan;nan;nan;nan,nan;nan;nan
pt_stpeters_stpauls,outliers,st_pauls_cathedral_66235659_2635311972.png,nan;nan;nan;nan;nan;nan;nan;nan;nan,nan;nan;nan
pt_stpeters_stpauls,outliers,st_pauls_cathedral_63162714_8395296503.png,nan;nan;nan;nan;nan;nan;nan;nan;nan,nan;nan;nan
pt_stpeters_stpauls,outliers,st_pauls_cathedral_60576713_6612091735.png,nan;nan;nan;nan;nan;nan;nan;nan;nan,nan;nan;nan
pt_stpeters_stpauls,outliers,st_pauls_cathedral_77730672_2187628006.png,nan;nan;nan;nan;nan;nan;nan;nan;nan,nan;nan;nan
pt_stpeters_stpauls,outliers,st_pauls_cathedral_16950686_8459946808.png,nan;nan;nan;nan;nan;nan;nan;nan;nan,nan;nan;nan
pt_stpeters_stpauls,outliers,st_pauls_cathedral_02139247_2294669227.png,nan;nan;nan;nan;nan;nan;nan;nan;nan,nan;nan;nan
pt_stpeters_stpauls,outliers,st_pauls_cathedral_92567399_6203586908.png,nan;nan;nan;nan;nan;nan;nan;nan;nan,nan;nan;nan
pt_stpeters_stpauls,outliers,st_pauls_cathedral_22597499_4761259569.png,nan;nan;nan;nan;nan;nan;nan;nan;nan,nan;nan;nan
pt_stpeters_stpauls,outliers,st_pauls_cathedral_01024897_4276850874.png,nan;nan;nan;nan;nan;nan;nan;nan;nan,nan;nan;nan
pt_stpeters_stpauls,outliers,st_pauls_cathedral_92611863_4804339601.png,nan;nan;nan;nan;nan;nan;nan;nan;nan,nan;nan;nan
pt_stpeters_stpauls,outliers,st_pauls_cathedral_37863559_4180603861.png,nan;nan;nan;nan;nan;nan;nan;nan;nan,nan;nan;nan
pt_stpeters_stpauls,outliers,st_pauls_cathedral_08212369_4763831145.png,nan;nan;nan;nan;nan;nan;nan;nan;nan,nan;nan;nan
pt_stpeters_stpauls,outliers,st_pauls_cathedral_01405760_428260779.png,nan;nan;nan;nan;nan;nan;nan;nan;nan,nan;nan;nan
pt_stpeters_stpauls,outliers,st_pauls_cathedral_00593112_5162872967.png,nan;nan;nan;nan;nan;nan;nan;nan;nan,nan;nan;nan
pt_stpeters_stpauls,outliers,st_pauls_cathedral_72419011_510114579.png,nan;nan;nan;nan;nan;nan;nan;nan;nan,nan;nan;nan
pt_stpeters_stpauls,outliers,st_pauls_cathedral_95298370_81064887.png,nan;nan;nan;nan;nan;nan;nan;nan;nan,nan;nan;nan
pt_stpeters_stpauls,outliers,st_pauls_cathedral_78172907_4888149381.png,nan;nan;nan;nan;nan;nan;nan;nan;nan,nan;nan;nan
pt_stpeters_stpauls,outliers,st_pauls_cathedral_88095326_6571972013.png,nan;nan;nan;nan;nan;nan;nan;nan;nan,nan;nan;nan
pt_stpeters_stpauls,outliers,st_pauls_cathedral_36924691_6406659277.png,nan;nan;nan;nan;nan;nan;nan;nan;nan,nan;nan;nan
pt_stpeters_stpauls,outliers,st_pauls_cathedral_89944336_8704609569.png,nan;nan;nan;nan;nan;nan;nan;nan;nan,nan;nan;nan
pt_stpeters_stpauls,outliers,st_pauls_cathedral_62863183_527769429.png,nan;nan;nan;nan;nan;nan;nan;nan;nan,nan;nan;nan
pt_stpeters_stpauls,outliers,st_pauls_cathedral_07173502_9664669062.png,nan;nan;nan;nan;nan;nan;nan;nan;nan,nan;nan;nan
pt_stpeters_stpauls,outliers,st_pauls_cathedral_93701474_6332090181.png,nan;nan;nan;nan;nan;nan;nan;nan;nan,nan;nan;nan
pt_stpeters_stpauls,outliers,st_pauls_cathedral_89029188_167214313.png,nan;nan;nan;nan;nan;nan;nan;nan;nan,nan;nan;nan
pt_stpeters_stpauls,outliers,st_pauls_cathedral_76072058_330233851.png,nan;nan;nan;nan;nan;nan;nan;nan;nan,nan;nan;nan
pt_stpeters_stpauls,outliers,st_pauls_cathedral_50777283_4936535855.png,nan;nan;nan;nan;nan;nan;nan;nan;nan,nan;nan;nan
pt_stpeters_stpauls,outliers,st_pauls_cathedral_89408252_1252638430.png,nan;nan;nan;nan;nan;nan;nan;nan;nan,nan;nan;nan
pt_stpeters_stpauls,outliers,st_pauls_cathedral_01207461_5308976270.png,nan;nan;nan;nan;nan;nan;nan;nan;nan,nan;nan;nan
pt_stpeters_stpauls,outliers,st_pauls_cathedral_95155835_6249315212.png,nan;nan;nan;nan;nan;nan;nan;nan;nan,nan;nan;nan
pt_stpeters_stpauls,outliers,st_pauls_cathedral_49523263_2763776233.png,nan;nan;nan;nan;nan;nan;nan;nan;nan,nan;nan;nan
pt_stpeters_stpauls,outliers,st_pauls_cathedral_04913236_119772663.png,nan;nan;nan;nan;nan;nan;nan;nan;nan,nan;nan;nan
pt_stpeters_stpauls,outliers,st_pauls_cathedral_06850079_5924336712.png,nan;nan;nan;nan;nan;nan;nan;nan;nan,nan;nan;nan
pt_stpeters_stpauls,outliers,st_pauls_cathedral_15866879_138904614.png,nan;nan;nan;nan;nan;nan;nan;nan;nan,nan;nan;nan
pt_stpeters_stpauls,outliers,st_pauls_cathedral_86793288_81064886.png,nan;nan;nan;nan;nan;nan;nan;nan;nan,nan;nan;nan
pt_stpeters_stpauls,outliers,st_pauls_cathedral_64682734_3599756412.png,nan;nan;nan;nan;nan;nan;nan;nan;nan,nan;nan;nan
pt_stpeters_stpauls,outliers,st_pauls_cathedral_75906168_9021331.png,nan;nan;nan;nan;nan;nan;nan;nan;nan,nan;nan;nan
pt_stpeters_stpauls,outliers,st_pauls_cathedral_37175263_9450449849.png,nan;nan;nan;nan;nan;nan;nan;nan;nan,nan;nan;nan
pt_stpeters_stpauls,outliers,st_pauls_cathedral_29687506_6744340327.png,nan;nan;nan;nan;nan;nan;nan;nan;nan,nan;nan;nan
pt_stpeters_stpauls,outliers,st_pauls_cathedral_57396867_1162831381.png,nan;nan;nan;nan;nan;nan;nan;nan;nan,nan;nan;nan
pt_stpeters_stpauls,outliers,st_pauls_cathedral_79454276_6423703259.png,nan;nan;nan;nan;nan;nan;nan;nan;nan,nan;nan;nan
pt_stpeters_stpauls,outliers,st_pauls_cathedral_76302715_6756627863.png,nan;nan;nan;nan;nan;nan;nan;nan;nan,nan;nan;nan
pt_stpeters_stpauls,outliers,st_pauls_cathedral_66281560_69430718.png,nan;nan;nan;nan;nan;nan;nan;nan;nan,nan;nan;nan
pt_stpeters_stpauls,outliers,st_pauls_cathedral_79907102_3247748633.png,nan;nan;nan;nan;nan;nan;nan;nan;nan,nan;nan;nan
pt_stpeters_stpauls,outliers,st_pauls_cathedral_20239254_119772598.png,nan;nan;nan;nan;nan;nan;nan;nan;nan,nan;nan;nan
pt_stpeters_stpauls,outliers,st_pauls_cathedral_45685596_2848901240.png,nan;nan;nan;nan;nan;nan;nan;nan;nan,nan;nan;nan
pt_stpeters_stpauls,outliers,st_pauls_cathedral_94451439_81070120.png,nan;nan;nan;nan;nan;nan;nan;nan;nan,nan;nan;nan
pt_stpeters_stpauls,outliers,st_pauls_cathedral_43920096_10906605833.png,nan;nan;nan;nan;nan;nan;nan;nan;nan,nan;nan;nan
pt_stpeters_stpauls,outliers,st_pauls_cathedral_79467047_6166196003.png,nan;nan;nan;nan;nan;nan;nan;nan;nan,nan;nan;nan
pt_stpeters_stpauls,outliers,st_pauls_cathedral_66354598_8658993474.png,nan;nan;nan;nan;nan;nan;nan;nan;nan,nan;nan;nan
pt_stpeters_stpauls,outliers,st_pauls_cathedral_79023023_183808253.png,nan;nan;nan;nan;nan;nan;nan;nan;nan,nan;nan;nan
pt_stpeters_stpauls,outliers,st_pauls_cathedral_37891131_11165782483.png,nan;nan;nan;nan;nan;nan;nan;nan;nan,nan;nan;nan
pt_stpeters_stpauls,outliers,st_pauls_cathedral_37670824_2154551459.png,nan;nan;nan;nan;nan;nan;nan;nan;nan,nan;nan;nan
pt_stpeters_stpauls,outliers,st_pauls_cathedral_35236682_3866876026.png,nan;nan;nan;nan;nan;nan;nan;nan;nan,nan;nan;nan
pt_stpeters_stpauls,outliers,st_pauls_cathedral_78098197_5849317301.png,nan;nan;nan;nan;nan;nan;nan;nan;nan,nan;nan;nan
pt_stpeters_stpauls,outliers,st_pauls_cathedral_00162897_2573777698.png,nan;nan;nan;nan;nan;nan;nan;nan;nan,nan;nan;nan
pt_stpeters_stpauls,outliers,st_pauls_cathedral_72783275_3199359396.png,nan;nan;nan;nan;nan;nan;nan;nan;nan,nan;nan;nan
pt_stpeters_stpauls,outliers,st_pauls_cathedral_31055607_5795560563.png,nan;nan;nan;nan;nan;nan;nan;nan;nan,nan;nan;nan
pt_stpeters_stpauls,outliers,st_pauls_cathedral_18009039_2159636076.png,nan;nan;nan;nan;nan;nan;nan;nan;nan,nan;nan;nan
pt_stpeters_stpauls,outliers,st_pauls_cathedral_19156543_414105990.png,nan;nan;nan;nan;nan;nan;nan;nan;nan,nan;nan;nan
pt_stpeters_stpauls,outliers,st_pauls_cathedral_65579340_8658903934.png,nan;nan;nan;nan;nan;nan;nan;nan;nan,nan;nan;nan
pt_stpeters_stpauls,outliers,st_pauls_cathedral_19750027_343386986.png,nan;nan;nan;nan;nan;nan;nan;nan;nan,nan;nan;nan
pt_stpeters_stpauls,outliers,st_pauls_cathedral_37347628_10902811376.png,nan;nan;nan;nan;nan;nan;nan;nan;nan,nan;nan;nan
pt_stpeters_stpauls,outliers,st_pauls_cathedral_51592699_1165340842.png,nan;nan;nan;nan;nan;nan;nan;nan;nan,nan;nan;nan
pt_stpeters_stpauls,outliers,st_pauls_cathedral_92227797_2634489539.png,nan;nan;nan;nan;nan;nan;nan;nan;nan,nan;nan;nan
pt_stpeters_stpauls,outliers,st_pauls_cathedral_44160609_6465554263.png,nan;nan;nan;nan;nan;nan;nan;nan;nan,nan;nan;nan
pt_stpeters_stpauls,outliers,st_pauls_cathedral_62837228_5299508393.png,nan;nan;nan;nan;nan;nan;nan;nan;nan,nan;nan;nan
pt_stpeters_stpauls,outliers,st_pauls_cathedral_15717585_5849870034.png,nan;nan;nan;nan;nan;nan;nan;nan;nan,nan;nan;nan
pt_stpeters_stpauls,outliers,st_pauls_cathedral_64178508_2848319812.png,nan;nan;nan;nan;nan;nan;nan;nan;nan,nan;nan;nan
pt_stpeters_stpauls,outliers,st_pauls_cathedral_15340635_6286567877.png,nan;nan;nan;nan;nan;nan;nan;nan;nan,nan;nan;nan
pt_stpeters_stpauls,outliers,st_pauls_cathedral_61359543_7319932086.png,nan;nan;nan;nan;nan;nan;nan;nan;nan,nan;nan;nan
pt_stpeters_stpauls,outliers,st_pauls_cathedral_62683867_5924337162.png,nan;nan;nan;nan;nan;nan;nan;nan;nan,nan;nan;nan
pt_stpeters_stpauls,outliers,st_peters_square_18412179_6172244512.png,nan;nan;nan;nan;nan;nan;nan;nan;nan,nan;nan;nan
pt_stpeters_stpauls,outliers,st_peters_square_03091803_3301752366.png,nan;nan;nan;nan;nan;nan;nan;nan;nan,nan;nan;nan
pt_stpeters_stpauls,outliers,st_peters_square_72862254_5114619647.png,nan;nan;nan;nan;nan;nan;nan;nan;nan,nan;nan;nan
pt_stpeters_stpauls,outliers,st_peters_square_92930792_3241113575.png,nan;nan;nan;nan;nan;nan;nan;nan;nan,nan;nan;nan
pt_stpeters_stpauls,outliers,st_peters_square_44390759_5115213112.png,nan;nan;nan;nan;nan;nan;nan;nan;nan,nan;nan;nan
pt_stpeters_stpauls,outliers,st_peters_square_46663883_6534848061.png,nan;nan;nan;nan;nan;nan;nan;nan;nan,nan;nan;nan
pt_stpeters_stpauls,outliers,st_peters_square_24636762_4089050891.png,nan;nan;nan;nan;nan;nan;nan;nan;nan,nan;nan;nan
pt_stpeters_stpauls,outliers,st_peters_square_03746789_4463922325.png,nan;nan;nan;nan;nan;nan;nan;nan;nan,nan;nan;nan
pt_stpeters_stpauls,outliers,st_peters_square_45146398_300508266.png,nan;nan;nan;nan;nan;nan;nan;nan;nan,nan;nan;nan
pt_stpeters_stpauls,outliers,st_peters_square_43335638_88784147.png,nan;nan;nan;nan;nan;nan;nan;nan;nan,nan;nan;nan
pt_stpeters_stpauls,outliers,st_peters_square_57090695_8548496597.png,nan;nan;nan;nan;nan;nan;nan;nan;nan,nan;nan;nan
pt_stpeters_stpauls,outliers,st_peters_square_41659819_2070196997.png,nan;nan;nan;nan;nan;nan;nan;nan;nan,nan;nan;nan
pt_stpeters_stpauls,outliers,st_peters_square_61199489_492461058.png,nan;nan;nan;nan;nan;nan;nan;nan;nan,nan;nan;nan
pt_stpeters_stpauls,outliers,st_peters_square_24719115_774461939.png,nan;nan;nan;nan;nan;nan;nan;nan;nan,nan;nan;nan
pt_stpeters_stpauls,outliers,st_peters_square_55218853_3759440157.png,nan;nan;nan;nan;nan;nan;nan;nan;nan,nan;nan;nan
pt_stpeters_stpauls,outliers,st_peters_square_67407966_4358094261.png,nan;nan;nan;nan;nan;nan;nan;nan;nan,nan;nan;nan
pt_stpeters_stpauls,outliers,st_peters_square_50829067_6827571714.png,nan;nan;nan;nan;nan;nan;nan;nan;nan,nan;nan;nan
pt_stpeters_stpauls,outliers,st_peters_square_73950904_275489778.png,nan;nan;nan;nan;nan;nan;nan;nan;nan,nan;nan;nan
pt_stpeters_stpauls,outliers,st_peters_square_44478569_2733152198.png,nan;nan;nan;nan;nan;nan;nan;nan;nan,nan;nan;nan
pt_stpeters_stpauls,outliers,st_peters_square_24059795_9603235434.png,nan;nan;nan;nan;nan;nan;nan;nan;nan,nan;nan;nan
pt_stpeters_stpauls,outliers,st_peters_square_05894880_3961210476.png,nan;nan;nan;nan;nan;nan;nan;nan;nan,nan;nan;nan
pt_stpeters_stpauls,outliers,st_peters_square_74375638_1347790951.png,nan;nan;nan;nan;nan;nan;nan;nan;nan,nan;nan;nan
pt_stpeters_stpauls,outliers,st_peters_square_21905075_5452965061.png,nan;nan;nan;nan;nan;nan;nan;nan;nan,nan;nan;nan
pt_stpeters_stpauls,outliers,st_peters_square_96944137_5746647680.png,nan;nan;nan;nan;nan;nan;nan;nan;nan,nan;nan;nan
pt_stpeters_stpauls,outliers,st_peters_square_84278273_4258469058.png,nan;nan;nan;nan;nan;nan;nan;nan;nan,nan;nan;nan
pt_stpeters_stpauls,outliers,st_peters_square_71826517_5746260945.png,nan;nan;nan;nan;nan;nan;nan;nan;nan,nan;nan;nan
pt_stpeters_stpauls,outliers,st_peters_square_16560660_87393276.png,nan;nan;nan;nan;nan;nan;nan;nan;nan,nan;nan;nan
pt_stpeters_stpauls,outliers,st_peters_square_84897883_3397284524.png,nan;nan;nan;nan;nan;nan;nan;nan;nan,nan;nan;nan
pt_stpeters_stpauls,outliers,st_peters_square_96961885_104769206.png,nan;nan;nan;nan;nan;nan;nan;nan;nan,nan;nan;nan
pt_stpeters_stpauls,outliers,st_peters_square_58475035_2122656414.png,nan;nan;nan;nan;nan;nan;nan;nan;nan,nan;nan;nan
pt_stpeters_stpauls,outliers,st_peters_square_22746486_9560856076.png,nan;nan;nan;nan;nan;nan;nan;nan;nan,nan;nan;nan
pt_stpeters_stpauls,outliers,st_peters_square_18948310_1391071648.png,nan;nan;nan;nan;nan;nan;nan;nan;nan,nan;nan;nan
pt_stpeters_stpauls,outliers,st_peters_square_44455970_5746646894.png,nan;nan;nan;nan;nan;nan;nan;nan;nan,nan;nan;nan
pt_stpeters_stpauls,outliers,st_peters_square_01113045_2151200754.png,nan;nan;nan;nan;nan;nan;nan;nan;nan,nan;nan;nan
pt_stpeters_stpauls,outliers,st_peters_square_79705761_286952048.png,nan;nan;nan;nan;nan;nan;nan;nan;nan,nan;nan;nan
pt_stpeters_stpauls,outliers,st_peters_square_70611917_5987268232.png,nan;nan;nan;nan;nan;nan;nan;nan;nan,nan;nan;nan
pt_stpeters_stpauls,outliers,st_peters_square_74059884_5303611340.png,nan;nan;nan;nan;nan;nan;nan;nan;nan,nan;nan;nan
pt_stpeters_stpauls,outliers,st_peters_square_60121796_5502368748.png,nan;nan;nan;nan;nan;nan;nan;nan;nan,nan;nan;nan
pt_stpeters_stpauls,outliers,st_peters_square_37466637_151112376.png,nan;nan;nan;nan;nan;nan;nan;nan;nan,nan;nan;nan
pt_stpeters_stpauls,outliers,st_peters_square_95260621_11241567214.png,nan;nan;nan;nan;nan;nan;nan;nan;nan,nan;nan;nan
pt_stpeters_stpauls,outliers,st_peters_square_85112064_8554016061.png,nan;nan;nan;nan;nan;nan;nan;nan;nan,nan;nan;nan
pt_stpeters_stpauls,outliers,st_peters_square_79673014_480541710.png,nan;nan;nan;nan;nan;nan;nan;nan;nan,nan;nan;nan
pt_stpeters_stpauls,outliers,st_peters_square_60887425_4988344850.png,nan;nan;nan;nan;nan;nan;nan;nan;nan,nan;nan;nan
pt_stpeters_stpauls,outliers,st_peters_square_04610226_4103646673.png,nan;nan;nan;nan;nan;nan;nan;nan;nan,nan;nan;nan
pt_stpeters_stpauls,outliers,st_peters_square_12334689_522974921.png,nan;nan;nan;nan;nan;nan;nan;nan;nan,nan;nan;nan
pt_stpeters_stpauls,outliers,st_peters_square_97299190_230228215.png,nan;nan;nan;nan;nan;nan;nan;nan;nan,nan;nan;nan
pt_stpeters_stpauls,outliers,st_peters_square_29679303_181377461.png,nan;nan;nan;nan;nan;nan;nan;nan;nan,nan;nan;nan
pt_stpeters_stpauls,outliers,st_peters_square_95364400_2795430893.png,nan;nan;nan;nan;nan;nan;nan;nan;nan,nan;nan;nan
pt_stpeters_stpauls,outliers,st_peters_square_27722146_2540992403.png,nan;nan;nan;nan;nan;nan;nan;nan;nan,nan;nan;nan
pt_stpeters_stpauls,outliers,st_peters_square_36268301_7354161880.png,nan;nan;nan;nan;nan;nan;nan;nan;nan,nan;nan;nan
pt_stpeters_stpauls,outliers,st_peters_square_60793175_3515361889.png,nan;nan;nan;nan;nan;nan;nan;nan;nan,nan;nan;nan
pt_stpeters_stpauls,outliers,st_peters_square_17992917_296706864.png,nan;nan;nan;nan;nan;nan;nan;nan;nan,nan;nan;nan
pt_stpeters_stpauls,outliers,st_peters_square_61596216_926981615.png,nan;nan;nan;nan;nan;nan;nan;nan;nan,nan;nan;nan
pt_stpeters_stpauls,outliers,st_peters_square_58474381_9559488022.png,nan;nan;nan;nan;nan;nan;nan;nan;nan,nan;nan;nan
pt_stpeters_stpauls,outliers,st_peters_square_84026672_4257874044.png,nan;nan;nan;nan;nan;nan;nan;nan;nan,nan;nan;nan
pt_stpeters_stpauls,outliers,st_peters_square_27821246_220471245.png,nan;nan;nan;nan;nan;nan;nan;nan;nan,nan;nan;nan
pt_stpeters_stpauls,outliers,st_peters_square_93827329_275493871.png,nan;nan;nan;nan;nan;nan;nan;nan;nan,nan;nan;nan
pt_stpeters_stpauls,outliers,st_peters_square_70326181_5251675186.png,nan;nan;nan;nan;nan;nan;nan;nan;nan,nan;nan;nan
pt_stpeters_stpauls,outliers,st_peters_square_80363066_1340868362.png,nan;nan;nan;nan;nan;nan;nan;nan;nan,nan;nan;nan
pt_stpeters_stpauls,outliers,st_peters_square_64157046_4825759910.png,nan;nan;nan;nan;nan;nan;nan;nan;nan,nan;nan;nan
pt_stpeters_stpauls,outliers,st_peters_square_64605808_5986711471.png,nan;nan;nan;nan;nan;nan;nan;nan;nan,nan;nan;nan
pt_stpeters_stpauls,outliers,st_peters_square_03988695_8001663418.png,nan;nan;nan;nan;nan;nan;nan;nan;nan,nan;nan;nan
pt_stpeters_stpauls,outliers,st_peters_square_45336170_8518744916.png,nan;nan;nan;nan;nan;nan;nan;nan;nan,nan;nan;nan
pt_stpeters_stpauls,outliers,st_peters_square_72710271_9087579115.png,nan;nan;nan;nan;nan;nan;nan;nan;nan,nan;nan;nan
pt_stpeters_stpauls,outliers,st_peters_square_46268845_5210431.png,nan;nan;nan;nan;nan;nan;nan;nan;nan,nan;nan;nan
pt_stpeters_stpauls,outliers,st_peters_square_95709487_7541298516.png,nan;nan;nan;nan;nan;nan;nan;nan;nan,nan;nan;nan
pt_stpeters_stpauls,outliers,st_peters_square_48496249_4257721183.png,nan;nan;nan;nan;nan;nan;nan;nan;nan,nan;nan;nan
pt_stpeters_stpauls,outliers,st_peters_square_94126033_8728856148.png,nan;nan;nan;nan;nan;nan;nan;nan;nan,nan;nan;nan
pt_stpeters_stpauls,outliers,st_peters_square_56468077_4089051561.png,nan;nan;nan;nan;nan;nan;nan;nan;nan,nan;nan;nan
pt_stpeters_stpauls,outliers,st_peters_square_87967653_2756655360.png,nan;nan;nan;nan;nan;nan;nan;nan;nan,nan;nan;nan
pt_stpeters_stpauls,outliers,st_peters_square_40696807_2666761892.png,nan;nan;nan;nan;nan;nan;nan;nan;nan,nan;nan;nan
pt_stpeters_stpauls,outliers,st_peters_square_33563670_5242619236.png,nan;nan;nan;nan;nan;nan;nan;nan;nan,nan;nan;nan
pt_stpeters_stpauls,outliers,st_peters_square_09150846_12806538585.png,nan;nan;nan;nan;nan;nan;nan;nan;nan,nan;nan;nan
pt_stpeters_stpauls,outliers,st_peters_square_32164473_4104406816.png,nan;nan;nan;nan;nan;nan;nan;nan;nan,nan;nan;nan
pt_stpeters_stpauls,outliers,st_peters_square_85174888_2795417037.png,nan;nan;nan;nan;nan;nan;nan;nan;nan,nan;nan;nan
pt_stpeters_stpauls,outliers,st_peters_square_11170243_108218811.png,nan;nan;nan;nan;nan;nan;nan;nan;nan,nan;nan;nan
pt_stpeters_stpauls,outliers,st_peters_square_05036686_9559490324.png,nan;nan;nan;nan;nan;nan;nan;nan;nan,nan;nan;nan
pt_stpeters_stpauls,outliers,st_peters_square_89231283_4583657302.png,nan;nan;nan;nan;nan;nan;nan;nan;nan,nan;nan;nan
pt_stpeters_stpauls,outliers,st_peters_square_14434211_3241927710.png,nan;nan;nan;nan;nan;nan;nan;nan;nan,nan;nan;nan
pt_stpeters_stpauls,outliers,st_peters_square_51383333_4555047040.png,nan;nan;nan;nan;nan;nan;nan;nan;nan,nan;nan;nan
pt_stpeters_stpauls,outliers,st_peters_square_77282490_453023076.png,nan;nan;nan;nan;nan;nan;nan;nan;nan,nan;nan;nan
pt_stpeters_stpauls,outliers,st_peters_square_07459783_2116496273.png,nan;nan;nan;nan;nan;nan;nan;nan;nan,nan;nan;nan
pt_stpeters_stpauls,outliers,st_peters_square_64856605_10034558183.png,nan;nan;nan;nan;nan;nan;nan;nan;nan,nan;nan;nan
pt_stpeters_stpauls,outliers,st_peters_square_84356787_41289007.png,nan;nan;nan;nan;nan;nan;nan;nan;nan,nan;nan;nan
pt_stpeters_stpauls,outliers,st_peters_square_91440455_2973906531.png,nan;nan;nan;nan;nan;nan;nan;nan;nan,nan;nan;nan
pt_stpeters_stpauls,outliers,st_peters_square_16459160_169609859.png,nan;nan;nan;nan;nan;nan;nan;nan;nan,nan;nan;nan
pt_stpeters_stpauls,outliers,st_peters_square_04687924_2163037290.png,nan;nan;nan;nan;nan;nan;nan;nan;nan,nan;nan;nan
pt_stpeters_stpauls,outliers,st_peters_square_47361588_602059416.png,nan;nan;nan;nan;nan;nan;nan;nan;nan,nan;nan;nan
pt_stpeters_stpauls,outliers,st_peters_square_57954696_5417448065.png,nan;nan;nan;nan;nan;nan;nan;nan;nan,nan;nan;nan
pt_stpeters_stpauls,outliers,st_peters_square_20328156_5873219320.png,nan;nan;nan;nan;nan;nan;nan;nan;nan,nan;nan;nan
pt_stpeters_stpauls,outliers,st_peters_square_93849170_8602630853.png,nan;nan;nan;nan;nan;nan;nan;nan;nan,nan;nan;nan
pt_stpeters_stpauls,outliers,st_peters_square_78236367_3680548187.png,nan;nan;nan;nan;nan;nan;nan;nan;nan,nan;nan;nan
pt_stpeters_stpauls,outliers,st_peters_square_94275623_8588288449.png,nan;nan;nan;nan;nan;nan;nan;nan;nan,nan;nan;nan
pt_stpeters_stpauls,outliers,st_peters_square_48141965_9536256202.png,nan;nan;nan;nan;nan;nan;nan;nan;nan,nan;nan;nan
pt_stpeters_stpauls,outliers,st_peters_square_22421524_4050930227.png,nan;nan;nan;nan;nan;nan;nan;nan;nan,nan;nan;nan
pt_stpeters_stpauls,outliers,st_peters_square_01086691_5427945640.png,nan;nan;nan;nan;nan;nan;nan;nan;nan,nan;nan;nan
pt_stpeters_stpauls,outliers,st_peters_square_35727766_2927321004.png,nan;nan;nan;nan;nan;nan;nan;nan;nan,nan;nan;nan
pt_stpeters_stpauls,outliers,st_peters_square_71743967_13589039945.png,nan;nan;nan;nan;nan;nan;nan;nan;nan,nan;nan;nan
pt_stpeters_stpauls,outliers,st_peters_square_51093586_7936643532.png,nan;nan;nan;nan;nan;nan;nan;nan;nan,nan;nan;nan
pt_stpeters_stpauls,outliers,st_peters_square_33011793_12700964863.png,nan;nan;nan;nan;nan;nan;nan;nan;nan,nan;nan;nan
amy_gardens,outliers,peach_0100.png,nan;nan;nan;nan;nan;nan;nan;nan;nan,nan;nan;nan
amy_gardens,outliers,peach_0091.png,nan;nan;nan;nan;nan;nan;nan;nan;nan,nan;nan;nan
amy_gardens,outliers,peach_0075.png,nan;nan;nan;nan;nan;nan;nan;nan;nan,nan;nan;nan
amy_gardens,outliers,peach_0087.png,nan;nan;nan;nan;nan;nan;nan;nan;nan,nan;nan;nan
amy_gardens,outliers,peach_0089.png,nan;nan;nan;nan;nan;nan;nan;nan;nan,nan;nan;nan
amy_gardens,outliers,peach_0028.png,nan;nan;nan;nan;nan;nan;nan;nan;nan,nan;nan;nan
amy_gardens,outliers,peach_0161.png,nan;nan;nan;nan;nan;nan;nan;nan;nan,nan;nan;nan
amy_gardens,outliers,peach_0189.png,nan;nan;nan;nan;nan;nan;nan;nan;nan,nan;nan;nan
amy_gardens,outliers,peach_0155.png,nan;nan;nan;nan;nan;nan;nan;nan;nan,nan;nan;nan
amy_gardens,outliers,peach_0042.png,nan;nan;nan;nan;nan;nan;nan;nan;nan,nan;nan;nan
amy_gardens,outliers,peach_0188.png,nan;nan;nan;nan;nan;nan;nan;nan;nan,nan;nan;nan
amy_gardens,outliers,peach_0082.png,nan;nan;nan;nan;nan;nan;nan;nan;nan,nan;nan;nan
amy_gardens,outliers,peach_0011.png,nan;nan;nan;nan;nan;nan;nan;nan;nan,nan;nan;nan
amy_gardens,outliers,peach_0121.png,nan;nan;nan;nan;nan;nan;nan;nan;nan,nan;nan;nan
amy_gardens,outliers,peach_0126.png,nan;nan;nan;nan;nan;nan;nan;nan;nan,nan;nan;nan
amy_gardens,outliers,peach_0045.png,nan;nan;nan;nan;nan;nan;nan;nan;nan,nan;nan;nan
amy_gardens,outliers,peach_0080.png,nan;nan;nan;nan;nan;nan;nan;nan;nan,nan;nan;nan
amy_gardens,outliers,peach_0043.png,nan;nan;nan;nan;nan;nan;nan;nan;nan,nan;nan;nan
amy_gardens,outliers,peach_0140.png,nan;nan;nan;nan;nan;nan;nan;nan;nan,nan;nan;nan
amy_gardens,outliers,peach_0136.png,nan;nan;nan;nan;nan;nan;nan;nan;nan,nan;nan;nan
amy_gardens,outliers,peach_0135.png,nan;nan;nan;nan;nan;nan;nan;nan;nan,nan;nan;nan
amy_gardens,outliers,peach_0158.png,nan;nan;nan;nan;nan;nan;nan;nan;nan,nan;nan;nan
amy_gardens,outliers,peach_0151.png,nan;nan;nan;nan;nan;nan;nan;nan;nan,nan;nan;nan
amy_gardens,outliers,peach_0154.png,nan;nan;nan;nan;nan;nan;nan;nan;nan,nan;nan;nan
amy_gardens,outliers,peach_0097.png,nan;nan;nan;nan;nan;nan;nan;nan;nan,nan;nan;nan
amy_gardens,outliers,peach_0024.png,nan;nan;nan;nan;nan;nan;nan;nan;nan,nan;nan;nan
amy_gardens,outliers,peach_0116.png,nan;nan;nan;nan;nan;nan;nan;nan;nan,nan;nan;nan
amy_gardens,outliers,peach_0006.png,nan;nan;nan;nan;nan;nan;nan;nan;nan,nan;nan;nan
amy_gardens,outliers,peach_0023.png,nan;nan;nan;nan;nan;nan;nan;nan;nan,nan;nan;nan
amy_gardens,outliers,peach_0170.png,nan;nan;nan;nan;nan;nan;nan;nan;nan,nan;nan;nan
amy_gardens,outliers,peach_0096.png,nan;nan;nan;nan;nan;nan;nan;nan;nan,nan;nan;nan
amy_gardens,outliers,peach_0175.png,nan;nan;nan;nan;nan;nan;nan;nan;nan,nan;nan;nan
amy_gardens,outliers,peach_0132.png,nan;nan;nan;nan;nan;nan;nan;nan;nan,nan;nan;nan
amy_gardens,outliers,peach_0181.png,nan;nan;nan;nan;nan;nan;nan;nan;nan,nan;nan;nan
amy_gardens,outliers,peach_0078.png,nan;nan;nan;nan;nan;nan;nan;nan;nan,nan;nan;nan
amy_gardens,outliers,peach_0057.png,nan;nan;nan;nan;nan;nan;nan;nan;nan,nan;nan;nan
amy_gardens,outliers,peach_0002.png,nan;nan;nan;nan;nan;nan;nan;nan;nan,nan;nan;nan
amy_gardens,outliers,peach_0086.png,nan;nan;nan;nan;nan;nan;nan;nan;nan,nan;nan;nan
amy_gardens,outliers,peach_0064.png,nan;nan;nan;nan;nan;nan;nan;nan;nan,nan;nan;nan
amy_gardens,outliers,peach_0145.png,nan;nan;nan;nan;nan;nan;nan;nan;nan,nan;nan;nan
amy_gardens,outliers,peach_0007.png,nan;nan;nan;nan;nan;nan;nan;nan;nan,nan;nan;nan
amy_gardens,outliers,peach_0177.png,nan;nan;nan;nan;nan;nan;nan;nan;nan,nan;nan;nan
amy_gardens,outliers,peach_0174.png,nan;nan;nan;nan;nan;nan;nan;nan;nan,nan;nan;nan
amy_gardens,outliers,peach_0083.png,nan;nan;nan;nan;nan;nan;nan;nan;nan,nan;nan;nan
amy_gardens,outliers,peach_0120.png,nan;nan;nan;nan;nan;nan;nan;nan;nan,nan;nan;nan
amy_gardens,outliers,peach_0029.png,nan;nan;nan;nan;nan;nan;nan;nan;nan,nan;nan;nan
amy_gardens,outliers,peach_0050.png,nan;nan;nan;nan;nan;nan;nan;nan;nan,nan;nan;nan
amy_gardens,outliers,peach_0001.png,nan;nan;nan;nan;nan;nan;nan;nan;nan,nan;nan;nan
amy_gardens,outliers,peach_0068.png,nan;nan;nan;nan;nan;nan;nan;nan;nan,nan;nan;nan
amy_gardens,outliers,peach_0172.png,nan;nan;nan;nan;nan;nan;nan;nan;nan,nan;nan;nan
amy_gardens,outliers,peach_0143.png,nan;nan;nan;nan;nan;nan;nan;nan;nan,nan;nan;nan
amy_gardens,outliers,peach_0041.png,nan;nan;nan;nan;nan;nan;nan;nan;nan,nan;nan;nan
amy_gardens,outliers,peach_0106.png,nan;nan;nan;nan;nan;nan;nan;nan;nan,nan;nan;nan
amy_gardens,outliers,peach_0102.png,nan;nan;nan;nan;nan;nan;nan;nan;nan,nan;nan;nan
amy_gardens,outliers,peach_0167.png,nan;nan;nan;nan;nan;nan;nan;nan;nan,nan;nan;nan
amy_gardens,outliers,peach_0131.png,nan;nan;nan;nan;nan;nan;nan;nan;nan,nan;nan;nan
amy_gardens,outliers,peach_0000.png,nan;nan;nan;nan;nan;nan;nan;nan;nan,nan;nan;nan
amy_gardens,outliers,peach_0184.png,nan;nan;nan;nan;nan;nan;nan;nan;nan,nan;nan;nan
amy_gardens,outliers,peach_0196.png,nan;nan;nan;nan;nan;nan;nan;nan;nan,nan;nan;nan
amy_gardens,outliers,peach_0156.png,nan;nan;nan;nan;nan;nan;nan;nan;nan,nan;nan;nan
amy_gardens,outliers,peach_0031.png,nan;nan;nan;nan;nan;nan;nan;nan;nan,nan;nan;nan
amy_gardens,outliers,peach_0074.png,nan;nan;nan;nan;nan;nan;nan;nan;nan,nan;nan;nan
amy_gardens,outliers,peach_0056.png,nan;nan;nan;nan;nan;nan;nan;nan;nan,nan;nan;nan
amy_gardens,outliers,peach_0053.png,nan;nan;nan;nan;nan;nan;nan;nan;nan,nan;nan;nan
amy_gardens,outliers,peach_0124.png,nan;nan;nan;nan;nan;nan;nan;nan;nan,nan;nan;nan
amy_gardens,outliers,peach_0084.png,nan;nan;nan;nan;nan;nan;nan;nan;nan,nan;nan;nan
amy_gardens,outliers,peach_0032.png,nan;nan;nan;nan;nan;nan;nan;nan;nan,nan;nan;nan
amy_gardens,outliers,peach_0088.png,nan;nan;nan;nan;nan;nan;nan;nan;nan,nan;nan;nan
amy_gardens,outliers,peach_0098.png,nan;nan;nan;nan;nan;nan;nan;nan;nan,nan;nan;nan
amy_gardens,outliers,peach_0148.png,nan;nan;nan;nan;nan;nan;nan;nan;nan,nan;nan;nan
amy_gardens,outliers,peach_0110.png,nan;nan;nan;nan;nan;nan;nan;nan;nan,nan;nan;nan
amy_gardens,outliers,peach_0071.png,nan;nan;nan;nan;nan;nan;nan;nan;nan,nan;nan;nan
amy_gardens,outliers,peach_0025.png,nan;nan;nan;nan;nan;nan;nan;nan;nan,nan;nan;nan
amy_gardens,outliers,peach_0138.png,nan;nan;nan;nan;nan;nan;nan;nan;nan,nan;nan;nan
amy_gardens,outliers,peach_0070.png,nan;nan;nan;nan;nan;nan;nan;nan;nan,nan;nan;nan
amy_gardens,outliers,peach_0180.png,nan;nan;nan;nan;nan;nan;nan;nan;nan,nan;nan;nan
amy_gardens,outliers,peach_0123.png,nan;nan;nan;nan;nan;nan;nan;nan;nan,nan;nan;nan
amy_gardens,outliers,peach_0047.png,nan;nan;nan;nan;nan;nan;nan;nan;nan,nan;nan;nan
amy_gardens,outliers,peach_0119.png,nan;nan;nan;nan;nan;nan;nan;nan;nan,nan;nan;nan
amy_gardens,outliers,peach_0107.png,nan;nan;nan;nan;nan;nan;nan;nan;nan,nan;nan;nan
amy_gardens,outliers,peach_0115.png,nan;nan;nan;nan;nan;nan;nan;nan;nan,nan;nan;nan
amy_gardens,outliers,peach_0152.png,nan;nan;nan;nan;nan;nan;nan;nan;nan,nan;nan;nan
amy_gardens,outliers,peach_0127.png,nan;nan;nan;nan;nan;nan;nan;nan;nan,nan;nan;nan
amy_gardens,outliers,peach_0183.png,nan;nan;nan;nan;nan;nan;nan;nan;nan,nan;nan;nan
amy_gardens,outliers,peach_0062.png,nan;nan;nan;nan;nan;nan;nan;nan;nan,nan;nan;nan
amy_gardens,outliers,peach_0021.png,nan;nan;nan;nan;nan;nan;nan;nan;nan,nan;nan;nan
amy_gardens,outliers,peach_0027.png,nan;nan;nan;nan;nan;nan;nan;nan;nan,nan;nan;nan
amy_gardens,outliers,peach_0013.png,nan;nan;nan;nan;nan;nan;nan;nan;nan,nan;nan;nan
amy_gardens,outliers,peach_0192.png,nan;nan;nan;nan;nan;nan;nan;nan;nan,nan;nan;nan
amy_gardens,outliers,peach_0125.png,nan;nan;nan;nan;nan;nan;nan;nan;nan,nan;nan;nan
amy_gardens,outliers,peach_0017.png,nan;nan;nan;nan;nan;nan;nan;nan;nan,nan;nan;nan
amy_gardens,outliers,peach_0114.png,nan;nan;nan;nan;nan;nan;nan;nan;nan,nan;nan;nan
amy_gardens,outliers,peach_0142.png,nan;nan;nan;nan;nan;nan;nan;nan;nan,nan;nan;nan
amy_gardens,outliers,peach_0016.png,nan;nan;nan;nan;nan;nan;nan;nan;nan,nan;nan;nan
amy_gardens,outliers,peach_0165.png,nan;nan;nan;nan;nan;nan;nan;nan;nan,nan;nan;nan
amy_gardens,outliers,peach_0112.png,nan;nan;nan;nan;nan;nan;nan;nan;nan,nan;nan;nan
amy_gardens,outliers,peach_0095.png,nan;nan;nan;nan;nan;nan;nan;nan;nan,nan;nan;nan
amy_gardens,outliers,peach_0038.png,nan;nan;nan;nan;nan;nan;nan;nan;nan,nan;nan;nan
amy_gardens,outliers,peach_0162.png,nan;nan;nan;nan;nan;nan;nan;nan;nan,nan;nan;nan
amy_gardens,outliers,peach_0191.png,nan;nan;nan;nan;nan;nan;nan;nan;nan,nan;nan;nan
amy_gardens,outliers,peach_0159.png,nan;nan;nan;nan;nan;nan;nan;nan;nan,nan;nan;nan
amy_gardens,outliers,peach_0163.png,nan;nan;nan;nan;nan;nan;nan;nan;nan,nan;nan;nan
amy_gardens,outliers,peach_0085.png,nan;nan;nan;nan;nan;nan;nan;nan;nan,nan;nan;nan
amy_gardens,outliers,peach_0072.png,nan;nan;nan;nan;nan;nan;nan;nan;nan,nan;nan;nan
amy_gardens,outliers,peach_0022.png,nan;nan;nan;nan;nan;nan;nan;nan;nan,nan;nan;nan
amy_gardens,outliers,peach_0103.png,nan;nan;nan;nan;nan;nan;nan;nan;nan,nan;nan;nan
amy_gardens,outliers,peach_0077.png,nan;nan;nan;nan;nan;nan;nan;nan;nan,nan;nan;nan
amy_gardens,outliers,peach_0133.png,nan;nan;nan;nan;nan;nan;nan;nan;nan,nan;nan;nan
amy_gardens,outliers,peach_0049.png,nan;nan;nan;nan;nan;nan;nan;nan;nan,nan;nan;nan
amy_gardens,outliers,peach_0185.png,nan;nan;nan;nan;nan;nan;nan;nan;nan,nan;nan;nan
amy_gardens,outliers,peach_0093.png,nan;nan;nan;nan;nan;nan;nan;nan;nan,nan;nan;nan
amy_gardens,outliers,peach_0150.png,nan;nan;nan;nan;nan;nan;nan;nan;nan,nan;nan;nan
amy_gardens,outliers,peach_0033.png,nan;nan;nan;nan;nan;nan;nan;nan;nan,nan;nan;nan
amy_gardens,outliers,peach_0060.png,nan;nan;nan;nan;nan;nan;nan;nan;nan,nan;nan;nan
amy_gardens,outliers,peach_0081.png,nan;nan;nan;nan;nan;nan;nan;nan;nan,nan;nan;nan
amy_gardens,outliers,peach_0104.png,nan;nan;nan;nan;nan;nan;nan;nan;nan,nan;nan;nan
amy_gardens,outliers,peach_0113.png,nan;nan;nan;nan;nan;nan;nan;nan;nan,nan;nan;nan
amy_gardens,outliers,peach_0141.png,nan;nan;nan;nan;nan;nan;nan;nan;nan,nan;nan;nan
amy_gardens,outliers,peach_0122.png,nan;nan;nan;nan;nan;nan;nan;nan;nan,nan;nan;nan
amy_gardens,outliers,peach_0015.png,nan;nan;nan;nan;nan;nan;nan;nan;nan,nan;nan;nan
amy_gardens,outliers,peach_0157.png,nan;nan;nan;nan;nan;nan;nan;nan;nan,nan;nan;nan
amy_gardens,outliers,peach_0111.png,nan;nan;nan;nan;nan;nan;nan;nan;nan,nan;nan;nan
amy_gardens,outliers,peach_0073.png,nan;nan;nan;nan;nan;nan;nan;nan;nan,nan;nan;nan
amy_gardens,outliers,peach_0193.png,nan;nan;nan;nan;nan;nan;nan;nan;nan,nan;nan;nan
amy_gardens,outliers,peach_0059.png,nan;nan;nan;nan;nan;nan;nan;nan;nan,nan;nan;nan
amy_gardens,outliers,peach_0020.png,nan;nan;nan;nan;nan;nan;nan;nan;nan,nan;nan;nan
amy_gardens,outliers,peach_0014.png,nan;nan;nan;nan;nan;nan;nan;nan;nan,nan;nan;nan
amy_gardens,outliers,peach_0144.png,nan;nan;nan;nan;nan;nan;nan;nan;nan,nan;nan;nan
amy_gardens,outliers,peach_0034.png,nan;nan;nan;nan;nan;nan;nan;nan;nan,nan;nan;nan
amy_gardens,outliers,peach_0118.png,nan;nan;nan;nan;nan;nan;nan;nan;nan,nan;nan;nan
amy_gardens,outliers,peach_0099.png,nan;nan;nan;nan;nan;nan;nan;nan;nan,nan;nan;nan
amy_gardens,outliers,peach_0055.png,nan;nan;nan;nan;nan;nan;nan;nan;nan,nan;nan;nan
amy_gardens,outliers,peach_0090.png,nan;nan;nan;nan;nan;nan;nan;nan;nan,nan;nan;nan
amy_gardens,outliers,peach_0169.png,nan;nan;nan;nan;nan;nan;nan;nan;nan,nan;nan;nan
amy_gardens,outliers,peach_0129.png,nan;nan;nan;nan;nan;nan;nan;nan;nan,nan;nan;nan
amy_gardens,outliers,peach_0128.png,nan;nan;nan;nan;nan;nan;nan;nan;nan,nan;nan;nan
amy_gardens,outliers,peach_0173.png,nan;nan;nan;nan;nan;nan;nan;nan;nan,nan;nan;nan
amy_gardens,outliers,peach_0199.png,nan;nan;nan;nan;nan;nan;nan;nan;nan,nan;nan;nan
amy_gardens,outliers,peach_0117.png,nan;nan;nan;nan;nan;nan;nan;nan;nan,nan;nan;nan
amy_gardens,outliers,peach_0108.png,nan;nan;nan;nan;nan;nan;nan;nan;nan,nan;nan;nan
amy_gardens,outliers,peach_0010.png,nan;nan;nan;nan;nan;nan;nan;nan;nan,nan;nan;nan
amy_gardens,outliers,peach_0101.png,nan;nan;nan;nan;nan;nan;nan;nan;nan,nan;nan;nan
amy_gardens,outliers,peach_0146.png,nan;nan;nan;nan;nan;nan;nan;nan;nan,nan;nan;nan
amy_gardens,outliers,peach_0195.png,nan;nan;nan;nan;nan;nan;nan;nan;nan,nan;nan;nan
amy_gardens,outliers,peach_0046.png,nan;nan;nan;nan;nan;nan;nan;nan;nan,nan;nan;nan
amy_gardens,outliers,peach_0109.png,nan;nan;nan;nan;nan;nan;nan;nan;nan,nan;nan;nan
amy_gardens,outliers,peach_0069.png,nan;nan;nan;nan;nan;nan;nan;nan;nan,nan;nan;nan
amy_gardens,outliers,peach_0058.png,nan;nan;nan;nan;nan;nan;nan;nan;nan,nan;nan;nan
amy_gardens,outliers,peach_0187.png,nan;nan;nan;nan;nan;nan;nan;nan;nan,nan;nan;nan
amy_gardens,outliers,peach_0149.png,nan;nan;nan;nan;nan;nan;nan;nan;nan,nan;nan;nan
amy_gardens,outliers,peach_0061.png,nan;nan;nan;nan;nan;nan;nan;nan;nan,nan;nan;nan
amy_gardens,outliers,peach_0018.png,nan;nan;nan;nan;nan;nan;nan;nan;nan,nan;nan;nan
amy_gardens,outliers,peach_0166.png,nan;nan;nan;nan;nan;nan;nan;nan;nan,nan;nan;nan
amy_gardens,outliers,peach_0039.png,nan;nan;nan;nan;nan;nan;nan;nan;nan,nan;nan;nan
amy_gardens,outliers,peach_0092.png,nan;nan;nan;nan;nan;nan;nan;nan;nan,nan;nan;nan
amy_gardens,outliers,peach_0194.png,nan;nan;nan;nan;nan;nan;nan;nan;nan,nan;nan;nan
amy_gardens,outliers,peach_0063.png,nan;nan;nan;nan;nan;nan;nan;nan;nan,nan;nan;nan
amy_gardens,outliers,peach_0030.png,nan;nan;nan;nan;nan;nan;nan;nan;nan,nan;nan;nan
amy_gardens,outliers,peach_0178.png,nan;nan;nan;nan;nan;nan;nan;nan;nan,nan;nan;nan
amy_gardens,outliers,peach_0052.png,nan;nan;nan;nan;nan;nan;nan;nan;nan,nan;nan;nan
amy_gardens,outliers,peach_0036.png,nan;nan;nan;nan;nan;nan;nan;nan;nan,nan;nan;nan
amy_gardens,outliers,peach_0160.png,nan;nan;nan;nan;nan;nan;nan;nan;nan,nan;nan;nan
amy_gardens,outliers,peach_0139.png,nan;nan;nan;nan;nan;nan;nan;nan;nan,nan;nan;nan
amy_gardens,outliers,peach_0197.png,nan;nan;nan;nan;nan;nan;nan;nan;nan,nan;nan;nan
amy_gardens,outliers,peach_0179.png,nan;nan;nan;nan;nan;nan;nan;nan;nan,nan;nan;nan
amy_gardens,outliers,peach_0008.png,nan;nan;nan;nan;nan;nan;nan;nan;nan,nan;nan;nan
amy_gardens,outliers,peach_0153.png,nan;nan;nan;nan;nan;nan;nan;nan;nan,nan;nan;nan
amy_gardens,outliers,peach_0186.png,nan;nan;nan;nan;nan;nan;nan;nan;nan,nan;nan;nan
amy_gardens,outliers,peach_0005.png,nan;nan;nan;nan;nan;nan;nan;nan;nan,nan;nan;nan
amy_gardens,outliers,peach_0066.png,nan;nan;nan;nan;nan;nan;nan;nan;nan,nan;nan;nan
amy_gardens,outliers,peach_0054.png,nan;nan;nan;nan;nan;nan;nan;nan;nan,nan;nan;nan
amy_gardens,outliers,peach_0094.png,nan;nan;nan;nan;nan;nan;nan;nan;nan,nan;nan;nan
amy_gardens,outliers,peach_0105.png,nan;nan;nan;nan;nan;nan;nan;nan;nan,nan;nan;nan
amy_gardens,outliers,peach_0012.png,nan;nan;nan;nan;nan;nan;nan;nan;nan,nan;nan;nan
amy_gardens,outliers,peach_0079.png,nan;nan;nan;nan;nan;nan;nan;nan;nan,nan;nan;nan
amy_gardens,outliers,peach_0134.png,nan;nan;nan;nan;nan;nan;nan;nan;nan,nan;nan;nan
amy_gardens,outliers,peach_0003.png,nan;nan;nan;nan;nan;nan;nan;nan;nan,nan;nan;nan
amy_gardens,outliers,peach_0067.png,nan;nan;nan;nan;nan;nan;nan;nan;nan,nan;nan;nan
amy_gardens,outliers,peach_0147.png,nan;nan;nan;nan;nan;nan;nan;nan;nan,nan;nan;nan
amy_gardens,outliers,peach_0044.png,nan;nan;nan;nan;nan;nan;nan;nan;nan,nan;nan;nan
amy_gardens,outliers,peach_0019.png,nan;nan;nan;nan;nan;nan;nan;nan;nan,nan;nan;nan
amy_gardens,outliers,peach_0051.png,nan;nan;nan;nan;nan;nan;nan;nan;nan,nan;nan;nan
amy_gardens,outliers,peach_0198.png,nan;nan;nan;nan;nan;nan;nan;nan;nan,nan;nan;nan
amy_gardens,outliers,peach_0190.png,nan;nan;nan;nan;nan;nan;nan;nan;nan,nan;nan;nan
amy_gardens,outliers,peach_0182.png,nan;nan;nan;nan;nan;nan;nan;nan;nan,nan;nan;nan
amy_gardens,outliers,peach_0171.png,nan;nan;nan;nan;nan;nan;nan;nan;nan,nan;nan;nan
amy_gardens,outliers,peach_0009.png,nan;nan;nan;nan;nan;nan;nan;nan;nan,nan;nan;nan
amy_gardens,outliers,peach_0004.png,nan;nan;nan;nan;nan;nan;nan;nan;nan,nan;nan;nan
amy_gardens,outliers,peach_0176.png,nan;nan;nan;nan;nan;nan;nan;nan;nan,nan;nan;nan
amy_gardens,outliers,peach_0065.png,nan;nan;nan;nan;nan;nan;nan;nan;nan,nan;nan;nan
amy_gardens,outliers,peach_0037.png,nan;nan;nan;nan;nan;nan;nan;nan;nan,nan;nan;nan
amy_gardens,outliers,peach_0048.png,nan;nan;nan;nan;nan;nan;nan;nan;nan,nan;nan;nan
amy_gardens,outliers,peach_0076.png,nan;nan;nan;nan;nan;nan;nan;nan;nan,nan;nan;nan
amy_gardens,outliers,peach_0040.png,nan;nan;nan;nan;nan;nan;nan;nan;nan,nan;nan;nan
amy_gardens,outliers,peach_0026.png,nan;nan;nan;nan;nan;nan;nan;nan;nan,nan;nan;nan
amy_gardens,outliers,peach_0035.png,nan;nan;nan;nan;nan;nan;nan;nan;nan,nan;nan;nan
amy_gardens,outliers,peach_0137.png,nan;nan;nan;nan;nan;nan;nan;nan;nan,nan;nan;nan
amy_gardens,outliers,peach_0164.png,nan;nan;nan;nan;nan;nan;nan;nan;nan,nan;nan;nan
amy_gardens,outliers,peach_0130.png,nan;nan;nan;nan;nan;nan;nan;nan;nan,nan;nan;nan
amy_gardens,outliers,peach_0168.png,nan;nan;nan;nan;nan;nan;nan;nan;nan,nan;nan;nan
fbk_vineyard,outliers,vineyard_split_2_frame_1260.png,nan;nan;nan;nan;nan;nan;nan;nan;nan,nan;nan;nan
fbk_vineyard,outliers,vineyard_split_2_frame_1225.png,nan;nan;nan;nan;nan;nan;nan;nan;nan,nan;nan;nan
fbk_vineyard,outliers,vineyard_split_2_frame_1245.png,nan;nan;nan;nan;nan;nan;nan;nan;nan,nan;nan;nan
fbk_vineyard,outliers,vineyard_split_2_frame_1320.png,nan;nan;nan;nan;nan;nan;nan;nan;nan,nan;nan;nan
fbk_vineyard,outliers,vineyard_split_2_frame_1205.png,nan;nan;nan;nan;nan;nan;nan;nan;nan,nan;nan;nan
fbk_vineyard,outliers,vineyard_split_2_frame_1240.png,nan;nan;nan;nan;nan;nan;nan;nan;nan,nan;nan;nan
fbk_vineyard,outliers,vineyard_split_2_frame_1170.png,nan;nan;nan;nan;nan;nan;nan;nan;nan,nan;nan;nan
fbk_vineyard,outliers,vineyard_split_2_frame_1300.png,nan;nan;nan;nan;nan;nan;nan;nan;nan,nan;nan;nan
fbk_vineyard,outliers,vineyard_split_2_frame_1290.png,nan;nan;nan;nan;nan;nan;nan;nan;nan,nan;nan;nan
fbk_vineyard,outliers,vineyard_split_2_frame_1310.png,nan;nan;nan;nan;nan;nan;nan;nan;nan,nan;nan;nan
fbk_vineyard,outliers,vineyard_split_2_frame_1200.png,nan;nan;nan;nan;nan;nan;nan;nan;nan,nan;nan;nan
fbk_vineyard,outliers,vineyard_split_2_frame_1295.png,nan;nan;nan;nan;nan;nan;nan;nan;nan,nan;nan;nan
fbk_vineyard,outliers,vineyard_split_2_frame_1180.png,nan;nan;nan;nan;nan;nan;nan;nan;nan,nan;nan;nan
fbk_vineyard,outliers,vineyard_split_2_frame_1255.png,nan;nan;nan;nan;nan;nan;nan;nan;nan,nan;nan;nan
fbk_vineyard,outliers,vineyard_split_2_frame_1220.png,nan;nan;nan;nan;nan;nan;nan;nan;nan,nan;nan;nan
fbk_vineyard,outliers,vineyard_split_2_frame_1165.png,nan;nan;nan;nan;nan;nan;nan;nan;nan,nan;nan;nan
fbk_vineyard,outliers,vineyard_split_2_frame_1275.png,nan;nan;nan;nan;nan;nan;nan;nan;nan,nan;nan;nan
fbk_vineyard,outliers,vineyard_split_2_frame_1305.png,nan;nan;nan;nan;nan;nan;nan;nan;nan,nan;nan;nan
fbk_vineyard,outliers,vineyard_split_2_frame_1160.png,nan;nan;nan;nan;nan;nan;nan;nan;nan,nan;nan;nan
fbk_vineyard,outliers,vineyard_split_2_frame_1280.png,nan;nan;nan;nan;nan;nan;nan;nan;nan,nan;nan;nan
fbk_vineyard,outliers,vineyard_split_2_frame_1155.png,nan;nan;nan;nan;nan;nan;nan;nan;nan,nan;nan;nan
fbk_vineyard,outliers,vineyard_split_2_frame_1195.png,nan;nan;nan;nan;nan;nan;nan;nan;nan,nan;nan;nan
fbk_vineyard,outliers,vineyard_split_2_frame_1190.png,nan;nan;nan;nan;nan;nan;nan;nan;nan,nan;nan;nan
fbk_vineyard,outliers,vineyard_split_2_frame_1270.png,nan;nan;nan;nan;nan;nan;nan;nan;nan,nan;nan;nan
fbk_vineyard,outliers,vineyard_split_2_frame_1210.png,nan;nan;nan;nan;nan;nan;nan;nan;nan,nan;nan;nan
fbk_vineyard,outliers,vineyard_split_2_frame_1250.png,nan;nan;nan;nan;nan;nan;nan;nan;nan,nan;nan;nan
fbk_vineyard,outliers,vineyard_split_2_frame_1185.png,nan;nan;nan;nan;nan;nan;nan;nan;nan,nan;nan;nan
fbk_vineyard,outliers,vineyard_split_2_frame_1285.png,nan;nan;nan;nan;nan;nan;nan;nan;nan,nan;nan;nan
fbk_vineyard,outliers,vineyard_split_2_frame_1265.png,nan;nan;nan;nan;nan;nan;nan;nan;nan,nan;nan;nan
fbk_vineyard,outliers,vineyard_split_2_frame_1150.png,nan;nan;nan;nan;nan;nan;nan;nan;nan,nan;nan;nan
fbk_vineyard,outliers,vineyard_split_2_frame_1175.png,nan;nan;nan;nan;nan;nan;nan;nan;nan,nan;nan;nan
fbk_vineyard,outliers,vineyard_split_2_frame_1235.png,nan;nan;nan;nan;nan;nan;nan;nan;nan,nan;nan;nan
fbk_vineyard,outliers,vineyard_split_2_frame_1315.png,nan;nan;nan;nan;nan;nan;nan;nan;nan,nan;nan;nan
fbk_vineyard,outliers,vineyard_split_2_frame_1230.png,nan;nan;nan;nan;nan;nan;nan;nan;nan,nan;nan;nan
fbk_vineyard,outliers,vineyard_split_2_frame_1215.png,nan;nan;nan;nan;nan;nan;nan;nan;nan,nan;nan;nan
fbk_vineyard,outliers,vineyard_split_3_frame_1395.png,nan;nan;nan;nan;nan;nan;nan;nan;nan,nan;nan;nan
fbk_vineyard,outliers,vineyard_split_3_frame_1475.png,nan;nan;nan;nan;nan;nan;nan;nan;nan,nan;nan;nan
fbk_vineyard,outliers,vineyard_split_3_frame_0255.png,nan;nan;nan;nan;nan;nan;nan;nan;nan,nan;nan;nan
fbk_vineyard,outliers,vineyard_split_3_frame_1425.png,nan;nan;nan;nan;nan;nan;nan;nan;nan,nan;nan;nan
fbk_vineyard,outliers,vineyard_split_3_frame_0125.png,nan;nan;nan;nan;nan;nan;nan;nan;nan,nan;nan;nan
fbk_vineyard,outliers,vineyard_split_3_frame_1480.png,nan;nan;nan;nan;nan;nan;nan;nan;nan,nan;nan;nan
fbk_vineyard,outliers,vineyard_split_3_frame_0215.png,nan;nan;nan;nan;nan;nan;nan;nan;nan,nan;nan;nan
fbk_vineyard,outliers,vineyard_split_3_frame_0295.png,nan;nan;nan;nan;nan;nan;nan;nan;nan,nan;nan;nan
fbk_vineyard,outliers,vineyard_split_3_frame_0090.png,nan;nan;nan;nan;nan;nan;nan;nan;nan,nan;nan;nan
fbk_vineyard,outliers,vineyard_split_3_frame_0190.png,nan;nan;nan;nan;nan;nan;nan;nan;nan,nan;nan;nan
fbk_vineyard,outliers,vineyard_split_3_frame_0265.png,nan;nan;nan;nan;nan;nan;nan;nan;nan,nan;nan;nan
fbk_vineyard,outliers,vineyard_split_3_frame_1445.png,nan;nan;nan;nan;nan;nan;nan;nan;nan,nan;nan;nan
fbk_vineyard,outliers,vineyard_split_3_frame_0290.png,nan;nan;nan;nan;nan;nan;nan;nan;nan,nan;nan;nan
fbk_vineyard,outliers,vineyard_split_3_frame_1450.png,nan;nan;nan;nan;nan;nan;nan;nan;nan,nan;nan;nan
fbk_vineyard,outliers,vineyard_split_3_frame_1390.png,nan;nan;nan;nan;nan;nan;nan;nan;nan,nan;nan;nan
fbk_vineyard,outliers,vineyard_split_3_frame_1555.png,nan;nan;nan;nan;nan;nan;nan;nan;nan,nan;nan;nan
fbk_vineyard,outliers,vineyard_split_3_frame_1550.png,nan;nan;nan;nan;nan;nan;nan;nan;nan,nan;nan;nan
fbk_vineyard,outliers,vineyard_split_3_frame_0145.png,nan;nan;nan;nan;nan;nan;nan;nan;nan,nan;nan;nan
fbk_vineyard,outliers,vineyard_split_3_frame_1405.png,nan;nan;nan;nan;nan;nan;nan;nan;nan,nan;nan;nan
fbk_vineyard,outliers,vineyard_split_3_frame_0070.png,nan;nan;nan;nan;nan;nan;nan;nan;nan,nan;nan;nan
fbk_vineyard,outliers,vineyard_split_3_frame_1500.png,nan;nan;nan;nan;nan;nan;nan;nan;nan,nan;nan;nan
fbk_vineyard,outliers,vineyard_split_3_frame_1455.png,nan;nan;nan;nan;nan;nan;nan;nan;nan,nan;nan;nan
fbk_vineyard,outliers,vineyard_split_3_frame_0075.png,nan;nan;nan;nan;nan;nan;nan;nan;nan,nan;nan;nan
fbk_vineyard,outliers,vineyard_split_3_frame_0160.png,nan;nan;nan;nan;nan;nan;nan;nan;nan,nan;nan;nan
fbk_vineyard,outliers,vineyard_split_3_frame_0150.png,nan;nan;nan;nan;nan;nan;nan;nan;nan,nan;nan;nan
fbk_vineyard,outliers,vineyard_split_3_frame_0140.png,nan;nan;nan;nan;nan;nan;nan;nan;nan,nan;nan;nan
fbk_vineyard,outliers,vineyard_split_3_frame_0270.png,nan;nan;nan;nan;nan;nan;nan;nan;nan,nan;nan;nan
fbk_vineyard,outliers,vineyard_split_3_frame_0170.png,nan;nan;nan;nan;nan;nan;nan;nan;nan,nan;nan;nan
fbk_vineyard,outliers,vineyard_split_3_frame_0285.png,nan;nan;nan;nan;nan;nan;nan;nan;nan,nan;nan;nan
fbk_vineyard,outliers,vineyard_split_3_frame_1490.png,nan;nan;nan;nan;nan;nan;nan;nan;nan,nan;nan;nan
fbk_vineyard,outliers,vineyard_split_3_frame_0280.png,nan;nan;nan;nan;nan;nan;nan;nan;nan,nan;nan;nan
fbk_vineyard,outliers,vineyard_split_3_frame_0275.png,nan;nan;nan;nan;nan;nan;nan;nan;nan,nan;nan;nan
fbk_vineyard,outliers,vineyard_split_3_frame_0225.png,nan;nan;nan;nan;nan;nan;nan;nan;nan,nan;nan;nan
fbk_vineyard,outliers,vineyard_split_3_frame_0080.png,nan;nan;nan;nan;nan;nan;nan;nan;nan,nan;nan;nan
fbk_vineyard,outliers,vineyard_split_3_frame_0250.png,nan;nan;nan;nan;nan;nan;nan;nan;nan,nan;nan;nan
fbk_vineyard,outliers,vineyard_split_3_frame_1495.png,nan;nan;nan;nan;nan;nan;nan;nan;nan,nan;nan;nan
fbk_vineyard,outliers,vineyard_split_3_frame_0120.png,nan;nan;nan;nan;nan;nan;nan;nan;nan,nan;nan;nan
fbk_vineyard,outliers,vineyard_split_3_frame_1510.png,nan;nan;nan;nan;nan;nan;nan;nan;nan,nan;nan;nan
fbk_vineyard,outliers,vineyard_split_3_frame_0105.png,nan;nan;nan;nan;nan;nan;nan;nan;nan,nan;nan;nan
fbk_vineyard,outliers,vineyard_split_3_frame_1535.png,nan;nan;nan;nan;nan;nan;nan;nan;nan,nan;nan;nan
fbk_vineyard,outliers,vineyard_split_3_frame_1540.png,nan;nan;nan;nan;nan;nan;nan;nan;nan,nan;nan;nan
fbk_vineyard,outliers,vineyard_split_3_frame_0205.png,nan;nan;nan;nan;nan;nan;nan;nan;nan,nan;nan;nan
fbk_vineyard,outliers,vineyard_split_3_frame_1410.png,nan;nan;nan;nan;nan;nan;nan;nan;nan,nan;nan;nan
fbk_vineyard,outliers,vineyard_split_3_frame_0305.png,nan;nan;nan;nan;nan;nan;nan;nan;nan,nan;nan;nan
fbk_vineyard,outliers,vineyard_split_3_frame_0235.png,nan;nan;nan;nan;nan;nan;nan;nan;nan,nan;nan;nan
fbk_vineyard,outliers,vineyard_split_3_frame_1505.png,nan;nan;nan;nan;nan;nan;nan;nan;nan,nan;nan;nan
fbk_vineyard,outliers,vineyard_split_3_frame_0175.png,nan;nan;nan;nan;nan;nan;nan;nan;nan,nan;nan;nan
fbk_vineyard,outliers,vineyard_split_3_frame_1545.png,nan;nan;nan;nan;nan;nan;nan;nan;nan,nan;nan;nan
fbk_vineyard,outliers,vineyard_split_3_frame_1520.png,nan;nan;nan;nan;nan;nan;nan;nan;nan,nan;nan;nan
fbk_vineyard,outliers,vineyard_split_3_frame_1465.png,nan;nan;nan;nan;nan;nan;nan;nan;nan,nan;nan;nan
fbk_vineyard,outliers,vineyard_split_3_frame_1525.png,nan;nan;nan;nan;nan;nan;nan;nan;nan,nan;nan;nan
fbk_vineyard,outliers,vineyard_split_3_frame_0110.png,nan;nan;nan;nan;nan;nan;nan;nan;nan,nan;nan;nan
fbk_vineyard,outliers,vineyard_split_3_frame_0195.png,nan;nan;nan;nan;nan;nan;nan;nan;nan,nan;nan;nan
fbk_vineyard,outliers,vineyard_split_3_frame_1570.png,nan;nan;nan;nan;nan;nan;nan;nan;nan,nan;nan;nan
fbk_vineyard,outliers,vineyard_split_3_frame_0210.png,nan;nan;nan;nan;nan;nan;nan;nan;nan,nan;nan;nan
fbk_vineyard,outliers,vineyard_split_3_frame_0100.png,nan;nan;nan;nan;nan;nan;nan;nan;nan,nan;nan;nan
fbk_vineyard,outliers,vineyard_split_3_frame_1560.png,nan;nan;nan;nan;nan;nan;nan;nan;nan,nan;nan;nan
fbk_vineyard,outliers,vineyard_split_3_frame_1430.png,nan;nan;nan;nan;nan;nan;nan;nan;nan,nan;nan;nan
fbk_vineyard,outliers,vineyard_split_3_frame_0245.png,nan;nan;nan;nan;nan;nan;nan;nan;nan,nan;nan;nan
fbk_vineyard,outliers,vineyard_split_3_frame_0130.png,nan;nan;nan;nan;nan;nan;nan;nan;nan,nan;nan;nan
fbk_vineyard,outliers,vineyard_split_3_frame_0135.png,nan;nan;nan;nan;nan;nan;nan;nan;nan,nan;nan;nan
fbk_vineyard,outliers,vineyard_split_3_frame_0220.png,nan;nan;nan;nan;nan;nan;nan;nan;nan,nan;nan;nan
fbk_vineyard,outliers,vineyard_split_3_frame_0200.png,nan;nan;nan;nan;nan;nan;nan;nan;nan,nan;nan;nan
fbk_vineyard,outliers,vineyard_split_3_frame_1440.png,nan;nan;nan;nan;nan;nan;nan;nan;nan,nan;nan;nan
fbk_vineyard,outliers,vineyard_split_3_frame_0240.png,nan;nan;nan;nan;nan;nan;nan;nan;nan,nan;nan;nan
fbk_vineyard,outliers,vineyard_split_3_frame_1460.png,nan;nan;nan;nan;nan;nan;nan;nan;nan,nan;nan;nan
fbk_vineyard,outliers,vineyard_split_3_frame_1515.png,nan;nan;nan;nan;nan;nan;nan;nan;nan,nan;nan;nan
fbk_vineyard,outliers,vineyard_split_3_frame_0165.png,nan;nan;nan;nan;nan;nan;nan;nan;nan,nan;nan;nan
fbk_vineyard,outliers,vineyard_split_3_frame_0230.png,nan;nan;nan;nan;nan;nan;nan;nan;nan,nan;nan;nan
fbk_vineyard,outliers,vineyard_split_3_frame_0185.png,nan;nan;nan;nan;nan;nan;nan;nan;nan,nan;nan;nan
fbk_vineyard,outliers,vineyard_split_3_frame_1400.png,nan;nan;nan;nan;nan;nan;nan;nan;nan,nan;nan;nan
fbk_vineyard,outliers,vineyard_split_3_frame_1415.png,nan;nan;nan;nan;nan;nan;nan;nan;nan,nan;nan;nan
fbk_vineyard,outliers,vineyard_split_3_frame_1435.png,nan;nan;nan;nan;nan;nan;nan;nan;nan,nan;nan;nan
fbk_vineyard,outliers,vineyard_split_3_frame_0260.png,nan;nan;nan;nan;nan;nan;nan;nan;nan,nan;nan;nan
fbk_vineyard,outliers,vineyard_split_3_frame_0115.png,nan;nan;nan;nan;nan;nan;nan;nan;nan,nan;nan;nan
fbk_vineyard,outliers,vineyard_split_3_frame_1420.png,nan;nan;nan;nan;nan;nan;nan;nan;nan,nan;nan;nan
fbk_vineyard,outliers,vineyard_split_3_frame_0300.png,nan;nan;nan;nan;nan;nan;nan;nan;nan,nan;nan;nan
fbk_vineyard,outliers,vineyard_split_3_frame_1485.png,nan;nan;nan;nan;nan;nan;nan;nan;nan,nan;nan;nan
fbk_vineyard,outliers,vineyard_split_3_frame_0085.png,nan;nan;nan;nan;nan;nan;nan;nan;nan,nan;nan;nan
fbk_vineyard,outliers,vineyard_split_3_frame_0095.png,nan;nan;nan;nan;nan;nan;nan;nan;nan,nan;nan;nan
fbk_vineyard,outliers,vineyard_split_3_frame_0155.png,nan;nan;nan;nan;nan;nan;nan;nan;nan,nan;nan;nan
fbk_vineyard,outliers,vineyard_split_3_frame_0180.png,nan;nan;nan;nan;nan;nan;nan;nan;nan,nan;nan;nan
fbk_vineyard,outliers,vineyard_split_3_frame_1530.png,nan;nan;nan;nan;nan;nan;nan;nan;nan,nan;nan;nan
fbk_vineyard,outliers,vineyard_split_3_frame_1470.png,nan;nan;nan;nan;nan;nan;nan;nan;nan,nan;nan;nan
fbk_vineyard,outliers,vineyard_split_3_frame_1565.png,nan;nan;nan;nan;nan;nan;nan;nan;nan,nan;nan;nan
fbk_vineyard,outliers,vineyard_split_1_frame_0950.png,nan;nan;nan;nan;nan;nan;nan;nan;nan,nan;nan;nan
fbk_vineyard,outliers,vineyard_split_1_frame_1005.png,nan;nan;nan;nan;nan;nan;nan;nan;nan,nan;nan;nan
fbk_vineyard,outliers,vineyard_split_1_frame_0915.png,nan;nan;nan;nan;nan;nan;nan;nan;nan,nan;nan;nan
fbk_vineyard,outliers,vineyard_split_1_frame_0995.png,nan;nan;nan;nan;nan;nan;nan;nan;nan,nan;nan;nan
fbk_vineyard,outliers,vineyard_split_1_frame_1070.png,nan;nan;nan;nan;nan;nan;nan;nan;nan,nan;nan;nan
fbk_vineyard,outliers,vineyard_split_1_frame_1015.png,nan;nan;nan;nan;nan;nan;nan;nan;nan,nan;nan;nan
fbk_vineyard,outliers,vineyard_split_1_frame_0990.png,nan;nan;nan;nan;nan;nan;nan;nan;nan,nan;nan;nan
fbk_vineyard,outliers,vineyard_split_1_frame_1055.png,nan;nan;nan;nan;nan;nan;nan;nan;nan,nan;nan;nan
fbk_vineyard,outliers,vineyard_split_1_frame_0965.png,nan;nan;nan;nan;nan;nan;nan;nan;nan,nan;nan;nan
fbk_vineyard,outliers,vineyard_split_1_frame_0935.png,nan;nan;nan;nan;nan;nan;nan;nan;nan,nan;nan;nan
fbk_vineyard,outliers,vineyard_split_1_frame_0970.png,nan;nan;nan;nan;nan;nan;nan;nan;nan,nan;nan;nan
fbk_vineyard,outliers,vineyard_split_1_frame_0960.png,nan;nan;nan;nan;nan;nan;nan;nan;nan,nan;nan;nan
fbk_vineyard,outliers,vineyard_split_1_frame_1095.png,nan;nan;nan;nan;nan;nan;nan;nan;nan,nan;nan;nan
fbk_vineyard,outliers,vineyard_split_1_frame_0945.png,nan;nan;nan;nan;nan;nan;nan;nan;nan,nan;nan;nan
fbk_vineyard,outliers,vineyard_split_1_frame_0905.png,nan;nan;nan;nan;nan;nan;nan;nan;nan,nan;nan;nan
fbk_vineyard,outliers,vineyard_split_1_frame_1085.png,nan;nan;nan;nan;nan;nan;nan;nan;nan,nan;nan;nan
fbk_vineyard,outliers,vineyard_split_1_frame_0955.png,nan;nan;nan;nan;nan;nan;nan;nan;nan,nan;nan;nan
fbk_vineyard,outliers,vineyard_split_1_frame_1065.png,nan;nan;nan;nan;nan;nan;nan;nan;nan,nan;nan;nan
fbk_vineyard,outliers,vineyard_split_1_frame_0980.png,nan;nan;nan;nan;nan;nan;nan;nan;nan,nan;nan;nan
fbk_vineyard,outliers,vineyard_split_1_frame_1045.png,nan;nan;nan;nan;nan;nan;nan;nan;nan,nan;nan;nan
fbk_vineyard,outliers,vineyard_split_1_frame_1080.png,nan;nan;nan;nan;nan;nan;nan;nan;nan,nan;nan;nan
fbk_vineyard,outliers,vineyard_split_1_frame_1040.png,nan;nan;nan;nan;nan;nan;nan;nan;nan,nan;nan;nan
fbk_vineyard,outliers,vineyard_split_1_frame_1110.png,nan;nan;nan;nan;nan;nan;nan;nan;nan,nan;nan;nan
fbk_vineyard,outliers,vineyard_split_1_frame_1020.png,nan;nan;nan;nan;nan;nan;nan;nan;nan,nan;nan;nan
fbk_vineyard,outliers,vineyard_split_1_frame_1000.png,nan;nan;nan;nan;nan;nan;nan;nan;nan,nan;nan;nan
fbk_vineyard,outliers,vineyard_split_1_frame_1035.png,nan;nan;nan;nan;nan;nan;nan;nan;nan,nan;nan;nan
fbk_vineyard,outliers,vineyard_split_1_frame_0910.png,nan;nan;nan;nan;nan;nan;nan;nan;nan,nan;nan;nan
fbk_vineyard,outliers,vineyard_split_1_frame_1100.png,nan;nan;nan;nan;nan;nan;nan;nan;nan,nan;nan;nan
fbk_vineyard,outliers,vineyard_split_1_frame_0940.png,nan;nan;nan;nan;nan;nan;nan;nan;nan,nan;nan;nan
fbk_vineyard,outliers,vineyard_split_1_frame_1075.png,nan;nan;nan;nan;nan;nan;nan;nan;nan,nan;nan;nan
fbk_vineyard,outliers,vineyard_split_1_frame_1010.png,nan;nan;nan;nan;nan;nan;nan;nan;nan,nan;nan;nan
fbk_vineyard,outliers,vineyard_split_1_frame_0900.png,nan;nan;nan;nan;nan;nan;nan;nan;nan,nan;nan;nan
fbk_vineyard,outliers,vineyard_split_1_frame_1105.png,nan;nan;nan;nan;nan;nan;nan;nan;nan,nan;nan;nan
fbk_vineyard,outliers,vineyard_split_1_frame_0925.png,nan;nan;nan;nan;nan;nan;nan;nan;nan,nan;nan;nan
fbk_vineyard,outliers,vineyard_split_1_frame_0985.png,nan;nan;nan;nan;nan;nan;nan;nan;nan,nan;nan;nan
fbk_vineyard,outliers,vineyard_split_1_frame_0930.png,nan;nan;nan;nan;nan;nan;nan;nan;nan,nan;nan;nan
fbk_vineyard,outliers,vineyard_split_1_frame_1030.png,nan;nan;nan;nan;nan;nan;nan;nan;nan,nan;nan;nan
fbk_vineyard,outliers,vineyard_split_1_frame_1025.png,nan;nan;nan;nan;nan;nan;nan;nan;nan,nan;nan;nan
fbk_vineyard,outliers,vineyard_split_1_frame_0920.png,nan;nan;nan;nan;nan;nan;nan;nan;nan,nan;nan;nan
fbk_vineyard,outliers,vineyard_split_1_frame_1060.png,nan;nan;nan;nan;nan;nan;nan;nan;nan,nan;nan;nan
fbk_vineyard,outliers,vineyard_split_1_frame_1050.png,nan;nan;nan;nan;nan;nan;nan;nan;nan,nan;nan;nan
fbk_vineyard,outliers,vineyard_split_1_frame_1090.png,nan;nan;nan;nan;nan;nan;nan;nan;nan,nan;nan;nan
fbk_vineyard,outliers,vineyard_split_1_frame_0975.png,nan;nan;nan;nan;nan;nan;nan;nan;nan,nan;nan;nan
ETs,outliers,outliers_out_et001.png,nan;nan;nan;nan;nan;nan;nan;nan;nan,nan;nan;nan
ETs,outliers,outliers_out_et003.png,nan;nan;nan;nan;nan;nan;nan;nan;nan,nan;nan;nan
ETs,outliers,outliers_out_et002.png,nan;nan;nan;nan;nan;nan;nan;nan;nan,nan;nan;nan
ETs,outliers,et_et007.png,nan;nan;nan;nan;nan;nan;nan;nan;nan,nan;nan;nan
ETs,outliers,et_et003.png,nan;nan;nan;nan;nan;nan;nan;nan;nan,nan;nan;nan
ETs,outliers,et_et006.png,nan;nan;nan;nan;nan;nan;nan;nan;nan,nan;nan;nan
ETs,outliers,et_et001.png,nan;nan;nan;nan;nan;nan;nan;nan;nan,nan;nan;nan
ETs,outliers,et_et004.png,nan;nan;nan;nan;nan;nan;nan;nan;nan,nan;nan;nan
ETs,outliers,et_et002.png,nan;nan;nan;nan;nan;nan;nan;nan;nan,nan;nan;nan
ETs,outliers,et_et008.png,nan;nan;nan;nan;nan;nan;nan;nan;nan,nan;nan;nan
ETs,outliers,et_et005.png,nan;nan;nan;nan;nan;nan;nan;nan;nan,nan;nan;nan
ETs,outliers,et_et000.png,nan;nan;nan;nan;nan;nan;nan;nan;nan,nan;nan;nan
ETs,outliers,another_et_another_et006.png,nan;nan;nan;nan;nan;nan;nan;nan;nan,nan;nan;nan
ETs,outliers,another_et_another_et002.png,nan;nan;nan;nan;nan;nan;nan;nan;nan,nan;nan;nan
ETs,outliers,another_et_another_et010.png,nan;nan;nan;nan;nan;nan;nan;nan;nan,nan;nan;nan
ETs,outliers,another_et_another_et004.png,nan;nan;nan;nan;nan;nan;nan;nan;nan,nan;nan;nan
ETs,outliers,another_et_another_et007.png,nan;nan;nan;nan;nan;nan;nan;nan;nan,nan;nan;nan
ETs,outliers,another_et_another_et008.png,nan;nan;nan;nan;nan;nan;nan;nan;nan,nan;nan;nan
ETs,outliers,another_et_another_et003.png,nan;nan;nan;nan;nan;nan;nan;nan;nan,nan;nan;nan
ETs,outliers,another_et_another_et005.png,nan;nan;nan;nan;nan;nan;nan;nan;nan,nan;nan;nan
ETs,outliers,another_et_another_et001.png,nan;nan;nan;nan;nan;nan;nan;nan;nan,nan;nan;nan
ETs,outliers,another_et_another_et009.png,nan;nan;nan;nan;nan;nan;nan;nan;nan,nan;nan;nan
stairs,outliers,stairs_split_1_1710453963274.png,nan;nan;nan;nan;nan;nan;nan;nan;nan,nan;nan;nan
stairs,outliers,stairs_split_1_1710453947066.png,nan;nan;nan;nan;nan;nan;nan;nan;nan,nan;nan;nan
stairs,outliers,stairs_split_1_1710453985484.png,nan;nan;nan;nan;nan;nan;nan;nan;nan,nan;nan;nan
stairs,outliers,stairs_split_1_1710453930259.png,nan;nan;nan;nan;nan;nan;nan;nan;nan,nan;nan;nan
stairs,outliers,stairs_split_1_1710453901046.png,nan;nan;nan;nan;nan;nan;nan;nan;nan,nan;nan;nan
stairs,outliers,stairs_split_1_1710453693529.png,nan;nan;nan;nan;nan;nan;nan;nan;nan,nan;nan;nan
stairs,outliers,stairs_split_1_1710453689727.png,nan;nan;nan;nan;nan;nan;nan;nan;nan,nan;nan;nan
stairs,outliers,stairs_split_1_1710453704934.png,nan;nan;nan;nan;nan;nan;nan;nan;nan,nan;nan;nan
stairs,outliers,stairs_split_1_1710453675921.png,nan;nan;nan;nan;nan;nan;nan;nan;nan,nan;nan;nan
stairs,outliers,stairs_split_1_1710453606287.png,nan;nan;nan;nan;nan;nan;nan;nan;nan,nan;nan;nan
stairs,outliers,stairs_split_1_1710453990286.png,nan;nan;nan;nan;nan;nan;nan;nan;nan,nan;nan;nan
stairs,outliers,stairs_split_1_1710453663515.png,nan;nan;nan;nan;nan;nan;nan;nan;nan,nan;nan;nan
stairs,outliers,stairs_split_1_1710453912451.png,nan;nan;nan;nan;nan;nan;nan;nan;nan,nan;nan;nan
stairs,outliers,stairs_split_1_1710453668718.png,nan;nan;nan;nan;nan;nan;nan;nan;nan,nan;nan;nan
stairs,outliers,stairs_split_1_1710453601885.png,nan;nan;nan;nan;nan;nan;nan;nan;nan,nan;nan;nan
stairs,outliers,stairs_split_1_1710453955270.png,nan;nan;nan;nan;nan;nan;nan;nan;nan,nan;nan;nan
stairs,outliers,stairs_split_1_1710453616892.png,nan;nan;nan;nan;nan;nan;nan;nan;nan,nan;nan;nan
stairs,outliers,stairs_split_1_1710453678922.png,nan;nan;nan;nan;nan;nan;nan;nan;nan,nan;nan;nan
stairs,outliers,stairs_split_1_1710453626698.png,nan;nan;nan;nan;nan;nan;nan;nan;nan,nan;nan;nan
stairs,outliers,stairs_split_1_1710453683725.png,nan;nan;nan;nan;nan;nan;nan;nan;nan,nan;nan;nan
stairs,outliers,stairs_split_1_1710453576271.png,nan;nan;nan;nan;nan;nan;nan;nan;nan,nan;nan;nan
stairs,outliers,stairs_split_1_1710453643106.png,nan;nan;nan;nan;nan;nan;nan;nan;nan,nan;nan;nan
stairs,outliers,stairs_split_1_1710453697531.png,nan;nan;nan;nan;nan;nan;nan;nan;nan,nan;nan;nan
stairs,outliers,stairs_split_1_1710453651110.png,nan;nan;nan;nan;nan;nan;nan;nan;nan,nan;nan;nan
stairs,outliers,stairs_split_1_1710453612890.png,nan;nan;nan;nan;nan;nan;nan;nan;nan,nan;nan;nan
stairs,outliers,stairs_split_1_1710453659313.png,nan;nan;nan;nan;nan;nan;nan;nan;nan,nan;nan;nan
stairs,outliers,stairs_split_1_1710453620694.png,nan;nan;nan;nan;nan;nan;nan;nan;nan,nan;nan;nan
stairs,outliers,stairs_split_1_1710453667117.png,nan;nan;nan;nan;nan;nan;nan;nan;nan,nan;nan;nan
stairs,outliers,stairs_split_2_1710453862225.png,nan;nan;nan;nan;nan;nan;nan;nan;nan,nan;nan;nan
stairs,outliers,stairs_split_2_1710453871430.png,nan;nan;nan;nan;nan;nan;nan;nan;nan,nan;nan;nan
stairs,outliers,stairs_split_2_1710453801783.png,nan;nan;nan;nan;nan;nan;nan;nan;nan,nan;nan;nan
stairs,outliers,stairs_split_2_1710453798181.png,nan;nan;nan;nan;nan;nan;nan;nan;nan,nan;nan;nan
stairs,outliers,stairs_split_2_1710453793579.png,nan;nan;nan;nan;nan;nan;nan;nan;nan,nan;nan;nan
stairs,outliers,stairs_split_2_1710453786375.png,nan;nan;nan;nan;nan;nan;nan;nan;nan,nan;nan;nan
stairs,outliers,stairs_split_2_1710453783374.png,nan;nan;nan;nan;nan;nan;nan;nan;nan,nan;nan;nan
stairs,outliers,stairs_split_2_1710453790978.png,nan;nan;nan;nan;nan;nan;nan;nan;nan,nan;nan;nan
stairs,outliers,stairs_split_2_1710453779372.png,nan;nan;nan;nan;nan;nan;nan;nan;nan,nan;nan;nan
stairs,outliers,stairs_split_2_1710453720741.png,nan;nan;nan;nan;nan;nan;nan;nan;nan,nan;nan;nan
stairs,outliers,stairs_split_2_1710453728949.png,nan;nan;nan;nan;nan;nan;nan;nan;nan,nan;nan;nan
stairs,outliers,stairs_split_2_1710453740954.png,nan;nan;nan;nan;nan;nan;nan;nan;nan,nan;nan;nan
stairs,outliers,stairs_split_2_1710453753160.png,nan;nan;nan;nan;nan;nan;nan;nan;nan,nan;nan;nan
stairs,outliers,stairs_split_2_1710453739354.png,nan;nan;nan;nan;nan;nan;nan;nan;nan,nan;nan;nan
stairs,outliers,stairs_split_2_1710453745156.png,nan;nan;nan;nan;nan;nan;nan;nan;nan,nan;nan;nan
stairs,outliers,stairs_split_2_1710453756762.png,nan;nan;nan;nan;nan;nan;nan;nan;nan,nan;nan;nan
stairs,outliers,stairs_split_2_1710453725143.png,nan;nan;nan;nan;nan;nan;nan;nan;nan,nan;nan;nan
stairs,outliers,stairs_split_2_1710453736752.png,nan;nan;nan;nan;nan;nan;nan;nan;nan,nan;nan;nan
stairs,outliers,stairs_split_2_1710453733751.png,nan;nan;nan;nan;nan;nan;nan;nan;nan,nan;nan;nan
stairs,outliers,stairs_split_2_1710453759963.png,nan;nan;nan;nan;nan;nan;nan;nan;nan,nan;nan;nan
stairs,outliers,stairs_split_2_1710453805788.png,nan;nan;nan;nan;nan;nan;nan;nan;nan,nan;nan;nan
stairs,outliers,stairs_split_2_1710453765165.png,nan;nan;nan;nan;nan;nan;nan;nan;nan,nan;nan;nan
stairs,outliers,stairs_split_2_1710453774370.png,nan;nan;nan;nan;nan;nan;nan;nan;nan,nan;nan;nan
