dataset,scene,image,rotation_matrix,translation_vector
imc2023_haiper,cluster0,fountain_image_116.png,-0.342820089;0.373546315;-0.861938245;-0.797532415;0.369118716;0.477172317;0.496403499;0.851007946;0.171373984,0.496924135;-0.800544794;2.056559154
imc2023_haiper,cluster0,fountain_image_108.png,0.504242308;0.416958660;-0.756230898;-0.764822633;0.622250715;-0.166884355;0.400981340;0.662532659;0.632664556,0.518097349;-0.571607878;1.762834554
imc2023_haiper,cluster0,fountain_image_101.png,0.852969378;0.336281305;-0.399196848;-0.489573460;0.780649970;-0.388462934;0.181000185;0.526783170;0.830504922,0.072653026;-0.765904559;1.859634730
imc2023_haiper,cluster0,fountain_image_082.png,0.022483373;-0.453181260;0.891134806;0.304242821;0.852184374;0.425697191;-0.952329147;0.261550259;0.157037124,-0.092095019;-1.459370407;4.182653605
imc2023_haiper,cluster0,fountain_image_071.png,-0.704377280;-0.415663390;0.575392556;0.175232161;0.683696454;0.708415732;-0.687856335;0.599819227;-0.408742654,-0.024017661;-1.695523703;4.105540016
imc2023_haiper,cluster0,fountain_image_025.png,0.618459881;0.363184033;-0.696853452;-0.421511908;0.901740562;0.095873199;0.663200639;0.234438301;0.710776755,-0.228436606;-1.541271743;3.413920750
imc2023_haiper,cluster0,fountain_image_000.png,0.598305404;-0.270610859;0.754188575;0.206780648;0.961507171;0.180957795;-0.774126868;0.047683575;0.631232025,-0.595021603;-1.822179832;5.230918317
imc2023_haiper,cluster0,fountain_image_007.png,0.914700679;-0.152769671;0.374144484;0.169629141;0.985430740;-0.012337374;-0.366808700;0.074750812;0.927288355,-0.660513071;-2.160402286;3.972577150
imc2023_haiper,cluster0,fountain_image_012.png,0.994328389;0.006320380;0.106165476;-0.003009526;0.999504969;-0.031317092;-0.106310857;0.030819966;0.993855186,-0.447003697;-1.660412255;3.365404252
imc2023_haiper,cluster0,fountain_image_033.png,0.165045408;0.419822755;-0.892473455;-0.508646474;0.811496521;0.287666753;0.845008153;0.406475399;0.347475138,0.329798231;-1.497439760;3.687482588
imc2023_haiper,cluster0,fountain_image_173.png,-0.560312671;0.254139314;-0.788329195;-0.187663033;0.888062985;0.419674541;0.806741778;0.383089211;-0.449900388,0.491290793;-2.078567657;3.885720234
imc2023_haiper,cluster0,fountain_image_056.png,-0.965916166;-0.042056818;-0.255415709;-0.226133891;0.617288845;0.753536957;0.125973902;0.785611676;-0.605759746,0.339446173;-1.665120688;4.106860816
imc2023_haiper,cluster0,fountain_image_186.png,-0.981283015;-0.190143147;-0.030483252;-0.178589661;0.839348017;0.513420529;-0.072037338;0.509254839;-0.857595552,-0.021399583;-2.177143811;3.993501855
imc2023_haiper,cluster0,fountain_image_199.png,-0.563426026;-0.469478334;0.679809685;-0.084814231;0.851369716;0.517664132;-0.821801472;0.234007909;-0.519502299,-0.249019059;-2.152781117;4.208301779
imc2023_haiper,cluster0,fountain_image_230.png,-0.984161091;-0.170651880;-0.048009192;-0.066803618;0.106154442;0.992103075;-0.164207865;0.979596432;-0.115873234,-0.014530011;-1.160722101;2.051457919
imc2023_haiper,cluster0,fountain_image_214.png,0.605916518;-0.357362897;0.710743929;-0.000499811;0.893252704;0.449554621;-0.795528078;-0.272747809;0.541057954,-0.096587293;-2.067553805;3.781977274
imc2023_haiper,cluster0,fountain_image_041.png,-0.407227618;0.364854164;-0.837285558;-0.465231033;0.706029554;0.533931039;0.785955312;0.606962691;-0.117773254,0.305699667;-1.576325385;3.909090081
imc2023_haiper,cluster0,fountain_image_166.png,-0.129456764;0.383098216;-0.914591003;-0.246987671;0.880823743;0.403914130;0.960332253;0.278182118;-0.019408055,-0.067429983;-2.506229413;3.421785048
imc2023_haiper,cluster0,fountain_image_163.png,0.420937646;0.434152946;-0.796443795;-0.187043220;0.900695452;0.392125664;0.887595816;-0.016091042;0.460341988,0.348597041;-2.448426670;3.631861230
imc2023_haiper,cluster0,fountain_image_155.png,0.861564741;0.260530003;-0.435695208;-0.160932283;0.954166851;0.252322058;0.481463391;-0.147274364;0.864004204,0.044123696;-2.747502268;3.181650953
imc2023_haiper,cluster0,fountain_image_143.png,0.932991597;-0.079880894;0.350921248;0.238628759;0.867211899;-0.437035281;-0.269412313;0.491490147;0.828163294,-0.162030249;-0.368423086;2.492888305
imc2023_haiper,cluster0,fountain_image_136.png,0.229513668;-0.424866467;0.875678001;0.729902358;0.670305123;0.133916351;-0.643868017;0.608423805;0.463955224,-0.118506566;-1.488049468;2.890080679
imc2023_haiper,cluster0,fountain_image_129.png,-0.512480124;-0.470156590;0.718551949;0.579858333;0.427710309;0.693417771;-0.633347011;0.772021161;0.053431184,0.140917461;-1.891790221;3.267719909
imc2023_haiper,cluster1,bike_image_119.png,0.346362666;0.281834039;-0.894763923;-0.096877677;0.959450130;0.264707694;0.933085001;-0.005002213;0.359621132,-1.383490980;-2.321826310;3.700695573
imc2023_haiper,cluster1,bike_image_115.png,0.864232743;-0.136578090;-0.484198504;0.203324135;0.975163009;0.087843049;0.460175035;-0.174366081;0.870537424,0.415631083;-2.320904692;3.945126594
imc2023_haiper,cluster1,bike_image_038.png,-0.591943256;-0.190220806;0.783210844;0.571876591;0.585629231;0.574452408;-0.567943965;0.787943176;-0.237876448,0.434132225;-0.468549381;0.497290766
imc2023_haiper,cluster1,bike_image_049.png,-0.927580805;0.112843627;0.356174346;0.330623805;0.691915422;0.641826260;-0.174016520;0.713105437;-0.679116254,-0.043460015;-1.085448266;0.514147612
imc2023_haiper,cluster1,bike_image_139.png,0.669190519;0.143973321;-0.729010104;-0.426200674;0.878011207;-0.217828614;0.608717533;0.456473441;0.648918302,-0.072726229;-2.387102615;2.735182392
imc2023_haiper,cluster1,bike_image_029.png,-0.382979181;-0.197475362;0.902402586;0.302652631;0.896140747;0.324550683;-0.872770492;0.397410672;-0.283436812,0.708892805;-1.913732884;1.808926920
imc2023_haiper,cluster1,bike_image_150.png,0.997609994;-0.068823985;-0.006128480;0.068765055;0.997589000;-0.009357054;0.006757694;0.008913265;0.999937442,0.779610095;-2.197917810;3.280433033
imc2023_haiper,cluster1,bike_image_137.png,0.235800359;0.227370588;-0.944828453;-0.323018016;0.935302041;0.144462639;0.916546536;0.271132270;0.293989353,-0.834467341;-0.995713751;2.865589729
imc2023_haiper,cluster1,bike_image_004.png,0.164297012;-0.314041084;0.935085391;0.653581773;0.744672156;0.135256224;-0.738808065;0.588932575;0.327598939,1.492600061;-1.420008895;1.605756551
imc2023_haiper,cluster1,bike_image_128.png,-0.820801385;0.440155621;-0.364071581;0.030625984;0.670358912;0.741404733;0.570392089;0.597395981;-0.563711723,-2.006495441;-1.358404816;2.141235865
imc2023_haiper,cluster1,bike_image_062.png,-0.282146768;0.433648951;-0.855769705;-0.307021698;0.804285684;0.508785039;0.908917421;0.406291922;-0.093786969,-1.351394152;-1.385156770;2.427947542
imc2023_haiper,cluster1,bike_image_076.png,0.980171257;-0.039276889;-0.194220579;-0.002666028;0.977455698;-0.211123778;0.198134297;0.207455257;0.957969267,0.990453550;-2.229464621;2.949113581
imc2023_haiper,cluster1,bike_image_088.png,0.691036087;-0.321953720;0.647159121;0.390688382;0.919639001;0.040332317;-0.608137908;0.224966463;0.761287315,1.162855136;-1.844687126;2.419836705
imc2023_haiper,cluster1,bike_image_094.png,0.588903323;-0.376812249;0.714986297;0.336516668;0.918650451;0.206973140;-0.734812499;0.118717637;0.667799906,1.316567107;-2.289138019;3.371045339
imc2023_haiper,cluster1,bike_image_101.png,0.888266127;-0.228651132;0.398374131;0.398206685;0.815618213;-0.419759892;-0.228942623;0.531493736;0.815536440,1.049112864;-1.647727661;1.822924996
imc2023_haiper,cluster1,chairs_image_122.png,-0.797250713;-0.096102509;0.595949334;0.481045358;0.495264885;0.723400344;-0.364673366;0.863410101;-0.348620617,-1.124349378;-2.272851826;3.941238270
imc2023_haiper,cluster1,chairs_image_115.png,-0.971442212;0.206644885;-0.116610121;0.008643989;0.521947750;0.852933660;0.237118768;0.827567784;-0.508828313,0.264807007;-2.076953729;3.659266801
imc2023_haiper,cluster1,chairs_image_103.png,-0.966888322;0.247875054;0.060703622;0.244187642;0.829490403;0.502312718;0.074157720;0.500503376;-0.862552609,0.946635479;-1.705710903;4.513861615
imc2023_haiper,cluster1,chairs_image_094.png,-0.384886408;-0.125349044;0.914412418;0.422963196;0.856625375;0.295457445;-0.820344189;0.500480354;-0.276685431,-1.373508127;-2.567018450;6.290773835
imc2023_haiper,cluster1,chairs_image_051.png,-0.601157427;0.407500191;-0.687425154;-0.216239381;0.745175038;0.630836503;0.769318060;0.527880438;-0.359849920,2.009158261;-2.086747122;3.573979238
imc2023_haiper,cluster1,chairs_image_131.png,0.122951001;-0.415075104;0.901440907;0.766433259;0.616747919;0.179449334;-0.630446755;0.668830817;0.393957139,-3.147416756;-1.708697257;3.414830306
imc2023_haiper,cluster1,chairs_image_004.png,0.879249526;0.055866723;-0.473074181;-0.054662322;0.998371747;0.016305978;0.473214858;0.011522309;0.880871690,0.028520405;-0.909162644;1.952497719
imc2023_haiper,cluster1,chairs_image_160.png,-0.414074496;0.337127080;-0.845510286;-0.015184783;0.926196498;0.376735277;0.910116330;0.168835360;-0.378395146,1.734218245;0.635987352;4.175001739
imc2023_haiper,cluster1,chairs_image_035.png,-0.818019606;-0.015114429;0.574991720;0.442116005;0.622934931;0.645356885;-0.367936628;0.782127627;-0.502890656,0.199338608;-2.985490671;4.920827648
imc2023_haiper,cluster1,chairs_image_045.png,-0.888104884;0.274238748;-0.368866947;-0.047546796;0.743393852;0.667161811;0.457175040;0.610048104;-0.647172537,2.299736763;-2.026722256;4.925882558
imc2023_haiper,cluster1,chairs_image_155.png,0.160055014;0.299071042;-0.940711913;-0.245342324;0.935145515;0.255558233;0.956132593;0.189893071;0.223049514,1.068734381;0.160585345;2.804528442
imc2023_haiper,cluster1,chairs_image_152.png,0.567206391;0.094503180;-0.818135722;-0.051991892;0.995522033;0.078947615;0.821932937;-0.002243168;0.569579858,0.707732372;0.856436913;1.381996500
imc2023_haiper,cluster1,chairs_image_020.png,0.398850585;-0.404115760;0.823169888;0.561412293;0.817380024;0.129252211;-0.725075478;0.410585374;0.552888056,-1.622546366;-1.814245237;3.242514962
imc2023_haiper,cluster1,chairs_image_144.png,0.993467587;-0.083247472;-0.078051342;0.078389507;0.994906755;-0.063369038;0.082929119;0.056836679;0.994933341,-1.316082082;0.492735599;1.192728136
imc2023_haiper,cluster1,chairs_image_141.png,0.859513534;-0.313931367;0.403340528;0.308787319;0.947788615;0.079668899;-0.407292127;0.056069944;0.911575167,-1.527073976;0.170578707;2.647515910
imc2023_haiper,cluster1,chairs_image_073.png,0.962795611;-0.269756755;-0.015997021;0.267342088;0.942201204;0.201953212;-0.039405830;-0.198716343;0.979264518,-0.880826150;-1.566405260;2.641199331
imc2023_heritage,outliers,outliers_dsc_4115_thumb.png,nan;nan;nan;nan;nan;nan;nan;nan;nan,nan;nan;nan
imc2023_heritage,outliers,outliers_dsc_4120_thumb.png,nan;nan;nan;nan;nan;nan;nan;nan;nan,nan;nan;nan
imc2023_heritage,outliers,outliers_dsc_4122_thumb.png,nan;nan;nan;nan;nan;nan;nan;nan;nan,nan;nan;nan
imc2023_heritage,outliers,outliers_dsc_4125_thumb.png,nan;nan;nan;nan;nan;nan;nan;nan;nan,nan;nan;nan
imc2023_heritage,outliers,outliers_dsc_4127_thumb.png,nan;nan;nan;nan;nan;nan;nan;nan;nan,nan;nan;nan
imc2023_heritage,outliers,outliers_dsc_4128_thumb.png,nan;nan;nan;nan;nan;nan;nan;nan;nan,nan;nan;nan
imc2023_heritage,outliers,outliers_dsc_4129_thumb.png,nan;nan;nan;nan;nan;nan;nan;nan;nan,nan;nan;nan
imc2023_heritage,outliers,outliers_dsc_4165_thumb.png,nan;nan;nan;nan;nan;nan;nan;nan;nan,nan;nan;nan
imc2023_heritage,outliers,outliers_dsc_4167_thumb.png,nan;nan;nan;nan;nan;nan;nan;nan;nan,nan;nan;nan
imc2023_heritage,outliers,outliers_dsc_4176_thumb.png,nan;nan;nan;nan;nan;nan;nan;nan;nan,nan;nan;nan
imc2023_heritage,outliers,outliers_dsc_4177_thumb.png,nan;nan;nan;nan;nan;nan;nan;nan;nan,nan;nan;nan
imc2023_heritage,outliers,outliers_dsc_4178_thumb.png,nan;nan;nan;nan;nan;nan;nan;nan;nan,nan;nan;nan
imc2023_heritage,outliers,outliers_dsc_4473_thumb.png,nan;nan;nan;nan;nan;nan;nan;nan;nan,nan;nan;nan
imc2023_heritage,outliers,outliers_dsc_4474_thumb.png,nan;nan;nan;nan;nan;nan;nan;nan;nan,nan;nan;nan
imc2023_heritage,outliers,outliers_img_3222.png,nan;nan;nan;nan;nan;nan;nan;nan;nan,nan;nan;nan
imc2023_heritage,outliers,outliers_img_3225.png,nan;nan;nan;nan;nan;nan;nan;nan;nan,nan;nan;nan
imc2023_heritage,outliers,outliers_img_3229.png,nan;nan;nan;nan;nan;nan;nan;nan;nan,nan;nan;nan
imc2023_heritage,outliers,outliers_img_3233.png,nan;nan;nan;nan;nan;nan;nan;nan;nan,nan;nan;nan
imc2023_heritage,outliers,outliers_img_3237.png,nan;nan;nan;nan;nan;nan;nan;nan;nan,nan;nan;nan
imc2023_heritage,outliers,outliers_img_3240.png,nan;nan;nan;nan;nan;nan;nan;nan;nan,nan;nan;nan
imc2023_heritage,outliers,outliers_img_3249.png,nan;nan;nan;nan;nan;nan;nan;nan;nan,nan;nan;nan
imc2023_heritage,outliers,outliers_img_3250.png,nan;nan;nan;nan;nan;nan;nan;nan;nan,nan;nan;nan
imc2023_heritage,outliers,outliers_img_3251.png,nan;nan;nan;nan;nan;nan;nan;nan;nan,nan;nan;nan
imc2023_heritage,outliers,outliers_img_3253.png,nan;nan;nan;nan;nan;nan;nan;nan;nan,nan;nan;nan
imc2023_heritage,outliers,outliers_img_3254.png,nan;nan;nan;nan;nan;nan;nan;nan;nan,nan;nan;nan
imc2023_heritage,outliers,outliers_img_3255.png,nan;nan;nan;nan;nan;nan;nan;nan;nan,nan;nan;nan
imc2023_heritage,outliers,outliers_img_3261.png,nan;nan;nan;nan;nan;nan;nan;nan;nan,nan;nan;nan
imc2023_heritage,outliers,outliers_img_3262.png,nan;nan;nan;nan;nan;nan;nan;nan;nan,nan;nan;nan
imc2023_heritage,outliers,outliers_img_8367.png,nan;nan;nan;nan;nan;nan;nan;nan;nan,nan;nan;nan
imc2023_heritage,outliers,outliers_img_8368.png,nan;nan;nan;nan;nan;nan;nan;nan;nan,nan;nan;nan
imc2023_heritage,outliers,outliers_img_8372.png,nan;nan;nan;nan;nan;nan;nan;nan;nan,nan;nan;nan
imc2023_heritage,outliers,outliers_img_8375.png,nan;nan;nan;nan;nan;nan;nan;nan;nan,nan;nan;nan
imc2023_heritage,outliers,outliers_img_8599.png,nan;nan;nan;nan;nan;nan;nan;nan;nan,nan;nan;nan
imc2023_heritage,outliers,outliers_img_8600.png,nan;nan;nan;nan;nan;nan;nan;nan;nan,nan;nan;nan
imc2023_heritage,outliers,outliers_img_8630_thumb.png,nan;nan;nan;nan;nan;nan;nan;nan;nan,nan;nan;nan
imc2023_heritage,outliers,outliers_img_8632.png,nan;nan;nan;nan;nan;nan;nan;nan;nan,nan;nan;nan
imc2023_heritage,outliers,outliers_img_8634.png,nan;nan;nan;nan;nan;nan;nan;nan;nan,nan;nan;nan
imc2023_heritage,outliers,outliers_img_8641.png,nan;nan;nan;nan;nan;nan;nan;nan;nan,nan;nan;nan
imc2023_heritage,outliers,outliers_img_8648.png,nan;nan;nan;nan;nan;nan;nan;nan;nan,nan;nan;nan
imc2023_heritage,outliers,outliers_img_8656_thumb.png,nan;nan;nan;nan;nan;nan;nan;nan;nan,nan;nan;nan
imc2023_heritage,outliers,outliers_img_8662.png,nan;nan;nan;nan;nan;nan;nan;nan;nan,nan;nan;nan
imc2023_heritage,outliers,outliers_img_8665_thumb.png,nan;nan;nan;nan;nan;nan;nan;nan;nan,nan;nan;nan
imc2023_heritage,outliers,outliers_img_8838_thumb.png,nan;nan;nan;nan;nan;nan;nan;nan;nan,nan;nan;nan
imc2023_heritage,outliers,outliers_img_8849_thumb.png,nan;nan;nan;nan;nan;nan;nan;nan;nan,nan;nan;nan
imc2023_heritage,outliers,outliers_img_8871.png,nan;nan;nan;nan;nan;nan;nan;nan;nan,nan;nan;nan
imc2023_heritage,outliers,outliers_img_8890.png,nan;nan;nan;nan;nan;nan;nan;nan;nan,nan;nan;nan
imc2023_heritage,outliers,outliers_img_8894.png,nan;nan;nan;nan;nan;nan;nan;nan;nan,nan;nan;nan
imc2023_heritage,outliers,outliers_img_8904.png,nan;nan;nan;nan;nan;nan;nan;nan;nan,nan;nan;nan
imc2023_heritage,outliers,outliers_img_8916.png,nan;nan;nan;nan;nan;nan;nan;nan;nan,nan;nan;nan
imc2023_heritage,outliers,outliers_img_8948_thumb.png,nan;nan;nan;nan;nan;nan;nan;nan;nan,nan;nan;nan
imc2023_heritage,outliers,outliers_img_8978_thumb.png,nan;nan;nan;nan;nan;nan;nan;nan;nan,nan;nan;nan
imc2023_heritage,outliers,outliers_img_9065.png,nan;nan;nan;nan;nan;nan;nan;nan;nan,nan;nan;nan
imc2023_heritage,outliers,outliers_img_9068.png,nan;nan;nan;nan;nan;nan;nan;nan;nan,nan;nan;nan
imc2023_heritage,outliers,outliers_img_9070.png,nan;nan;nan;nan;nan;nan;nan;nan;nan,nan;nan;nan
imc2023_heritage,outliers,outliers_img_9072.png,nan;nan;nan;nan;nan;nan;nan;nan;nan,nan;nan;nan
imc2023_heritage,outliers,outliers_img_9075.png,nan;nan;nan;nan;nan;nan;nan;nan;nan,nan;nan;nan
imc2023_heritage,outliers,outliers_img_9076.png,nan;nan;nan;nan;nan;nan;nan;nan;nan,nan;nan;nan
imc2023_heritage,outliers,outliers_img_9078.png,nan;nan;nan;nan;nan;nan;nan;nan;nan,nan;nan;nan
imc2023_heritage,outliers,outliers_img_9078_thumb.png,nan;nan;nan;nan;nan;nan;nan;nan;nan,nan;nan;nan
imc2023_heritage,outliers,outliers_img_9084.png,nan;nan;nan;nan;nan;nan;nan;nan;nan,nan;nan;nan
imc2023_heritage,outliers,outliers_img_9085.png,nan;nan;nan;nan;nan;nan;nan;nan;nan,nan;nan;nan
imc2023_heritage,outliers,dioscuri_archive_0069.png,nan;nan;nan;nan;nan;nan;nan;nan;nan,nan;nan;nan
imc2023_heritage,outliers,dioscuri_img_0055.png,nan;nan;nan;nan;nan;nan;nan;nan;nan,nan;nan;nan
imc2023_heritage,outliers,dioscuri_3dom_fbk_img_1541.png,nan;nan;nan;nan;nan;nan;nan;nan;nan,nan;nan;nan
imc2023_heritage,outliers,dioscuri_img_0258.png,nan;nan;nan;nan;nan;nan;nan;nan;nan,nan;nan;nan
imc2023_heritage,outliers,dioscuri_archive_0171.png,nan;nan;nan;nan;nan;nan;nan;nan;nan,nan;nan;nan
imc2023_heritage,outliers,dioscuri_img_0163.png,nan;nan;nan;nan;nan;nan;nan;nan;nan,nan;nan;nan
imc2023_heritage,outliers,dioscuri_3dom_fbk_img_1563.png,nan;nan;nan;nan;nan;nan;nan;nan;nan,nan;nan;nan
imc2023_heritage,outliers,dioscuri_img_0161.png,nan;nan;nan;nan;nan;nan;nan;nan;nan,nan;nan;nan
imc2023_heritage,outliers,dioscuri_img_0188.png,nan;nan;nan;nan;nan;nan;nan;nan;nan,nan;nan;nan
imc2023_heritage,outliers,dioscuri_img_0314.png,nan;nan;nan;nan;nan;nan;nan;nan;nan,nan;nan;nan
imc2023_heritage,outliers,dioscuri_img_0460.png,nan;nan;nan;nan;nan;nan;nan;nan;nan,nan;nan;nan
imc2023_heritage,outliers,dioscuri_img_0364.png,nan;nan;nan;nan;nan;nan;nan;nan;nan,nan;nan;nan
imc2023_heritage,outliers,dioscuri_3dom_fbk_img_1516.png,nan;nan;nan;nan;nan;nan;nan;nan;nan,nan;nan;nan
imc2023_heritage,outliers,dioscuri_3dom_fbk_img_1561.png,nan;nan;nan;nan;nan;nan;nan;nan;nan,nan;nan;nan
imc2023_heritage,outliers,dioscuri_img_0187.png,nan;nan;nan;nan;nan;nan;nan;nan;nan,nan;nan;nan
imc2023_heritage,outliers,dioscuri_img_0348.png,nan;nan;nan;nan;nan;nan;nan;nan;nan,nan;nan;nan
imc2023_heritage,outliers,dioscuri_archive_0036.png,nan;nan;nan;nan;nan;nan;nan;nan;nan,nan;nan;nan
imc2023_heritage,outliers,dioscuri_img_0238.png,nan;nan;nan;nan;nan;nan;nan;nan;nan,nan;nan;nan
imc2023_heritage,outliers,dioscuri_img_0369.png,nan;nan;nan;nan;nan;nan;nan;nan;nan,nan;nan;nan
imc2023_heritage,outliers,dioscuri_img_0276.png,nan;nan;nan;nan;nan;nan;nan;nan;nan,nan;nan;nan
imc2023_heritage,outliers,dioscuri_3dom_fbk_img_1566.png,nan;nan;nan;nan;nan;nan;nan;nan;nan,nan;nan;nan
imc2023_heritage,outliers,dioscuri_archive_0070.png,nan;nan;nan;nan;nan;nan;nan;nan;nan,nan;nan;nan
imc2023_heritage,outliers,dioscuri_img_0068.png,nan;nan;nan;nan;nan;nan;nan;nan;nan,nan;nan;nan
imc2023_heritage,outliers,dioscuri_archive_0022.png,nan;nan;nan;nan;nan;nan;nan;nan;nan,nan;nan;nan
imc2023_heritage,outliers,dioscuri_archive_0230.png,nan;nan;nan;nan;nan;nan;nan;nan;nan,nan;nan;nan
imc2023_heritage,outliers,dioscuri_img_0354.png,nan;nan;nan;nan;nan;nan;nan;nan;nan,nan;nan;nan
imc2023_heritage,outliers,dioscuri_img_0246.png,nan;nan;nan;nan;nan;nan;nan;nan;nan,nan;nan;nan
imc2023_heritage,outliers,dioscuri_archive_0004.png,nan;nan;nan;nan;nan;nan;nan;nan;nan,nan;nan;nan
imc2023_heritage,outliers,dioscuri_archive_0034.png,nan;nan;nan;nan;nan;nan;nan;nan;nan,nan;nan;nan
imc2023_heritage,outliers,dioscuri_img_0115.png,nan;nan;nan;nan;nan;nan;nan;nan;nan,nan;nan;nan
imc2023_heritage,outliers,dioscuri_archive_0068.png,nan;nan;nan;nan;nan;nan;nan;nan;nan,nan;nan;nan
imc2023_heritage,outliers,dioscuri_3dom_fbk_img_1548.png,nan;nan;nan;nan;nan;nan;nan;nan;nan,nan;nan;nan
imc2023_heritage,outliers,dioscuri_archive_0092.png,nan;nan;nan;nan;nan;nan;nan;nan;nan,nan;nan;nan
imc2023_heritage,outliers,dioscuri_img_0418.png,nan;nan;nan;nan;nan;nan;nan;nan;nan,nan;nan;nan
imc2023_heritage,outliers,dioscuri_img_0079.png,nan;nan;nan;nan;nan;nan;nan;nan;nan,nan;nan;nan
imc2023_heritage,outliers,dioscuri_img_0095.png,nan;nan;nan;nan;nan;nan;nan;nan;nan,nan;nan;nan
imc2023_heritage,outliers,dioscuri_archive_0003.png,nan;nan;nan;nan;nan;nan;nan;nan;nan,nan;nan;nan
imc2023_heritage,outliers,dioscuri_3dom_fbk_img_1580.png,nan;nan;nan;nan;nan;nan;nan;nan;nan,nan;nan;nan
imc2023_heritage,outliers,dioscuri_img_0181.png,nan;nan;nan;nan;nan;nan;nan;nan;nan,nan;nan;nan
imc2023_heritage,outliers,dioscuri_archive_0095.png,nan;nan;nan;nan;nan;nan;nan;nan;nan,nan;nan;nan
imc2023_heritage,outliers,dioscuri_archive_0033.png,nan;nan;nan;nan;nan;nan;nan;nan;nan,nan;nan;nan
imc2023_heritage,outliers,dioscuri_archive_0010.png,nan;nan;nan;nan;nan;nan;nan;nan;nan,nan;nan;nan
imc2023_heritage,outliers,dioscuri_img_0424.png,nan;nan;nan;nan;nan;nan;nan;nan;nan,nan;nan;nan
imc2023_heritage,outliers,dioscuri_img_0092.png,nan;nan;nan;nan;nan;nan;nan;nan;nan,nan;nan;nan
imc2023_heritage,outliers,dioscuri_archive_0160.png,nan;nan;nan;nan;nan;nan;nan;nan;nan,nan;nan;nan
imc2023_heritage,outliers,dioscuri_img_0339.png,nan;nan;nan;nan;nan;nan;nan;nan;nan,nan;nan;nan
imc2023_heritage,outliers,dioscuri_img_0132.png,nan;nan;nan;nan;nan;nan;nan;nan;nan,nan;nan;nan
imc2023_heritage,outliers,dioscuri_archive_0028.png,nan;nan;nan;nan;nan;nan;nan;nan;nan,nan;nan;nan
imc2023_heritage,outliers,dioscuri_img_0200.png,nan;nan;nan;nan;nan;nan;nan;nan;nan,nan;nan;nan
imc2023_heritage,outliers,dioscuri_3dom_fbk_img_1520.png,nan;nan;nan;nan;nan;nan;nan;nan;nan,nan;nan;nan
imc2023_heritage,outliers,dioscuri_img_0370.png,nan;nan;nan;nan;nan;nan;nan;nan;nan,nan;nan;nan
imc2023_heritage,outliers,dioscuri_img_0112.png,nan;nan;nan;nan;nan;nan;nan;nan;nan,nan;nan;nan
imc2023_heritage,outliers,dioscuri_img_0444.png,nan;nan;nan;nan;nan;nan;nan;nan;nan,nan;nan;nan
imc2023_heritage,outliers,dioscuri_img_0105.png,nan;nan;nan;nan;nan;nan;nan;nan;nan,nan;nan;nan
imc2023_heritage,outliers,dioscuri_img_0283.png,nan;nan;nan;nan;nan;nan;nan;nan;nan,nan;nan;nan
imc2023_heritage,outliers,dioscuri_archive_0026.png,nan;nan;nan;nan;nan;nan;nan;nan;nan,nan;nan;nan
imc2023_heritage,outliers,dioscuri_archive_0015.png,nan;nan;nan;nan;nan;nan;nan;nan;nan,nan;nan;nan
imc2023_heritage,outliers,dioscuri_img_0359.png,nan;nan;nan;nan;nan;nan;nan;nan;nan,nan;nan;nan
imc2023_heritage,outliers,dioscuri_archive_0116.png,nan;nan;nan;nan;nan;nan;nan;nan;nan,nan;nan;nan
imc2023_heritage,outliers,dioscuri_img_0277.png,nan;nan;nan;nan;nan;nan;nan;nan;nan,nan;nan;nan
imc2023_heritage,outliers,dioscuri_img_0376.png,nan;nan;nan;nan;nan;nan;nan;nan;nan,nan;nan;nan
imc2023_heritage,outliers,dioscuri_img_0412.png,nan;nan;nan;nan;nan;nan;nan;nan;nan,nan;nan;nan
imc2023_heritage,outliers,dioscuri_img_0230.png,nan;nan;nan;nan;nan;nan;nan;nan;nan,nan;nan;nan
imc2023_heritage,outliers,dioscuri_img_0266.png,nan;nan;nan;nan;nan;nan;nan;nan;nan,nan;nan;nan
imc2023_heritage,outliers,dioscuri_img_0237.png,nan;nan;nan;nan;nan;nan;nan;nan;nan,nan;nan;nan
imc2023_heritage,outliers,dioscuri_3dom_fbk_img_1524.png,nan;nan;nan;nan;nan;nan;nan;nan;nan,nan;nan;nan
imc2023_heritage,outliers,dioscuri_img_0081.png,nan;nan;nan;nan;nan;nan;nan;nan;nan,nan;nan;nan
imc2023_heritage,outliers,dioscuri_img_0209.png,nan;nan;nan;nan;nan;nan;nan;nan;nan,nan;nan;nan
imc2023_heritage,outliers,dioscuri_img_0401.png,nan;nan;nan;nan;nan;nan;nan;nan;nan,nan;nan;nan
imc2023_heritage,outliers,dioscuri_img_0213.png,nan;nan;nan;nan;nan;nan;nan;nan;nan,nan;nan;nan
imc2023_heritage,outliers,dioscuri_img_0338.png,nan;nan;nan;nan;nan;nan;nan;nan;nan,nan;nan;nan
imc2023_heritage,outliers,dioscuri_img_0216.png,nan;nan;nan;nan;nan;nan;nan;nan;nan,nan;nan;nan
imc2023_heritage,outliers,dioscuri_archive_0071.png,nan;nan;nan;nan;nan;nan;nan;nan;nan,nan;nan;nan
imc2023_heritage,outliers,dioscuri_archive_0072.png,nan;nan;nan;nan;nan;nan;nan;nan;nan,nan;nan;nan
imc2023_heritage,outliers,dioscuri_img_0227.png,nan;nan;nan;nan;nan;nan;nan;nan;nan,nan;nan;nan
imc2023_heritage,outliers,cyprus_dsc_6585.png,nan;nan;nan;nan;nan;nan;nan;nan;nan,nan;nan;nan
imc2023_heritage,outliers,cyprus_dsc_6577.png,nan;nan;nan;nan;nan;nan;nan;nan;nan,nan;nan;nan
imc2023_heritage,outliers,cyprus_dsc_6573.png,nan;nan;nan;nan;nan;nan;nan;nan;nan,nan;nan;nan
imc2023_heritage,outliers,cyprus_dsc_6569.png,nan;nan;nan;nan;nan;nan;nan;nan;nan,nan;nan;nan
imc2023_heritage,outliers,cyprus_dsc_6565.png,nan;nan;nan;nan;nan;nan;nan;nan;nan,nan;nan;nan
imc2023_heritage,outliers,cyprus_dsc_6557.png,nan;nan;nan;nan;nan;nan;nan;nan;nan,nan;nan;nan
imc2023_heritage,outliers,cyprus_dsc_6548.png,nan;nan;nan;nan;nan;nan;nan;nan;nan,nan;nan;nan
imc2023_heritage,outliers,cyprus_dsc_6540.png,nan;nan;nan;nan;nan;nan;nan;nan;nan,nan;nan;nan
imc2023_heritage,outliers,cyprus_dsc_6589.png,nan;nan;nan;nan;nan;nan;nan;nan;nan,nan;nan;nan
imc2023_heritage,outliers,cyprus_dsc_6593.png,nan;nan;nan;nan;nan;nan;nan;nan;nan,nan;nan;nan
imc2023_heritage,outliers,cyprus_dsc_6597.png,nan;nan;nan;nan;nan;nan;nan;nan;nan,nan;nan;nan
imc2023_heritage,outliers,cyprus_dsc_6601.png,nan;nan;nan;nan;nan;nan;nan;nan;nan,nan;nan;nan
imc2023_heritage,outliers,cyprus_dsc_6605.png,nan;nan;nan;nan;nan;nan;nan;nan;nan,nan;nan;nan
imc2023_heritage,outliers,cyprus_dsc_6480.png,nan;nan;nan;nan;nan;nan;nan;nan;nan,nan;nan;nan
imc2023_heritage,outliers,cyprus_dsc_6625.png,nan;nan;nan;nan;nan;nan;nan;nan;nan,nan;nan;nan
imc2023_heritage,outliers,cyprus_dsc_6500.png,nan;nan;nan;nan;nan;nan;nan;nan;nan,nan;nan;nan
imc2023_heritage,outliers,cyprus_dsc_6629.png,nan;nan;nan;nan;nan;nan;nan;nan;nan,nan;nan;nan
imc2023_heritage,outliers,cyprus_dsc_6512.png,nan;nan;nan;nan;nan;nan;nan;nan;nan,nan;nan;nan
imc2023_heritage,outliers,cyprus_dsc_6633.png,nan;nan;nan;nan;nan;nan;nan;nan;nan,nan;nan;nan
imc2023_heritage,outliers,cyprus_dsc_6508.png,nan;nan;nan;nan;nan;nan;nan;nan;nan,nan;nan;nan
imc2023_heritage,outliers,cyprus_dsc_6496.png,nan;nan;nan;nan;nan;nan;nan;nan;nan,nan;nan;nan
imc2023_heritage,outliers,cyprus_dsc_6621.png,nan;nan;nan;nan;nan;nan;nan;nan;nan,nan;nan;nan
imc2023_heritage,outliers,cyprus_dsc_6492.png,nan;nan;nan;nan;nan;nan;nan;nan;nan,nan;nan;nan
imc2023_heritage,outliers,cyprus_dsc_6617.png,nan;nan;nan;nan;nan;nan;nan;nan;nan,nan;nan;nan
imc2023_heritage,outliers,cyprus_dsc_6488.png,nan;nan;nan;nan;nan;nan;nan;nan;nan,nan;nan;nan
imc2023_heritage,outliers,cyprus_dsc_6613.png,nan;nan;nan;nan;nan;nan;nan;nan;nan,nan;nan;nan
imc2023_heritage,outliers,cyprus_dsc_6609.png,nan;nan;nan;nan;nan;nan;nan;nan;nan,nan;nan;nan
imc2023_heritage,outliers,cyprus_dsc_6520.png,nan;nan;nan;nan;nan;nan;nan;nan;nan,nan;nan;nan
imc2023_heritage,outliers,cyprus_dsc_6524.png,nan;nan;nan;nan;nan;nan;nan;nan;nan,nan;nan;nan
imc2023_heritage,outliers,cyprus_dsc_6528.png,nan;nan;nan;nan;nan;nan;nan;nan;nan,nan;nan;nan
imc2023_heritage,outliers,wall_dsc_5063_acr.png,nan;nan;nan;nan;nan;nan;nan;nan;nan,nan;nan;nan
imc2023_heritage,outliers,wall_dsc_5060_acr.png,nan;nan;nan;nan;nan;nan;nan;nan;nan,nan;nan;nan
imc2023_heritage,outliers,wall_dsc_5057_acr.png,nan;nan;nan;nan;nan;nan;nan;nan;nan,nan;nan;nan
imc2023_heritage,outliers,wall_dsc_5054_acr.png,nan;nan;nan;nan;nan;nan;nan;nan;nan,nan;nan;nan
imc2023_heritage,outliers,wall_dsc_5051_acr.png,nan;nan;nan;nan;nan;nan;nan;nan;nan,nan;nan;nan
imc2023_heritage,outliers,wall_dsc_5048_acr.png,nan;nan;nan;nan;nan;nan;nan;nan;nan,nan;nan;nan
imc2023_heritage,outliers,wall_dsc_5045_acr.png,nan;nan;nan;nan;nan;nan;nan;nan;nan,nan;nan;nan
imc2023_heritage,outliers,wall_dsc_5042_acr.png,nan;nan;nan;nan;nan;nan;nan;nan;nan,nan;nan;nan
imc2023_heritage,outliers,wall_dsc_5039_acr.png,nan;nan;nan;nan;nan;nan;nan;nan;nan,nan;nan;nan
imc2023_heritage,outliers,wall_dsc_5033_acr.png,nan;nan;nan;nan;nan;nan;nan;nan;nan,nan;nan;nan
imc2023_heritage,outliers,wall_dsc_4970_acr.png,nan;nan;nan;nan;nan;nan;nan;nan;nan,nan;nan;nan
imc2023_heritage,outliers,wall_dsc_4973_acr.png,nan;nan;nan;nan;nan;nan;nan;nan;nan,nan;nan;nan
imc2023_heritage,outliers,wall_dsc_4976_acr.png,nan;nan;nan;nan;nan;nan;nan;nan;nan,nan;nan;nan
imc2023_heritage,outliers,wall_dsc_4979_acr.png,nan;nan;nan;nan;nan;nan;nan;nan;nan,nan;nan;nan
imc2023_heritage,outliers,wall_dsc_4982_acr.png,nan;nan;nan;nan;nan;nan;nan;nan;nan,nan;nan;nan
imc2023_heritage,outliers,wall_dsc_4985_acr.png,nan;nan;nan;nan;nan;nan;nan;nan;nan,nan;nan;nan
imc2023_heritage,outliers,wall_dsc_4991_acr.png,nan;nan;nan;nan;nan;nan;nan;nan;nan,nan;nan;nan
imc2023_heritage,outliers,wall_dsc_4943_acr.png,nan;nan;nan;nan;nan;nan;nan;nan;nan,nan;nan;nan
imc2023_heritage,outliers,wall_dsc_4946_acr.png,nan;nan;nan;nan;nan;nan;nan;nan;nan,nan;nan;nan
imc2023_heritage,outliers,wall_dsc_4961_acr.png,nan;nan;nan;nan;nan;nan;nan;nan;nan,nan;nan;nan
imc2023_heritage,outliers,wall_dsc_4952_acr.png,nan;nan;nan;nan;nan;nan;nan;nan;nan,nan;nan;nan
imc2023_heritage,outliers,wall_dsc_4964_acr.png,nan;nan;nan;nan;nan;nan;nan;nan;nan,nan;nan;nan
imc2023_heritage,outliers,wall_dsc_4955_acr.png,nan;nan;nan;nan;nan;nan;nan;nan;nan,nan;nan;nan
imc2023_heritage,outliers,wall_dsc_4967_acr.png,nan;nan;nan;nan;nan;nan;nan;nan;nan,nan;nan;nan
imc2023_heritage,outliers,wall_dsc_4958_acr.png,nan;nan;nan;nan;nan;nan;nan;nan;nan,nan;nan;nan
imc2023_heritage,outliers,wall_dsc_4940_acr.png,nan;nan;nan;nan;nan;nan;nan;nan;nan,nan;nan;nan
imc2023_heritage,outliers,wall_dsc_4937_acr.png,nan;nan;nan;nan;nan;nan;nan;nan;nan,nan;nan;nan
imc2023_heritage,outliers,wall_dsc_4934_acr.png,nan;nan;nan;nan;nan;nan;nan;nan;nan,nan;nan;nan
imc2023_heritage,outliers,wall_dsc_4931_acr.png,nan;nan;nan;nan;nan;nan;nan;nan;nan,nan;nan;nan
imc2023_heritage,outliers,wall_dsc_4928_acr.png,nan;nan;nan;nan;nan;nan;nan;nan;nan,nan;nan;nan
imc2023_heritage,outliers,wall_dsc_4994_acr.png,nan;nan;nan;nan;nan;nan;nan;nan;nan,nan;nan;nan
imc2023_heritage,outliers,wall_dsc_4997_acr.png,nan;nan;nan;nan;nan;nan;nan;nan;nan,nan;nan;nan
imc2023_heritage,outliers,wall_dsc_5000_acr.png,nan;nan;nan;nan;nan;nan;nan;nan;nan,nan;nan;nan
imc2023_heritage,outliers,wall_dsc_5003_acr.png,nan;nan;nan;nan;nan;nan;nan;nan;nan,nan;nan;nan
imc2023_heritage,outliers,wall_dsc_5006_acr.png,nan;nan;nan;nan;nan;nan;nan;nan;nan,nan;nan;nan
imc2023_heritage,outliers,wall_dsc_5009_acr.png,nan;nan;nan;nan;nan;nan;nan;nan;nan,nan;nan;nan
imc2023_heritage,outliers,wall_dsc_5012_acr.png,nan;nan;nan;nan;nan;nan;nan;nan;nan,nan;nan;nan
imc2023_heritage,outliers,wall_dsc_5015_acr.png,nan;nan;nan;nan;nan;nan;nan;nan;nan,nan;nan;nan
imc2023_heritage,outliers,wall_dsc_5018_acr.png,nan;nan;nan;nan;nan;nan;nan;nan;nan,nan;nan;nan
imc2023_heritage,outliers,wall_dsc_5021_acr.png,nan;nan;nan;nan;nan;nan;nan;nan;nan,nan;nan;nan
imc2023_heritage,outliers,wall_dsc_5024_acr.png,nan;nan;nan;nan;nan;nan;nan;nan;nan,nan;nan;nan
imc2023_heritage,outliers,wall_dsc_5027_acr.png,nan;nan;nan;nan;nan;nan;nan;nan;nan,nan;nan;nan
imc2023_heritage,outliers,wall_dsc_5030_acr.png,nan;nan;nan;nan;nan;nan;nan;nan;nan,nan;nan;nan
imc2023_theather_imc2024_church,outliers,church_00020.png,nan;nan;nan;nan;nan;nan;nan;nan;nan,nan;nan;nan
imc2023_theather_imc2024_church,outliers,church_00046.png,nan;nan;nan;nan;nan;nan;nan;nan;nan,nan;nan;nan
imc2023_theather_imc2024_church,outliers,church_00080.png,nan;nan;nan;nan;nan;nan;nan;nan;nan,nan;nan;nan
imc2023_theather_imc2024_church,outliers,church_00063.png,nan;nan;nan;nan;nan;nan;nan;nan;nan,nan;nan;nan
imc2023_theather_imc2024_church,outliers,church_00045.png,nan;nan;nan;nan;nan;nan;nan;nan;nan,nan;nan;nan
imc2023_theather_imc2024_church,outliers,church_00071.png,nan;nan;nan;nan;nan;nan;nan;nan;nan,nan;nan;nan
imc2023_theather_imc2024_church,outliers,church_00039.png,nan;nan;nan;nan;nan;nan;nan;nan;nan,nan;nan;nan
imc2023_theather_imc2024_church,outliers,church_00069.png,nan;nan;nan;nan;nan;nan;nan;nan;nan,nan;nan;nan
imc2023_theather_imc2024_church,outliers,church_00026.png,nan;nan;nan;nan;nan;nan;nan;nan;nan,nan;nan;nan
imc2023_theather_imc2024_church,outliers,church_00038.png,nan;nan;nan;nan;nan;nan;nan;nan;nan,nan;nan;nan
imc2023_theather_imc2024_church,outliers,church_00110.png,nan;nan;nan;nan;nan;nan;nan;nan;nan,nan;nan;nan
imc2023_theather_imc2024_church,outliers,church_00017.png,nan;nan;nan;nan;nan;nan;nan;nan;nan,nan;nan;nan
imc2023_theather_imc2024_church,outliers,church_00035.png,nan;nan;nan;nan;nan;nan;nan;nan;nan,nan;nan;nan
imc2023_theather_imc2024_church,outliers,church_00047.png,nan;nan;nan;nan;nan;nan;nan;nan;nan,nan;nan;nan
imc2023_theather_imc2024_church,outliers,church_00041.png,nan;nan;nan;nan;nan;nan;nan;nan;nan,nan;nan;nan
imc2023_theather_imc2024_church,outliers,church_00055.png,nan;nan;nan;nan;nan;nan;nan;nan;nan,nan;nan;nan
imc2023_theather_imc2024_church,outliers,church_00013.png,nan;nan;nan;nan;nan;nan;nan;nan;nan,nan;nan;nan
imc2023_theather_imc2024_church,outliers,church_00019.png,nan;nan;nan;nan;nan;nan;nan;nan;nan,nan;nan;nan
imc2023_theather_imc2024_church,outliers,church_00012.png,nan;nan;nan;nan;nan;nan;nan;nan;nan,nan;nan;nan
imc2023_theather_imc2024_church,outliers,church_00048.png,nan;nan;nan;nan;nan;nan;nan;nan;nan,nan;nan;nan
imc2023_theather_imc2024_church,outliers,church_00108.png,nan;nan;nan;nan;nan;nan;nan;nan;nan,nan;nan;nan
imc2023_theather_imc2024_church,outliers,church_00111.png,nan;nan;nan;nan;nan;nan;nan;nan;nan,nan;nan;nan
imc2023_theather_imc2024_church,outliers,church_00091.png,nan;nan;nan;nan;nan;nan;nan;nan;nan,nan;nan;nan
imc2023_theather_imc2024_church,outliers,church_00082.png,nan;nan;nan;nan;nan;nan;nan;nan;nan,nan;nan;nan
imc2023_theather_imc2024_church,outliers,church_00023.png,nan;nan;nan;nan;nan;nan;nan;nan;nan,nan;nan;nan
imc2023_theather_imc2024_church,outliers,church_00053.png,nan;nan;nan;nan;nan;nan;nan;nan;nan,nan;nan;nan
imc2023_theather_imc2024_church,outliers,church_00079.png,nan;nan;nan;nan;nan;nan;nan;nan;nan,nan;nan;nan
imc2023_theather_imc2024_church,outliers,church_00014.png,nan;nan;nan;nan;nan;nan;nan;nan;nan,nan;nan;nan
imc2023_theather_imc2024_church,outliers,church_00022.png,nan;nan;nan;nan;nan;nan;nan;nan;nan,nan;nan;nan
imc2023_theather_imc2024_church,outliers,church_00104.png,nan;nan;nan;nan;nan;nan;nan;nan;nan,nan;nan;nan
imc2023_theather_imc2024_church,outliers,church_00043.png,nan;nan;nan;nan;nan;nan;nan;nan;nan,nan;nan;nan
imc2023_theather_imc2024_church,outliers,church_00109.png,nan;nan;nan;nan;nan;nan;nan;nan;nan,nan;nan;nan
imc2023_theather_imc2024_church,outliers,church_00100.png,nan;nan;nan;nan;nan;nan;nan;nan;nan,nan;nan;nan
imc2023_theather_imc2024_church,outliers,church_00018.png,nan;nan;nan;nan;nan;nan;nan;nan;nan,nan;nan;nan
imc2023_theather_imc2024_church,outliers,church_00021.png,nan;nan;nan;nan;nan;nan;nan;nan;nan,nan;nan;nan
imc2023_theather_imc2024_church,outliers,church_00078.png,nan;nan;nan;nan;nan;nan;nan;nan;nan,nan;nan;nan
imc2023_theather_imc2024_church,outliers,church_00083.png,nan;nan;nan;nan;nan;nan;nan;nan;nan,nan;nan;nan
imc2023_theather_imc2024_church,outliers,church_00092.png,nan;nan;nan;nan;nan;nan;nan;nan;nan,nan;nan;nan
imc2023_theather_imc2024_church,outliers,church_00093.png,nan;nan;nan;nan;nan;nan;nan;nan;nan,nan;nan;nan
imc2023_theather_imc2024_church,outliers,church_00073.png,nan;nan;nan;nan;nan;nan;nan;nan;nan,nan;nan;nan
imc2023_theather_imc2024_church,outliers,church_00087.png,nan;nan;nan;nan;nan;nan;nan;nan;nan,nan;nan;nan
imc2023_theather_imc2024_church,outliers,church_00005.png,nan;nan;nan;nan;nan;nan;nan;nan;nan,nan;nan;nan
imc2023_theather_imc2024_church,outliers,church_00028.png,nan;nan;nan;nan;nan;nan;nan;nan;nan,nan;nan;nan
imc2023_theather_imc2024_church,outliers,church_00075.png,nan;nan;nan;nan;nan;nan;nan;nan;nan,nan;nan;nan
imc2023_theather_imc2024_church,outliers,church_00006.png,nan;nan;nan;nan;nan;nan;nan;nan;nan,nan;nan;nan
imc2023_theather_imc2024_church,outliers,church_00004.png,nan;nan;nan;nan;nan;nan;nan;nan;nan,nan;nan;nan
imc2023_theather_imc2024_church,outliers,church_00016.png,nan;nan;nan;nan;nan;nan;nan;nan;nan,nan;nan;nan
imc2023_theather_imc2024_church,outliers,church_00099.png,nan;nan;nan;nan;nan;nan;nan;nan;nan,nan;nan;nan
imc2023_theather_imc2024_church,outliers,church_00025.png,nan;nan;nan;nan;nan;nan;nan;nan;nan,nan;nan;nan
imc2023_theather_imc2024_church,outliers,church_00040.png,nan;nan;nan;nan;nan;nan;nan;nan;nan,nan;nan;nan
imc2023_theather_imc2024_church,outliers,kyiv_puppet_theater_img_20220127_170709.png,nan;nan;nan;nan;nan;nan;nan;nan;nan,nan;nan;nan
imc2023_theather_imc2024_church,outliers,kyiv_puppet_theater_img_20220127_170633.png,nan;nan;nan;nan;nan;nan;nan;nan;nan,nan;nan;nan
imc2023_theather_imc2024_church,outliers,kyiv_puppet_theater_img_20220127_170350.png,nan;nan;nan;nan;nan;nan;nan;nan;nan,nan;nan;nan
imc2023_theather_imc2024_church,outliers,kyiv_puppet_theater_img_20220127_170339.png,nan;nan;nan;nan;nan;nan;nan;nan;nan,nan;nan;nan
imc2023_theather_imc2024_church,outliers,kyiv_puppet_theater_img_20220127_170250.png,nan;nan;nan;nan;nan;nan;nan;nan;nan,nan;nan;nan
imc2023_theather_imc2024_church,outliers,kyiv_puppet_theater_img_20220127_165709.png,nan;nan;nan;nan;nan;nan;nan;nan;nan,nan;nan;nan
imc2023_theather_imc2024_church,outliers,kyiv_puppet_theater_img_20220127_165703.png,nan;nan;nan;nan;nan;nan;nan;nan;nan,nan;nan;nan
imc2023_theather_imc2024_church,outliers,kyiv_puppet_theater_img_20220127_165700.png,nan;nan;nan;nan;nan;nan;nan;nan;nan,nan;nan;nan
imc2023_theather_imc2024_church,outliers,kyiv_puppet_theater_img_20220127_165641.png,nan;nan;nan;nan;nan;nan;nan;nan;nan,nan;nan;nan
imc2023_theather_imc2024_church,outliers,kyiv_puppet_theater_img_20220127_165612.png,nan;nan;nan;nan;nan;nan;nan;nan;nan,nan;nan;nan
imc2023_theather_imc2024_church,outliers,kyiv_puppet_theater_img_20220127_165608.png,nan;nan;nan;nan;nan;nan;nan;nan;nan,nan;nan;nan
imc2023_theather_imc2024_church,outliers,kyiv_puppet_theater_img_20220127_165549.png,nan;nan;nan;nan;nan;nan;nan;nan;nan,nan;nan;nan
imc2023_theather_imc2024_church,outliers,kyiv_puppet_theater_img_20220127_165418.png,nan;nan;nan;nan;nan;nan;nan;nan;nan,nan;nan;nan
imc2023_theather_imc2024_church,outliers,kyiv_puppet_theater_img_20220127_165343.png,nan;nan;nan;nan;nan;nan;nan;nan;nan,nan;nan;nan
imc2023_theather_imc2024_church,outliers,kyiv_puppet_theater_img_20220127_165449.png,nan;nan;nan;nan;nan;nan;nan;nan;nan,nan;nan;nan
imc2023_theather_imc2024_church,outliers,kyiv_puppet_theater_img_20220127_165722.png,nan;nan;nan;nan;nan;nan;nan;nan;nan,nan;nan;nan
imc2023_theather_imc2024_church,outliers,kyiv_puppet_theater_img_20220127_165737.png,nan;nan;nan;nan;nan;nan;nan;nan;nan,nan;nan;nan
imc2023_theather_imc2024_church,outliers,kyiv_puppet_theater_img_20220127_165748.png,nan;nan;nan;nan;nan;nan;nan;nan;nan,nan;nan;nan
imc2023_theather_imc2024_church,outliers,kyiv_puppet_theater_img_20220127_165811.png,nan;nan;nan;nan;nan;nan;nan;nan;nan,nan;nan;nan
imc2023_theather_imc2024_church,outliers,kyiv_puppet_theater_img_20220127_165815.png,nan;nan;nan;nan;nan;nan;nan;nan;nan,nan;nan;nan
imc2023_theather_imc2024_church,outliers,kyiv_puppet_theater_img_20220127_165822.png,nan;nan;nan;nan;nan;nan;nan;nan;nan,nan;nan;nan
imc2023_theather_imc2024_church,outliers,kyiv_puppet_theater_img_20220127_165845.png,nan;nan;nan;nan;nan;nan;nan;nan;nan,nan;nan;nan
imc2023_theather_imc2024_church,outliers,kyiv_puppet_theater_img_20220127_165920.png,nan;nan;nan;nan;nan;nan;nan;nan;nan,nan;nan;nan
imc2023_theather_imc2024_church,outliers,kyiv_puppet_theater_img_20220127_165957.png,nan;nan;nan;nan;nan;nan;nan;nan;nan,nan;nan;nan
imc2023_theather_imc2024_church,outliers,kyiv_puppet_theater_img_20220127_170001.png,nan;nan;nan;nan;nan;nan;nan;nan;nan,nan;nan;nan
imc2023_theather_imc2024_church,outliers,kyiv_puppet_theater_img_20220127_170022.png,nan;nan;nan;nan;nan;nan;nan;nan;nan,nan;nan;nan
imc2024_dioscuri_baalshamin,outliers,baalshamin_img_2163.png,nan;nan;nan;nan;nan;nan;nan;nan;nan,nan;nan;nan
imc2024_dioscuri_baalshamin,outliers,baalshamin_8100208.png,nan;nan;nan;nan;nan;nan;nan;nan;nan,nan;nan;nan
imc2024_dioscuri_baalshamin,outliers,baalshamin_5821.png,nan;nan;nan;nan;nan;nan;nan;nan;nan,nan;nan;nan
imc2024_dioscuri_baalshamin,outliers,baalshamin_5748.png,nan;nan;nan;nan;nan;nan;nan;nan;nan,nan;nan;nan
imc2024_dioscuri_baalshamin,outliers,baalshamin_5747.png,nan;nan;nan;nan;nan;nan;nan;nan;nan,nan;nan;nan
imc2024_dioscuri_baalshamin,outliers,baalshamin_5741.png,nan;nan;nan;nan;nan;nan;nan;nan;nan,nan;nan;nan
imc2024_dioscuri_baalshamin,outliers,baalshamin_5740.png,nan;nan;nan;nan;nan;nan;nan;nan;nan,nan;nan;nan
imc2024_dioscuri_baalshamin,outliers,baalshamin_25.png,nan;nan;nan;nan;nan;nan;nan;nan;nan,nan;nan;nan
imc2024_dioscuri_baalshamin,outliers,baalshamin_2316.png,nan;nan;nan;nan;nan;nan;nan;nan;nan,nan;nan;nan
imc2024_dioscuri_baalshamin,outliers,baalshamin_19875043841_a36e9ccb18_o.png,nan;nan;nan;nan;nan;nan;nan;nan;nan,nan;nan;nan
imc2024_dioscuri_baalshamin,outliers,baalshamin_19770034361_ab8a99f3a9_o.png,nan;nan;nan;nan;nan;nan;nan;nan;nan,nan;nan;nan
imc2024_dioscuri_baalshamin,outliers,baalshamin_19770021361_0a7ef660e2_o.png,nan;nan;nan;nan;nan;nan;nan;nan;nan,nan;nan;nan
imc2024_dioscuri_baalshamin,outliers,baalshamin_19765295615_6a8758cc07_o.png,nan;nan;nan;nan;nan;nan;nan;nan;nan,nan;nan;nan
imc2024_dioscuri_baalshamin,outliers,baalshamin_19758057422_3b2d8bf005_o.png,nan;nan;nan;nan;nan;nan;nan;nan;nan,nan;nan;nan
imc2024_dioscuri_baalshamin,outliers,baalshamin_19758050972_3e8ee37d98_o.png,nan;nan;nan;nan;nan;nan;nan;nan;nan,nan;nan;nan
imc2024_dioscuri_baalshamin,outliers,baalshamin_85328479_89f3b31dfa_o.png,nan;nan;nan;nan;nan;nan;nan;nan;nan,nan;nan;nan
imc2024_dioscuri_baalshamin,outliers,baalshamin_palmyra_baalshamin.png,nan;nan;nan;nan;nan;nan;nan;nan;nan,nan;nan;nan
imc2024_dioscuri_baalshamin,outliers,baalshamin_182z.png,nan;nan;nan;nan;nan;nan;nan;nan;nan,nan;nan;nan
imc2024_dioscuri_baalshamin,outliers,baalshamin_19144401003_5d0dee05f5_o.png,nan;nan;nan;nan;nan;nan;nan;nan;nan,nan;nan;nan
imc2024_dioscuri_baalshamin,outliers,baalshamin_194d.png,nan;nan;nan;nan;nan;nan;nan;nan;nan,nan;nan;nan
imc2024_dioscuri_baalshamin,outliers,baalshamin_19577278428_e8044e854b_o.png,nan;nan;nan;nan;nan;nan;nan;nan;nan,nan;nan;nan
imc2024_dioscuri_baalshamin,outliers,baalshamin_19577300988_4e4ff423a7_o.png,nan;nan;nan;nan;nan;nan;nan;nan;nan,nan;nan;nan
imc2024_dioscuri_baalshamin,outliers,baalshamin_19577310688_5d2e78386b_o.png,nan;nan;nan;nan;nan;nan;nan;nan;nan,nan;nan;nan
imc2024_dioscuri_baalshamin,outliers,baalshamin_19577313278_bf436a42f4_o.png,nan;nan;nan;nan;nan;nan;nan;nan;nan,nan;nan;nan
imc2024_dioscuri_baalshamin,outliers,baalshamin_19578696189_92b41b9b79_o.png,nan;nan;nan;nan;nan;nan;nan;nan;nan,nan;nan;nan
imc2024_dioscuri_baalshamin,outliers,baalshamin_19739127926_d1f03f70ed_o.png,nan;nan;nan;nan;nan;nan;nan;nan;nan,nan;nan;nan
imc2024_dioscuri_baalshamin,outliers,baalshamin_19739156806_e4f69d8792_o.png,nan;nan;nan;nan;nan;nan;nan;nan;nan,nan;nan;nan
imc2024_dioscuri_baalshamin,outliers,baalshamin_cimg2278.png,nan;nan;nan;nan;nan;nan;nan;nan;nan,nan;nan;nan
imc2024_dioscuri_baalshamin,outliers,baalshamin_cimg2282.png,nan;nan;nan;nan;nan;nan;nan;nan;nan,nan;nan;nan
imc2024_dioscuri_baalshamin,outliers,baalshamin_dsc01926.png,nan;nan;nan;nan;nan;nan;nan;nan;nan,nan;nan;nan
imc2024_dioscuri_baalshamin,outliers,baalshamin_dscf4498.png,nan;nan;nan;nan;nan;nan;nan;nan;nan,nan;nan;nan
imc2024_dioscuri_baalshamin,outliers,baalshamin_dscf4501.png,nan;nan;nan;nan;nan;nan;nan;nan;nan,nan;nan;nan
imc2024_dioscuri_baalshamin,outliers,baalshamin_dscf4642.png,nan;nan;nan;nan;nan;nan;nan;nan;nan,nan;nan;nan
imc2024_dioscuri_baalshamin,outliers,baalshamin_dscf4644.png,nan;nan;nan;nan;nan;nan;nan;nan;nan,nan;nan;nan
imc2024_dioscuri_baalshamin,outliers,baalshamin_dscn2009.png,nan;nan;nan;nan;nan;nan;nan;nan;nan,nan;nan;nan
imc2024_dioscuri_baalshamin,outliers,baalshamin_dscn2022.png,nan;nan;nan;nan;nan;nan;nan;nan;nan,nan;nan;nan
imc2024_dioscuri_baalshamin,outliers,baalshamin_dscn2027.png,nan;nan;nan;nan;nan;nan;nan;nan;nan,nan;nan;nan
imc2024_dioscuri_baalshamin,outliers,baalshamin_dscn2032.png,nan;nan;nan;nan;nan;nan;nan;nan;nan,nan;nan;nan
imc2024_dioscuri_baalshamin,outliers,baalshamin_dscn2034.png,nan;nan;nan;nan;nan;nan;nan;nan;nan,nan;nan;nan
imc2024_dioscuri_baalshamin,outliers,baalshamin_dscn2063.png,nan;nan;nan;nan;nan;nan;nan;nan;nan,nan;nan;nan
imc2024_dioscuri_baalshamin,outliers,baalshamin_dscn2064.png,nan;nan;nan;nan;nan;nan;nan;nan;nan,nan;nan;nan
imc2024_dioscuri_baalshamin,outliers,baalshamin_dscn2065.png,nan;nan;nan;nan;nan;nan;nan;nan;nan,nan;nan;nan
imc2024_dioscuri_baalshamin,outliers,baalshamin_dscn2066.png,nan;nan;nan;nan;nan;nan;nan;nan;nan,nan;nan;nan
imc2024_dioscuri_baalshamin,outliers,baalshamin_hpim3190.png,nan;nan;nan;nan;nan;nan;nan;nan;nan,nan;nan;nan
imc2024_dioscuri_baalshamin,outliers,baalshamin_img_1145.png,nan;nan;nan;nan;nan;nan;nan;nan;nan,nan;nan;nan
imc2024_dioscuri_baalshamin,outliers,baalshamin_image29.png,nan;nan;nan;nan;nan;nan;nan;nan;nan,nan;nan;nan
imc2024_dioscuri_baalshamin,outliers,baalshamin_image6.png,nan;nan;nan;nan;nan;nan;nan;nan;nan,nan;nan;nan
imc2024_dioscuri_baalshamin,outliers,baalshamin_pict0818.png,nan;nan;nan;nan;nan;nan;nan;nan;nan,nan;nan;nan
imc2024_dioscuri_baalshamin,outliers,baalshamin_palmyr29.png,nan;nan;nan;nan;nan;nan;nan;nan;nan,nan;nan;nan
imc2024_dioscuri_baalshamin,outliers,outliers_39500842_567338329.png,nan;nan;nan;nan;nan;nan;nan;nan;nan,nan;nan;nan
imc2024_dioscuri_baalshamin,outliers,outliers_04356156_8480804407.png,nan;nan;nan;nan;nan;nan;nan;nan;nan,nan;nan;nan
imc2024_dioscuri_baalshamin,outliers,outliers_08766078_2117237656.png,nan;nan;nan;nan;nan;nan;nan;nan;nan,nan;nan;nan
imc2024_dioscuri_baalshamin,outliers,outliers_15001797_2073024252.png,nan;nan;nan;nan;nan;nan;nan;nan;nan,nan;nan;nan
imc2024_dioscuri_baalshamin,outliers,outliers_15108470_13126668493.png,nan;nan;nan;nan;nan;nan;nan;nan;nan,nan;nan;nan
imc2024_dioscuri_baalshamin,outliers,outliers_16939073_1562031964.png,nan;nan;nan;nan;nan;nan;nan;nan;nan,nan;nan;nan
imc2024_dioscuri_baalshamin,outliers,outliers_17617215_8679921663.png,nan;nan;nan;nan;nan;nan;nan;nan;nan,nan;nan;nan
imc2024_dioscuri_baalshamin,outliers,outliers_21013750_3810761207.png,nan;nan;nan;nan;nan;nan;nan;nan;nan,nan;nan;nan
imc2024_dioscuri_baalshamin,outliers,outliers_22219055_9555156398.png,nan;nan;nan;nan;nan;nan;nan;nan;nan,nan;nan;nan
imc2024_dioscuri_baalshamin,outliers,outliers_22516075_5997990597.png,nan;nan;nan;nan;nan;nan;nan;nan;nan,nan;nan;nan
imc2024_dioscuri_baalshamin,outliers,outliers_23943395_7008829683.png,nan;nan;nan;nan;nan;nan;nan;nan;nan,nan;nan;nan
imc2024_dioscuri_baalshamin,outliers,outliers_25155127_2232385924.png,nan;nan;nan;nan;nan;nan;nan;nan;nan,nan;nan;nan
imc2024_dioscuri_baalshamin,outliers,outliers_25182601_5963423001.png,nan;nan;nan;nan;nan;nan;nan;nan;nan,nan;nan;nan
imc2024_dioscuri_baalshamin,outliers,outliers_25259690_2957362243.png,nan;nan;nan;nan;nan;nan;nan;nan;nan,nan;nan;nan
imc2024_dioscuri_baalshamin,outliers,outliers_25404198_10162152833.png,nan;nan;nan;nan;nan;nan;nan;nan;nan,nan;nan;nan
imc2024_dioscuri_baalshamin,outliers,outliers_27039750_8082864097.png,nan;nan;nan;nan;nan;nan;nan;nan;nan,nan;nan;nan
imc2024_dioscuri_baalshamin,outliers,outliers_29622692_8024707719.png,nan;nan;nan;nan;nan;nan;nan;nan;nan,nan;nan;nan
imc2024_dioscuri_baalshamin,outliers,outliers_29709706_5736365308.png,nan;nan;nan;nan;nan;nan;nan;nan;nan,nan;nan;nan
imc2024_dioscuri_baalshamin,outliers,outliers_30202749_4422920822.png,nan;nan;nan;nan;nan;nan;nan;nan;nan,nan;nan;nan
imc2024_dioscuri_baalshamin,outliers,outliers_32208117_4023556230.png,nan;nan;nan;nan;nan;nan;nan;nan;nan,nan;nan;nan
imc2024_dioscuri_baalshamin,outliers,outliers_32577037_2556031968.png,nan;nan;nan;nan;nan;nan;nan;nan;nan,nan;nan;nan
imc2024_dioscuri_baalshamin,outliers,outliers_36840190_2262283891.png,nan;nan;nan;nan;nan;nan;nan;nan;nan,nan;nan;nan
imc2024_dioscuri_baalshamin,outliers,outliers_37941822_4613817560.png,nan;nan;nan;nan;nan;nan;nan;nan;nan,nan;nan;nan
imc2024_dioscuri_baalshamin,outliers,outliers_46207490_2755733467.png,nan;nan;nan;nan;nan;nan;nan;nan;nan,nan;nan;nan
imc2024_dioscuri_baalshamin,outliers,dioscuri_dioscuria_185.png,nan;nan;nan;nan;nan;nan;nan;nan;nan,nan;nan;nan
imc2024_dioscuri_baalshamin,outliers,dioscuri_3dom_fbk_img_1512.png,nan;nan;nan;nan;nan;nan;nan;nan;nan,nan;nan;nan
imc2024_dioscuri_baalshamin,outliers,dioscuri_archive_0026.png,nan;nan;nan;nan;nan;nan;nan;nan;nan,nan;nan;nan
imc2024_dioscuri_baalshamin,outliers,dioscuri_img_0281.png,nan;nan;nan;nan;nan;nan;nan;nan;nan,nan;nan;nan
imc2024_dioscuri_baalshamin,outliers,dioscuri_dioscuria_161.png,nan;nan;nan;nan;nan;nan;nan;nan;nan,nan;nan;nan
imc2024_dioscuri_baalshamin,outliers,dioscuri_templic_23.png,nan;nan;nan;nan;nan;nan;nan;nan;nan,nan;nan;nan
imc2024_dioscuri_baalshamin,outliers,dioscuri_templic_30.png,nan;nan;nan;nan;nan;nan;nan;nan;nan,nan;nan;nan
imc2024_dioscuri_baalshamin,outliers,dioscuri_3dom_fbk_img_1562.png,nan;nan;nan;nan;nan;nan;nan;nan;nan,nan;nan;nan
imc2024_dioscuri_baalshamin,outliers,dioscuri_img_0409.png,nan;nan;nan;nan;nan;nan;nan;nan;nan,nan;nan;nan
imc2024_dioscuri_baalshamin,outliers,dioscuri_3dom_fbk_img_1542.png,nan;nan;nan;nan;nan;nan;nan;nan;nan,nan;nan;nan
imc2024_dioscuri_baalshamin,outliers,dioscuri_archive_0004.png,nan;nan;nan;nan;nan;nan;nan;nan;nan,nan;nan;nan
imc2024_dioscuri_baalshamin,outliers,dioscuri_archive_0132.png,nan;nan;nan;nan;nan;nan;nan;nan;nan,nan;nan;nan
imc2024_dioscuri_baalshamin,outliers,dioscuri_archive_0005.png,nan;nan;nan;nan;nan;nan;nan;nan;nan,nan;nan;nan
imc2024_dioscuri_baalshamin,outliers,dioscuri_img_0060.png,nan;nan;nan;nan;nan;nan;nan;nan;nan,nan;nan;nan
imc2024_dioscuri_baalshamin,outliers,dioscuri_img_0119.png,nan;nan;nan;nan;nan;nan;nan;nan;nan,nan;nan;nan
imc2024_dioscuri_baalshamin,outliers,dioscuri_3dom_fbk_img_1571.png,nan;nan;nan;nan;nan;nan;nan;nan;nan,nan;nan;nan
imc2024_dioscuri_baalshamin,outliers,dioscuri_archive_0057.png,nan;nan;nan;nan;nan;nan;nan;nan;nan,nan;nan;nan
imc2024_dioscuri_baalshamin,outliers,dioscuri_img_0391.png,nan;nan;nan;nan;nan;nan;nan;nan;nan,nan;nan;nan
imc2024_dioscuri_baalshamin,outliers,dioscuri_img_0362.png,nan;nan;nan;nan;nan;nan;nan;nan;nan,nan;nan;nan
imc2024_dioscuri_baalshamin,outliers,dioscuri_dioscuria_147.png,nan;nan;nan;nan;nan;nan;nan;nan;nan,nan;nan;nan
imc2024_dioscuri_baalshamin,outliers,dioscuri_img_0244.png,nan;nan;nan;nan;nan;nan;nan;nan;nan,nan;nan;nan
imc2024_dioscuri_baalshamin,outliers,dioscuri_archive_0230.png,nan;nan;nan;nan;nan;nan;nan;nan;nan,nan;nan;nan
imc2024_dioscuri_baalshamin,outliers,dioscuri_img_0219.png,nan;nan;nan;nan;nan;nan;nan;nan;nan,nan;nan;nan
imc2024_dioscuri_baalshamin,outliers,dioscuri_img_0107.png,nan;nan;nan;nan;nan;nan;nan;nan;nan,nan;nan;nan
imc2024_dioscuri_baalshamin,outliers,dioscuri_3dom_fbk_img_1522.png,nan;nan;nan;nan;nan;nan;nan;nan;nan,nan;nan;nan
imc2024_dioscuri_baalshamin,outliers,dioscuri_3dom_fbk_img_1582.png,nan;nan;nan;nan;nan;nan;nan;nan;nan,nan;nan;nan
imc2024_dioscuri_baalshamin,outliers,dioscuri_img_0272.png,nan;nan;nan;nan;nan;nan;nan;nan;nan,nan;nan;nan
imc2024_dioscuri_baalshamin,outliers,dioscuri_img_0311.png,nan;nan;nan;nan;nan;nan;nan;nan;nan,nan;nan;nan
imc2024_dioscuri_baalshamin,outliers,dioscuri_img_0075.png,nan;nan;nan;nan;nan;nan;nan;nan;nan,nan;nan;nan
imc2024_dioscuri_baalshamin,outliers,dioscuri_3dom_fbk_img_1549.png,nan;nan;nan;nan;nan;nan;nan;nan;nan,nan;nan;nan
imc2024_dioscuri_baalshamin,outliers,dioscuri_img_0461.png,nan;nan;nan;nan;nan;nan;nan;nan;nan,nan;nan;nan
imc2024_dioscuri_baalshamin,outliers,dioscuri_img_0207.png,nan;nan;nan;nan;nan;nan;nan;nan;nan,nan;nan;nan
imc2024_dioscuri_baalshamin,outliers,dioscuri_dioscuria_261.png,nan;nan;nan;nan;nan;nan;nan;nan;nan,nan;nan;nan
imc2024_dioscuri_baalshamin,outliers,dioscuri_archive_0015.png,nan;nan;nan;nan;nan;nan;nan;nan;nan,nan;nan;nan
imc2024_dioscuri_baalshamin,outliers,dioscuri_img_0336.png,nan;nan;nan;nan;nan;nan;nan;nan;nan,nan;nan;nan
imc2024_dioscuri_baalshamin,outliers,dioscuri_img_0133.png,nan;nan;nan;nan;nan;nan;nan;nan;nan,nan;nan;nan
imc2024_dioscuri_baalshamin,outliers,dioscuri_dioscuria_154.png,nan;nan;nan;nan;nan;nan;nan;nan;nan,nan;nan;nan
imc2024_dioscuri_baalshamin,outliers,dioscuri_img_0168.png,nan;nan;nan;nan;nan;nan;nan;nan;nan,nan;nan;nan
imc2024_dioscuri_baalshamin,outliers,dioscuri_archive_0013.png,nan;nan;nan;nan;nan;nan;nan;nan;nan,nan;nan;nan
imc2024_dioscuri_baalshamin,outliers,dioscuri_img_0297.png,nan;nan;nan;nan;nan;nan;nan;nan;nan,nan;nan;nan
imc2024_dioscuri_baalshamin,outliers,dioscuri_archive_0054.png,nan;nan;nan;nan;nan;nan;nan;nan;nan,nan;nan;nan
imc2024_dioscuri_baalshamin,outliers,dioscuri_img_0102.png,nan;nan;nan;nan;nan;nan;nan;nan;nan,nan;nan;nan
imc2024_dioscuri_baalshamin,outliers,dioscuri_3dom_fbk_img_1517.png,nan;nan;nan;nan;nan;nan;nan;nan;nan,nan;nan;nan
imc2024_dioscuri_baalshamin,outliers,dioscuri_img_0105.png,nan;nan;nan;nan;nan;nan;nan;nan;nan,nan;nan;nan
imc2024_dioscuri_baalshamin,outliers,dioscuri_archive_0025.png,nan;nan;nan;nan;nan;nan;nan;nan;nan,nan;nan;nan
imc2024_dioscuri_baalshamin,outliers,dioscuri_dioscuria_214.png,nan;nan;nan;nan;nan;nan;nan;nan;nan,nan;nan;nan
imc2024_dioscuri_baalshamin,outliers,dioscuri_img_0152.png,nan;nan;nan;nan;nan;nan;nan;nan;nan,nan;nan;nan
imc2024_dioscuri_baalshamin,outliers,dioscuri_dioscuria_236.png,nan;nan;nan;nan;nan;nan;nan;nan;nan,nan;nan;nan
imc2024_dioscuri_baalshamin,outliers,dioscuri_3dom_fbk_img_1564.png,nan;nan;nan;nan;nan;nan;nan;nan;nan,nan;nan;nan
imc2024_dioscuri_baalshamin,outliers,dioscuri_img_0324.png,nan;nan;nan;nan;nan;nan;nan;nan;nan,nan;nan;nan
imc2024_dioscuri_baalshamin,outliers,dioscuri_archive_0008.png,nan;nan;nan;nan;nan;nan;nan;nan;nan,nan;nan;nan
imc2024_dioscuri_baalshamin,outliers,dioscuri_archive_0003.png,nan;nan;nan;nan;nan;nan;nan;nan;nan,nan;nan;nan
imc2024_dioscuri_baalshamin,outliers,dioscuri_archive_0030.png,nan;nan;nan;nan;nan;nan;nan;nan;nan,nan;nan;nan
imc2024_dioscuri_baalshamin,outliers,dioscuri_archive_0001.png,nan;nan;nan;nan;nan;nan;nan;nan;nan,nan;nan;nan
imc2024_dioscuri_baalshamin,outliers,dioscuri_archive_0010.png,nan;nan;nan;nan;nan;nan;nan;nan;nan,nan;nan;nan
imc2024_dioscuri_baalshamin,outliers,dioscuri_dioscuria_228.png,nan;nan;nan;nan;nan;nan;nan;nan;nan,nan;nan;nan
imc2024_dioscuri_baalshamin,outliers,dioscuri_img_0353.png,nan;nan;nan;nan;nan;nan;nan;nan;nan,nan;nan;nan
imc2024_dioscuri_baalshamin,outliers,dioscuri_img_0099.png,nan;nan;nan;nan;nan;nan;nan;nan;nan,nan;nan;nan
imc2024_dioscuri_baalshamin,outliers,dioscuri_3dom_fbk_img_1573.png,nan;nan;nan;nan;nan;nan;nan;nan;nan,nan;nan;nan
imc2024_dioscuri_baalshamin,outliers,dioscuri_3dom_fbk_img_1565.png,nan;nan;nan;nan;nan;nan;nan;nan;nan,nan;nan;nan
imc2024_dioscuri_baalshamin,outliers,dioscuri_3dom_fbk_img_1554.png,nan;nan;nan;nan;nan;nan;nan;nan;nan,nan;nan;nan
imc2024_dioscuri_baalshamin,outliers,dioscuri_img_0257.png,nan;nan;nan;nan;nan;nan;nan;nan;nan,nan;nan;nan
imc2024_dioscuri_baalshamin,outliers,dioscuri_3dom_fbk_img_1538.png,nan;nan;nan;nan;nan;nan;nan;nan;nan,nan;nan;nan
imc2024_dioscuri_baalshamin,outliers,dioscuri_img_0182.png,nan;nan;nan;nan;nan;nan;nan;nan;nan,nan;nan;nan
imc2024_dioscuri_baalshamin,outliers,dioscuri_img_0055.png,nan;nan;nan;nan;nan;nan;nan;nan;nan,nan;nan;nan
imc2024_lizard_pond,outliers,lizard_00459.png,nan;nan;nan;nan;nan;nan;nan;nan;nan,nan;nan;nan
imc2024_lizard_pond,outliers,lizard_00107.png,nan;nan;nan;nan;nan;nan;nan;nan;nan,nan;nan;nan
imc2024_lizard_pond,outliers,lizard_00527.png,nan;nan;nan;nan;nan;nan;nan;nan;nan,nan;nan;nan
imc2024_lizard_pond,outliers,lizard_00618.png,nan;nan;nan;nan;nan;nan;nan;nan;nan,nan;nan;nan
imc2024_lizard_pond,outliers,lizard_00074.png,nan;nan;nan;nan;nan;nan;nan;nan;nan,nan;nan;nan
imc2024_lizard_pond,outliers,lizard_00567.png,nan;nan;nan;nan;nan;nan;nan;nan;nan,nan;nan;nan
imc2024_lizard_pond,outliers,lizard_00173.png,nan;nan;nan;nan;nan;nan;nan;nan;nan,nan;nan;nan
imc2024_lizard_pond,outliers,lizard_00571.png,nan;nan;nan;nan;nan;nan;nan;nan;nan,nan;nan;nan
imc2024_lizard_pond,outliers,lizard_00055.png,nan;nan;nan;nan;nan;nan;nan;nan;nan,nan;nan;nan
imc2024_lizard_pond,outliers,lizard_00568.png,nan;nan;nan;nan;nan;nan;nan;nan;nan,nan;nan;nan
imc2024_lizard_pond,outliers,lizard_00674.png,nan;nan;nan;nan;nan;nan;nan;nan;nan,nan;nan;nan
imc2024_lizard_pond,outliers,lizard_00580.png,nan;nan;nan;nan;nan;nan;nan;nan;nan,nan;nan;nan
imc2024_lizard_pond,outliers,lizard_00676.png,nan;nan;nan;nan;nan;nan;nan;nan;nan,nan;nan;nan
imc2024_lizard_pond,outliers,lizard_00013.png,nan;nan;nan;nan;nan;nan;nan;nan;nan,nan;nan;nan
imc2024_lizard_pond,outliers,lizard_00668.png,nan;nan;nan;nan;nan;nan;nan;nan;nan,nan;nan;nan
imc2024_lizard_pond,outliers,lizard_00351.png,nan;nan;nan;nan;nan;nan;nan;nan;nan,nan;nan;nan
imc2024_lizard_pond,outliers,lizard_00482.png,nan;nan;nan;nan;nan;nan;nan;nan;nan,nan;nan;nan
imc2024_lizard_pond,outliers,lizard_00034.png,nan;nan;nan;nan;nan;nan;nan;nan;nan,nan;nan;nan
imc2024_lizard_pond,outliers,lizard_00161.png,nan;nan;nan;nan;nan;nan;nan;nan;nan,nan;nan;nan
imc2024_lizard_pond,outliers,lizard_00014.png,nan;nan;nan;nan;nan;nan;nan;nan;nan,nan;nan;nan
imc2024_lizard_pond,outliers,lizard_00350.png,nan;nan;nan;nan;nan;nan;nan;nan;nan,nan;nan;nan
imc2024_lizard_pond,outliers,lizard_00308.png,nan;nan;nan;nan;nan;nan;nan;nan;nan,nan;nan;nan
imc2024_lizard_pond,outliers,lizard_00415.png,nan;nan;nan;nan;nan;nan;nan;nan;nan,nan;nan;nan
imc2024_lizard_pond,outliers,lizard_00160.png,nan;nan;nan;nan;nan;nan;nan;nan;nan,nan;nan;nan
imc2024_lizard_pond,outliers,lizard_00402.png,nan;nan;nan;nan;nan;nan;nan;nan;nan,nan;nan;nan
imc2024_lizard_pond,outliers,lizard_00616.png,nan;nan;nan;nan;nan;nan;nan;nan;nan,nan;nan;nan
imc2024_lizard_pond,outliers,lizard_00551.png,nan;nan;nan;nan;nan;nan;nan;nan;nan,nan;nan;nan
imc2024_lizard_pond,outliers,lizard_00181.png,nan;nan;nan;nan;nan;nan;nan;nan;nan,nan;nan;nan
imc2024_lizard_pond,outliers,lizard_00195.png,nan;nan;nan;nan;nan;nan;nan;nan;nan,nan;nan;nan
imc2024_lizard_pond,outliers,lizard_00507.png,nan;nan;nan;nan;nan;nan;nan;nan;nan,nan;nan;nan
imc2024_lizard_pond,outliers,lizard_00606.png,nan;nan;nan;nan;nan;nan;nan;nan;nan,nan;nan;nan
imc2024_lizard_pond,outliers,lizard_00075.png,nan;nan;nan;nan;nan;nan;nan;nan;nan,nan;nan;nan
imc2024_lizard_pond,outliers,lizard_00236.png,nan;nan;nan;nan;nan;nan;nan;nan;nan,nan;nan;nan
imc2024_lizard_pond,outliers,lizard_00716.png,nan;nan;nan;nan;nan;nan;nan;nan;nan,nan;nan;nan
imc2024_lizard_pond,outliers,lizard_00516.png,nan;nan;nan;nan;nan;nan;nan;nan;nan,nan;nan;nan
imc2024_lizard_pond,outliers,lizard_00637.png,nan;nan;nan;nan;nan;nan;nan;nan;nan,nan;nan;nan
imc2024_lizard_pond,outliers,lizard_00089.png,nan;nan;nan;nan;nan;nan;nan;nan;nan,nan;nan;nan
imc2024_lizard_pond,outliers,lizard_00003.png,nan;nan;nan;nan;nan;nan;nan;nan;nan,nan;nan;nan
imc2024_lizard_pond,outliers,lizard_00051.png,nan;nan;nan;nan;nan;nan;nan;nan;nan,nan;nan;nan
imc2024_lizard_pond,outliers,lizard_00070.png,nan;nan;nan;nan;nan;nan;nan;nan;nan,nan;nan;nan
imc2024_lizard_pond,outliers,lizard_00278.png,nan;nan;nan;nan;nan;nan;nan;nan;nan,nan;nan;nan
imc2024_lizard_pond,outliers,lizard_00613.png,nan;nan;nan;nan;nan;nan;nan;nan;nan,nan;nan;nan
imc2024_lizard_pond,outliers,lizard_00329.png,nan;nan;nan;nan;nan;nan;nan;nan;nan,nan;nan;nan
imc2024_lizard_pond,outliers,lizard_00268.png,nan;nan;nan;nan;nan;nan;nan;nan;nan,nan;nan;nan
imc2024_lizard_pond,outliers,lizard_00244.png,nan;nan;nan;nan;nan;nan;nan;nan;nan,nan;nan;nan
imc2024_lizard_pond,outliers,lizard_00466.png,nan;nan;nan;nan;nan;nan;nan;nan;nan,nan;nan;nan
imc2024_lizard_pond,outliers,lizard_00404.png,nan;nan;nan;nan;nan;nan;nan;nan;nan,nan;nan;nan
imc2024_lizard_pond,outliers,lizard_00169.png,nan;nan;nan;nan;nan;nan;nan;nan;nan,nan;nan;nan
imc2024_lizard_pond,outliers,lizard_00233.png,nan;nan;nan;nan;nan;nan;nan;nan;nan,nan;nan;nan
imc2024_lizard_pond,outliers,lizard_00164.png,nan;nan;nan;nan;nan;nan;nan;nan;nan,nan;nan;nan
imc2024_lizard_pond,outliers,lizard_00585.png,nan;nan;nan;nan;nan;nan;nan;nan;nan,nan;nan;nan
imc2024_lizard_pond,outliers,lizard_00203.png,nan;nan;nan;nan;nan;nan;nan;nan;nan,nan;nan;nan
imc2024_lizard_pond,outliers,lizard_00512.png,nan;nan;nan;nan;nan;nan;nan;nan;nan,nan;nan;nan
imc2024_lizard_pond,outliers,lizard_00217.png,nan;nan;nan;nan;nan;nan;nan;nan;nan,nan;nan;nan
imc2024_lizard_pond,outliers,lizard_00519.png,nan;nan;nan;nan;nan;nan;nan;nan;nan,nan;nan;nan
imc2024_lizard_pond,outliers,lizard_00698.png,nan;nan;nan;nan;nan;nan;nan;nan;nan,nan;nan;nan
imc2024_lizard_pond,outliers,lizard_00670.png,nan;nan;nan;nan;nan;nan;nan;nan;nan,nan;nan;nan
imc2024_lizard_pond,outliers,lizard_00175.png,nan;nan;nan;nan;nan;nan;nan;nan;nan,nan;nan;nan
imc2024_lizard_pond,outliers,lizard_00165.png,nan;nan;nan;nan;nan;nan;nan;nan;nan,nan;nan;nan
imc2024_lizard_pond,outliers,lizard_00592.png,nan;nan;nan;nan;nan;nan;nan;nan;nan,nan;nan;nan
imc2024_lizard_pond,outliers,lizard_00113.png,nan;nan;nan;nan;nan;nan;nan;nan;nan,nan;nan;nan
imc2024_lizard_pond,outliers,lizard_00538.png,nan;nan;nan;nan;nan;nan;nan;nan;nan,nan;nan;nan
imc2024_lizard_pond,outliers,lizard_00431.png,nan;nan;nan;nan;nan;nan;nan;nan;nan,nan;nan;nan
imc2024_lizard_pond,outliers,lizard_00307.png,nan;nan;nan;nan;nan;nan;nan;nan;nan,nan;nan;nan
imc2024_lizard_pond,outliers,lizard_00192.png,nan;nan;nan;nan;nan;nan;nan;nan;nan,nan;nan;nan
imc2024_lizard_pond,outliers,lizard_00591.png,nan;nan;nan;nan;nan;nan;nan;nan;nan,nan;nan;nan
imc2024_lizard_pond,outliers,lizard_00226.png,nan;nan;nan;nan;nan;nan;nan;nan;nan,nan;nan;nan
imc2024_lizard_pond,outliers,lizard_00435.png,nan;nan;nan;nan;nan;nan;nan;nan;nan,nan;nan;nan
imc2024_lizard_pond,outliers,lizard_00531.png,nan;nan;nan;nan;nan;nan;nan;nan;nan,nan;nan;nan
imc2024_lizard_pond,outliers,lizard_00190.png,nan;nan;nan;nan;nan;nan;nan;nan;nan,nan;nan;nan
imc2024_lizard_pond,outliers,lizard_00361.png,nan;nan;nan;nan;nan;nan;nan;nan;nan,nan;nan;nan
imc2024_lizard_pond,outliers,lizard_00087.png,nan;nan;nan;nan;nan;nan;nan;nan;nan,nan;nan;nan
imc2024_lizard_pond,outliers,lizard_00682.png,nan;nan;nan;nan;nan;nan;nan;nan;nan,nan;nan;nan
imc2024_lizard_pond,outliers,lizard_00019.png,nan;nan;nan;nan;nan;nan;nan;nan;nan,nan;nan;nan
imc2024_lizard_pond,outliers,lizard_00707.png,nan;nan;nan;nan;nan;nan;nan;nan;nan,nan;nan;nan
imc2024_lizard_pond,outliers,lizard_00242.png,nan;nan;nan;nan;nan;nan;nan;nan;nan,nan;nan;nan
imc2024_lizard_pond,outliers,lizard_00292.png,nan;nan;nan;nan;nan;nan;nan;nan;nan,nan;nan;nan
imc2024_lizard_pond,outliers,lizard_00154.png,nan;nan;nan;nan;nan;nan;nan;nan;nan,nan;nan;nan
imc2024_lizard_pond,outliers,lizard_00633.png,nan;nan;nan;nan;nan;nan;nan;nan;nan,nan;nan;nan
imc2024_lizard_pond,outliers,lizard_00017.png,nan;nan;nan;nan;nan;nan;nan;nan;nan,nan;nan;nan
imc2024_lizard_pond,outliers,lizard_00391.png,nan;nan;nan;nan;nan;nan;nan;nan;nan,nan;nan;nan
imc2024_lizard_pond,outliers,lizard_00212.png,nan;nan;nan;nan;nan;nan;nan;nan;nan,nan;nan;nan
imc2024_lizard_pond,outliers,lizard_00492.png,nan;nan;nan;nan;nan;nan;nan;nan;nan,nan;nan;nan
imc2024_lizard_pond,outliers,lizard_00549.png,nan;nan;nan;nan;nan;nan;nan;nan;nan,nan;nan;nan
imc2024_lizard_pond,outliers,lizard_00720.png,nan;nan;nan;nan;nan;nan;nan;nan;nan,nan;nan;nan
imc2024_lizard_pond,outliers,lizard_00544.png,nan;nan;nan;nan;nan;nan;nan;nan;nan,nan;nan;nan
imc2024_lizard_pond,outliers,lizard_00140.png,nan;nan;nan;nan;nan;nan;nan;nan;nan,nan;nan;nan
imc2024_lizard_pond,outliers,lizard_00318.png,nan;nan;nan;nan;nan;nan;nan;nan;nan,nan;nan;nan
imc2024_lizard_pond,outliers,lizard_00066.png,nan;nan;nan;nan;nan;nan;nan;nan;nan,nan;nan;nan
imc2024_lizard_pond,outliers,lizard_00086.png,nan;nan;nan;nan;nan;nan;nan;nan;nan,nan;nan;nan
imc2024_lizard_pond,outliers,outliers_img_20230617_181536.png,nan;nan;nan;nan;nan;nan;nan;nan;nan,nan;nan;nan
imc2024_lizard_pond,outliers,outliers_img_20230617_181545.png,nan;nan;nan;nan;nan;nan;nan;nan;nan,nan;nan;nan
imc2024_lizard_pond,outliers,outliers_img_20230617_181719.png,nan;nan;nan;nan;nan;nan;nan;nan;nan,nan;nan;nan
imc2024_lizard_pond,outliers,outliers_img_20230617_181721.png,nan;nan;nan;nan;nan;nan;nan;nan;nan,nan;nan;nan
imc2024_lizard_pond,outliers,outliers_img_20230617_181724.png,nan;nan;nan;nan;nan;nan;nan;nan;nan,nan;nan;nan
imc2024_lizard_pond,outliers,outliers_img_20230617_181726.png,nan;nan;nan;nan;nan;nan;nan;nan;nan,nan;nan;nan
imc2024_lizard_pond,outliers,outliers_img_20230617_181728.png,nan;nan;nan;nan;nan;nan;nan;nan;nan,nan;nan;nan
imc2024_lizard_pond,outliers,outliers_img_20230617_181729.png,nan;nan;nan;nan;nan;nan;nan;nan;nan,nan;nan;nan
imc2024_lizard_pond,outliers,outliers_img_20230617_181747.png,nan;nan;nan;nan;nan;nan;nan;nan;nan,nan;nan;nan
imc2024_lizard_pond,outliers,outliers_img_20230617_181748.png,nan;nan;nan;nan;nan;nan;nan;nan;nan,nan;nan;nan
imc2024_lizard_pond,outliers,outliers_img_20230617_181749.png,nan;nan;nan;nan;nan;nan;nan;nan;nan,nan;nan;nan
imc2024_lizard_pond,outliers,outliers_img_20230617_181752.png,nan;nan;nan;nan;nan;nan;nan;nan;nan,nan;nan;nan
imc2024_lizard_pond,outliers,outliers_img_20230617_181850.png,nan;nan;nan;nan;nan;nan;nan;nan;nan,nan;nan;nan
imc2024_lizard_pond,outliers,outliers_img_20230617_181852.png,nan;nan;nan;nan;nan;nan;nan;nan;nan,nan;nan;nan
imc2024_lizard_pond,outliers,outliers_img_20230617_181853.png,nan;nan;nan;nan;nan;nan;nan;nan;nan,nan;nan;nan
imc2024_lizard_pond,outliers,outliers_img_20230617_181854.png,nan;nan;nan;nan;nan;nan;nan;nan;nan,nan;nan;nan
imc2024_lizard_pond,outliers,outliers_img_20230617_181855.png,nan;nan;nan;nan;nan;nan;nan;nan;nan,nan;nan;nan
imc2024_lizard_pond,outliers,outliers_img_20230617_181856.png,nan;nan;nan;nan;nan;nan;nan;nan;nan,nan;nan;nan
imc2024_lizard_pond,outliers,outliers_img_20230617_181858.png,nan;nan;nan;nan;nan;nan;nan;nan;nan,nan;nan;nan
imc2024_lizard_pond,outliers,outliers_img_20230617_181901.png,nan;nan;nan;nan;nan;nan;nan;nan;nan,nan;nan;nan
imc2024_lizard_pond,outliers,outliers_img_20230617_181905.png,nan;nan;nan;nan;nan;nan;nan;nan;nan,nan;nan;nan
imc2024_lizard_pond,outliers,outliers_img_20230617_181910.png,nan;nan;nan;nan;nan;nan;nan;nan;nan,nan;nan;nan
imc2024_lizard_pond,outliers,outliers_img_20230617_181912.png,nan;nan;nan;nan;nan;nan;nan;nan;nan,nan;nan;nan
imc2024_lizard_pond,outliers,outliers_img_20230617_181914.png,nan;nan;nan;nan;nan;nan;nan;nan;nan,nan;nan;nan
imc2024_lizard_pond,outliers,outliers_img_20230617_182716.png,nan;nan;nan;nan;nan;nan;nan;nan;nan,nan;nan;nan
imc2024_lizard_pond,outliers,outliers_img_20230617_182718.png,nan;nan;nan;nan;nan;nan;nan;nan;nan,nan;nan;nan
imc2024_lizard_pond,outliers,outliers_img_20230617_195104.png,nan;nan;nan;nan;nan;nan;nan;nan;nan,nan;nan;nan
imc2024_lizard_pond,outliers,outliers_img_20230617_202436.png,nan;nan;nan;nan;nan;nan;nan;nan;nan,nan;nan;nan
imc2024_lizard_pond,outliers,outliers_img_20230617_202438.png,nan;nan;nan;nan;nan;nan;nan;nan;nan,nan;nan;nan
imc2024_lizard_pond,outliers,outliers_img_20230617_211228.png,nan;nan;nan;nan;nan;nan;nan;nan;nan,nan;nan;nan
imc2024_lizard_pond,outliers,outliers_img_20230617_211229.png,nan;nan;nan;nan;nan;nan;nan;nan;nan,nan;nan;nan
imc2024_lizard_pond,outliers,outliers_img_20230617_212007.png,nan;nan;nan;nan;nan;nan;nan;nan;nan,nan;nan;nan
imc2024_lizard_pond,outliers,outliers_img_20230617_212014.png,nan;nan;nan;nan;nan;nan;nan;nan;nan,nan;nan;nan
imc2024_lizard_pond,outliers,outliers_img_20230617_212059.png,nan;nan;nan;nan;nan;nan;nan;nan;nan,nan;nan;nan
imc2024_lizard_pond,outliers,pond_00022.png,nan;nan;nan;nan;nan;nan;nan;nan;nan,nan;nan;nan
imc2024_lizard_pond,outliers,pond_00969.png,nan;nan;nan;nan;nan;nan;nan;nan;nan,nan;nan;nan
imc2024_lizard_pond,outliers,pond_00101.png,nan;nan;nan;nan;nan;nan;nan;nan;nan,nan;nan;nan
imc2024_lizard_pond,outliers,pond_00312.png,nan;nan;nan;nan;nan;nan;nan;nan;nan,nan;nan;nan
imc2024_lizard_pond,outliers,pond_00832.png,nan;nan;nan;nan;nan;nan;nan;nan;nan,nan;nan;nan
imc2024_lizard_pond,outliers,pond_01024.png,nan;nan;nan;nan;nan;nan;nan;nan;nan,nan;nan;nan
imc2024_lizard_pond,outliers,pond_00915.png,nan;nan;nan;nan;nan;nan;nan;nan;nan,nan;nan;nan
imc2024_lizard_pond,outliers,pond_00508.png,nan;nan;nan;nan;nan;nan;nan;nan;nan,nan;nan;nan
imc2024_lizard_pond,outliers,pond_01061.png,nan;nan;nan;nan;nan;nan;nan;nan;nan,nan;nan;nan
imc2024_lizard_pond,outliers,pond_00300.png,nan;nan;nan;nan;nan;nan;nan;nan;nan,nan;nan;nan
imc2024_lizard_pond,outliers,pond_00958.png,nan;nan;nan;nan;nan;nan;nan;nan;nan,nan;nan;nan
imc2024_lizard_pond,outliers,pond_00196.png,nan;nan;nan;nan;nan;nan;nan;nan;nan,nan;nan;nan
imc2024_lizard_pond,outliers,pond_01136.png,nan;nan;nan;nan;nan;nan;nan;nan;nan,nan;nan;nan
imc2024_lizard_pond,outliers,pond_00974.png,nan;nan;nan;nan;nan;nan;nan;nan;nan,nan;nan;nan
imc2024_lizard_pond,outliers,pond_01131.png,nan;nan;nan;nan;nan;nan;nan;nan;nan,nan;nan;nan
imc2024_lizard_pond,outliers,pond_00726.png,nan;nan;nan;nan;nan;nan;nan;nan;nan,nan;nan;nan
imc2024_lizard_pond,outliers,pond_01138.png,nan;nan;nan;nan;nan;nan;nan;nan;nan,nan;nan;nan
imc2024_lizard_pond,outliers,pond_00047.png,nan;nan;nan;nan;nan;nan;nan;nan;nan,nan;nan;nan
imc2024_lizard_pond,outliers,pond_00548.png,nan;nan;nan;nan;nan;nan;nan;nan;nan,nan;nan;nan
imc2024_lizard_pond,outliers,pond_00016.png,nan;nan;nan;nan;nan;nan;nan;nan;nan,nan;nan;nan
imc2024_lizard_pond,outliers,pond_00195.png,nan;nan;nan;nan;nan;nan;nan;nan;nan,nan;nan;nan
imc2024_lizard_pond,outliers,pond_00941.png,nan;nan;nan;nan;nan;nan;nan;nan;nan,nan;nan;nan
imc2024_lizard_pond,outliers,pond_00070.png,nan;nan;nan;nan;nan;nan;nan;nan;nan,nan;nan;nan
imc2024_lizard_pond,outliers,pond_00637.png,nan;nan;nan;nan;nan;nan;nan;nan;nan,nan;nan;nan
imc2024_lizard_pond,outliers,pond_00864.png,nan;nan;nan;nan;nan;nan;nan;nan;nan,nan;nan;nan
imc2024_lizard_pond,outliers,pond_01035.png,nan;nan;nan;nan;nan;nan;nan;nan;nan,nan;nan;nan
imc2024_lizard_pond,outliers,pond_01120.png,nan;nan;nan;nan;nan;nan;nan;nan;nan,nan;nan;nan
imc2024_lizard_pond,outliers,pond_00274.png,nan;nan;nan;nan;nan;nan;nan;nan;nan,nan;nan;nan
imc2024_lizard_pond,outliers,pond_00135.png,nan;nan;nan;nan;nan;nan;nan;nan;nan,nan;nan;nan
imc2024_lizard_pond,outliers,pond_00914.png,nan;nan;nan;nan;nan;nan;nan;nan;nan,nan;nan;nan
imc2024_lizard_pond,outliers,pond_00352.png,nan;nan;nan;nan;nan;nan;nan;nan;nan,nan;nan;nan
imc2024_lizard_pond,outliers,pond_01088.png,nan;nan;nan;nan;nan;nan;nan;nan;nan,nan;nan;nan
imc2024_lizard_pond,outliers,pond_00011.png,nan;nan;nan;nan;nan;nan;nan;nan;nan,nan;nan;nan
imc2024_lizard_pond,outliers,pond_01068.png,nan;nan;nan;nan;nan;nan;nan;nan;nan,nan;nan;nan
imc2024_lizard_pond,outliers,pond_00440.png,nan;nan;nan;nan;nan;nan;nan;nan;nan,nan;nan;nan
imc2024_lizard_pond,outliers,pond_00030.png,nan;nan;nan;nan;nan;nan;nan;nan;nan,nan;nan;nan
imc2024_lizard_pond,outliers,pond_00324.png,nan;nan;nan;nan;nan;nan;nan;nan;nan,nan;nan;nan
imc2024_lizard_pond,outliers,pond_00499.png,nan;nan;nan;nan;nan;nan;nan;nan;nan,nan;nan;nan
imc2024_lizard_pond,outliers,pond_01020.png,nan;nan;nan;nan;nan;nan;nan;nan;nan,nan;nan;nan
imc2024_lizard_pond,outliers,pond_00955.png,nan;nan;nan;nan;nan;nan;nan;nan;nan,nan;nan;nan
imc2024_lizard_pond,outliers,pond_00450.png,nan;nan;nan;nan;nan;nan;nan;nan;nan,nan;nan;nan
imc2024_lizard_pond,outliers,pond_00596.png,nan;nan;nan;nan;nan;nan;nan;nan;nan,nan;nan;nan
imc2024_lizard_pond,outliers,pond_00567.png,nan;nan;nan;nan;nan;nan;nan;nan;nan,nan;nan;nan
imc2024_lizard_pond,outliers,pond_00509.png,nan;nan;nan;nan;nan;nan;nan;nan;nan,nan;nan;nan
imc2024_lizard_pond,outliers,pond_00333.png,nan;nan;nan;nan;nan;nan;nan;nan;nan,nan;nan;nan
imc2024_lizard_pond,outliers,pond_00896.png,nan;nan;nan;nan;nan;nan;nan;nan;nan,nan;nan;nan
imc2024_lizard_pond,outliers,pond_00750.png,nan;nan;nan;nan;nan;nan;nan;nan;nan,nan;nan;nan
imc2024_lizard_pond,outliers,pond_00779.png,nan;nan;nan;nan;nan;nan;nan;nan;nan,nan;nan;nan
imc2024_lizard_pond,outliers,pond_00143.png,nan;nan;nan;nan;nan;nan;nan;nan;nan,nan;nan;nan
imc2024_lizard_pond,outliers,pond_00043.png,nan;nan;nan;nan;nan;nan;nan;nan;nan,nan;nan;nan
imc2024_lizard_pond,outliers,pond_00122.png,nan;nan;nan;nan;nan;nan;nan;nan;nan,nan;nan;nan
imc2024_lizard_pond,outliers,pond_00793.png,nan;nan;nan;nan;nan;nan;nan;nan;nan,nan;nan;nan
imc2024_lizard_pond,outliers,pond_00293.png,nan;nan;nan;nan;nan;nan;nan;nan;nan,nan;nan;nan
imc2024_lizard_pond,outliers,pond_00834.png,nan;nan;nan;nan;nan;nan;nan;nan;nan,nan;nan;nan
imc2024_lizard_pond,outliers,pond_00129.png,nan;nan;nan;nan;nan;nan;nan;nan;nan,nan;nan;nan
imc2024_lizard_pond,outliers,pond_00605.png,nan;nan;nan;nan;nan;nan;nan;nan;nan,nan;nan;nan
imc2024_lizard_pond,outliers,pond_00306.png,nan;nan;nan;nan;nan;nan;nan;nan;nan,nan;nan;nan
imc2024_lizard_pond,outliers,pond_00086.png,nan;nan;nan;nan;nan;nan;nan;nan;nan,nan;nan;nan
imc2024_lizard_pond,outliers,pond_00893.png,nan;nan;nan;nan;nan;nan;nan;nan;nan,nan;nan;nan
imc2024_lizard_pond,outliers,pond_00476.png,nan;nan;nan;nan;nan;nan;nan;nan;nan,nan;nan;nan
imc2024_lizard_pond,outliers,pond_00724.png,nan;nan;nan;nan;nan;nan;nan;nan;nan,nan;nan;nan
imc2024_lizard_pond,outliers,pond_00796.png,nan;nan;nan;nan;nan;nan;nan;nan;nan,nan;nan;nan
imc2024_lizard_pond,outliers,pond_00634.png,nan;nan;nan;nan;nan;nan;nan;nan;nan,nan;nan;nan
imc2024_lizard_pond,outliers,pond_00456.png,nan;nan;nan;nan;nan;nan;nan;nan;nan,nan;nan;nan
imc2024_lizard_pond,outliers,pond_01133.png,nan;nan;nan;nan;nan;nan;nan;nan;nan,nan;nan;nan
imc2024_lizard_pond,outliers,pond_00231.png,nan;nan;nan;nan;nan;nan;nan;nan;nan,nan;nan;nan
imc2024_lizard_pond,outliers,pond_00359.png,nan;nan;nan;nan;nan;nan;nan;nan;nan,nan;nan;nan
imc2024_lizard_pond,outliers,pond_00997.png,nan;nan;nan;nan;nan;nan;nan;nan;nan,nan;nan;nan
imc2024_lizard_pond,outliers,pond_00429.png,nan;nan;nan;nan;nan;nan;nan;nan;nan,nan;nan;nan
imc2024_lizard_pond,outliers,pond_00658.png,nan;nan;nan;nan;nan;nan;nan;nan;nan,nan;nan;nan
imc2024_lizard_pond,outliers,pond_00696.png,nan;nan;nan;nan;nan;nan;nan;nan;nan,nan;nan;nan
imc2024_lizard_pond,outliers,pond_00878.png,nan;nan;nan;nan;nan;nan;nan;nan;nan,nan;nan;nan
imc2024_lizard_pond,outliers,pond_00474.png,nan;nan;nan;nan;nan;nan;nan;nan;nan,nan;nan;nan
imc2024_lizard_pond,outliers,pond_00617.png,nan;nan;nan;nan;nan;nan;nan;nan;nan,nan;nan;nan
imc2024_lizard_pond,outliers,pond_00574.png,nan;nan;nan;nan;nan;nan;nan;nan;nan,nan;nan;nan
imc2024_lizard_pond,outliers,pond_00007.png,nan;nan;nan;nan;nan;nan;nan;nan;nan,nan;nan;nan
imc2024_lizard_pond,outliers,pond_00181.png,nan;nan;nan;nan;nan;nan;nan;nan;nan,nan;nan;nan
imc2024_lizard_pond,outliers,pond_00210.png,nan;nan;nan;nan;nan;nan;nan;nan;nan,nan;nan;nan
imc2024_lizard_pond,outliers,pond_00421.png,nan;nan;nan;nan;nan;nan;nan;nan;nan,nan;nan;nan
imc2024_lizard_pond,outliers,pond_00558.png,nan;nan;nan;nan;nan;nan;nan;nan;nan,nan;nan;nan
imc2024_lizard_pond,outliers,pond_00095.png,nan;nan;nan;nan;nan;nan;nan;nan;nan,nan;nan;nan
imc2024_lizard_pond,outliers,pond_00162.png,nan;nan;nan;nan;nan;nan;nan;nan;nan,nan;nan;nan
imc2024_lizard_pond,outliers,pond_00920.png,nan;nan;nan;nan;nan;nan;nan;nan;nan,nan;nan;nan
imc2024_lizard_pond,outliers,pond_00493.png,nan;nan;nan;nan;nan;nan;nan;nan;nan,nan;nan;nan
imc2024_lizard_pond,outliers,pond_00199.png,nan;nan;nan;nan;nan;nan;nan;nan;nan,nan;nan;nan
imc2024_lizard_pond,outliers,pond_00006.png,nan;nan;nan;nan;nan;nan;nan;nan;nan,nan;nan;nan
imc2024_lizard_pond,outliers,pond_00491.png,nan;nan;nan;nan;nan;nan;nan;nan;nan,nan;nan;nan
imc2024_lizard_pond,outliers,pond_00472.png,nan;nan;nan;nan;nan;nan;nan;nan;nan,nan;nan;nan
imc2024_lizard_pond,outliers,pond_00573.png,nan;nan;nan;nan;nan;nan;nan;nan;nan,nan;nan;nan
imc2024_lizard_pond,outliers,pond_00644.png,nan;nan;nan;nan;nan;nan;nan;nan;nan,nan;nan;nan
pt_brandenburg_british_buckingham,outliers,british_museum_15144115_117839432.png,nan;nan;nan;nan;nan;nan;nan;nan;nan,nan;nan;nan
pt_brandenburg_british_buckingham,outliers,british_museum_96255967_5091378744.png,nan;nan;nan;nan;nan;nan;nan;nan;nan,nan;nan;nan
pt_brandenburg_british_buckingham,outliers,british_museum_03576546_367645446.png,nan;nan;nan;nan;nan;nan;nan;nan;nan,nan;nan;nan
pt_brandenburg_british_buckingham,outliers,british_museum_62774028_4348685003.png,nan;nan;nan;nan;nan;nan;nan;nan;nan,nan;nan;nan
pt_brandenburg_british_buckingham,outliers,british_museum_68914717_4070962405.png,nan;nan;nan;nan;nan;nan;nan;nan;nan,nan;nan;nan
pt_brandenburg_british_buckingham,outliers,british_museum_84932226_4352179060.png,nan;nan;nan;nan;nan;nan;nan;nan;nan,nan;nan;nan
pt_brandenburg_british_buckingham,outliers,british_museum_93658023_4980549800.png,nan;nan;nan;nan;nan;nan;nan;nan;nan,nan;nan;nan
pt_brandenburg_british_buckingham,outliers,british_museum_54432186_6732914439.png,nan;nan;nan;nan;nan;nan;nan;nan;nan,nan;nan;nan
pt_brandenburg_british_buckingham,outliers,british_museum_87893778_8781019493.png,nan;nan;nan;nan;nan;nan;nan;nan;nan,nan;nan;nan
pt_brandenburg_british_buckingham,outliers,british_museum_91782790_275554656.png,nan;nan;nan;nan;nan;nan;nan;nan;nan,nan;nan;nan
pt_brandenburg_british_buckingham,outliers,british_museum_19254317_158538587.png,nan;nan;nan;nan;nan;nan;nan;nan;nan,nan;nan;nan
pt_brandenburg_british_buckingham,outliers,british_museum_61892850_2364933018.png,nan;nan;nan;nan;nan;nan;nan;nan;nan,nan;nan;nan
pt_brandenburg_british_buckingham,outliers,british_museum_60624404_7093768535.png,nan;nan;nan;nan;nan;nan;nan;nan;nan,nan;nan;nan
pt_brandenburg_british_buckingham,outliers,british_museum_21757263_3848724084.png,nan;nan;nan;nan;nan;nan;nan;nan;nan,nan;nan;nan
pt_brandenburg_british_buckingham,outliers,british_museum_73748105_4531531922.png,nan;nan;nan;nan;nan;nan;nan;nan;nan,nan;nan;nan
pt_brandenburg_british_buckingham,outliers,british_museum_19811771_3152186510.png,nan;nan;nan;nan;nan;nan;nan;nan;nan,nan;nan;nan
pt_brandenburg_british_buckingham,outliers,british_museum_72728072_3851668437.png,nan;nan;nan;nan;nan;nan;nan;nan;nan,nan;nan;nan
pt_brandenburg_british_buckingham,outliers,british_museum_78242267_4404579754.png,nan;nan;nan;nan;nan;nan;nan;nan;nan,nan;nan;nan
pt_brandenburg_british_buckingham,outliers,british_museum_67521166_4735236552.png,nan;nan;nan;nan;nan;nan;nan;nan;nan,nan;nan;nan
pt_brandenburg_british_buckingham,outliers,british_museum_67772160_2655952816.png,nan;nan;nan;nan;nan;nan;nan;nan;nan,nan;nan;nan
pt_brandenburg_british_buckingham,outliers,british_museum_99480770_3945403640.png,nan;nan;nan;nan;nan;nan;nan;nan;nan,nan;nan;nan
pt_brandenburg_british_buckingham,outliers,british_museum_42803655_6429621523.png,nan;nan;nan;nan;nan;nan;nan;nan;nan,nan;nan;nan
pt_brandenburg_british_buckingham,outliers,british_museum_53881364_5029031037.png,nan;nan;nan;nan;nan;nan;nan;nan;nan,nan;nan;nan
pt_brandenburg_british_buckingham,outliers,british_museum_66393650_5300086486.png,nan;nan;nan;nan;nan;nan;nan;nan;nan,nan;nan;nan
pt_brandenburg_british_buckingham,outliers,british_museum_90095149_11613863483.png,nan;nan;nan;nan;nan;nan;nan;nan;nan,nan;nan;nan
pt_brandenburg_british_buckingham,outliers,british_museum_76518628_3747715512.png,nan;nan;nan;nan;nan;nan;nan;nan;nan,nan;nan;nan
pt_brandenburg_british_buckingham,outliers,british_museum_39461890_106560712.png,nan;nan;nan;nan;nan;nan;nan;nan;nan,nan;nan;nan
pt_brandenburg_british_buckingham,outliers,british_museum_09362272_3871121693.png,nan;nan;nan;nan;nan;nan;nan;nan;nan,nan;nan;nan
pt_brandenburg_british_buckingham,outliers,british_museum_99981082_8904760272.png,nan;nan;nan;nan;nan;nan;nan;nan;nan,nan;nan;nan
pt_brandenburg_british_buckingham,outliers,british_museum_78137733_4059821853.png,nan;nan;nan;nan;nan;nan;nan;nan;nan,nan;nan;nan
pt_brandenburg_british_buckingham,outliers,british_museum_89208997_5875216727.png,nan;nan;nan;nan;nan;nan;nan;nan;nan,nan;nan;nan
pt_brandenburg_british_buckingham,outliers,british_museum_45839934_4117745134.png,nan;nan;nan;nan;nan;nan;nan;nan;nan,nan;nan;nan
pt_brandenburg_british_buckingham,outliers,british_museum_67471600_1224757581.png,nan;nan;nan;nan;nan;nan;nan;nan;nan,nan;nan;nan
pt_brandenburg_british_buckingham,outliers,british_museum_26677707_11389887745.png,nan;nan;nan;nan;nan;nan;nan;nan;nan,nan;nan;nan
pt_brandenburg_british_buckingham,outliers,british_museum_63647221_4349439258.png,nan;nan;nan;nan;nan;nan;nan;nan;nan,nan;nan;nan
pt_brandenburg_british_buckingham,outliers,british_museum_51111273_4980544542.png,nan;nan;nan;nan;nan;nan;nan;nan;nan,nan;nan;nan
pt_brandenburg_british_buckingham,outliers,british_museum_27732591_4349424252.png,nan;nan;nan;nan;nan;nan;nan;nan;nan,nan;nan;nan
pt_brandenburg_british_buckingham,outliers,british_museum_28309287_5482270912.png,nan;nan;nan;nan;nan;nan;nan;nan;nan,nan;nan;nan
pt_brandenburg_british_buckingham,outliers,british_museum_27779894_6489328657.png,nan;nan;nan;nan;nan;nan;nan;nan;nan,nan;nan;nan
pt_brandenburg_british_buckingham,outliers,british_museum_66747696_4734591579.png,nan;nan;nan;nan;nan;nan;nan;nan;nan,nan;nan;nan
pt_brandenburg_british_buckingham,outliers,british_museum_04790098_4924719784.png,nan;nan;nan;nan;nan;nan;nan;nan;nan,nan;nan;nan
pt_brandenburg_british_buckingham,outliers,british_museum_95591790_8233423442.png,nan;nan;nan;nan;nan;nan;nan;nan;nan,nan;nan;nan
pt_brandenburg_british_buckingham,outliers,british_museum_66361736_3945101598.png,nan;nan;nan;nan;nan;nan;nan;nan;nan,nan;nan;nan
pt_brandenburg_british_buckingham,outliers,british_museum_67894974_9704498288.png,nan;nan;nan;nan;nan;nan;nan;nan;nan,nan;nan;nan
pt_brandenburg_british_buckingham,outliers,british_museum_21326450_90598151.png,nan;nan;nan;nan;nan;nan;nan;nan;nan,nan;nan;nan
pt_brandenburg_british_buckingham,outliers,british_museum_56818398_67603532.png,nan;nan;nan;nan;nan;nan;nan;nan;nan,nan;nan;nan
pt_brandenburg_british_buckingham,outliers,british_museum_98018049_7167451918.png,nan;nan;nan;nan;nan;nan;nan;nan;nan,nan;nan;nan
pt_brandenburg_british_buckingham,outliers,british_museum_74626542_2453940576.png,nan;nan;nan;nan;nan;nan;nan;nan;nan,nan;nan;nan
pt_brandenburg_british_buckingham,outliers,british_museum_09740642_11372944273.png,nan;nan;nan;nan;nan;nan;nan;nan;nan,nan;nan;nan
pt_brandenburg_british_buckingham,outliers,british_museum_99662030_3945401118.png,nan;nan;nan;nan;nan;nan;nan;nan;nan,nan;nan;nan
pt_brandenburg_british_buckingham,outliers,british_museum_78567520_2219457772.png,nan;nan;nan;nan;nan;nan;nan;nan;nan,nan;nan;nan
pt_brandenburg_british_buckingham,outliers,british_museum_85835963_3490488375.png,nan;nan;nan;nan;nan;nan;nan;nan;nan,nan;nan;nan
pt_brandenburg_british_buckingham,outliers,british_museum_09218102_3818070255.png,nan;nan;nan;nan;nan;nan;nan;nan;nan,nan;nan;nan
pt_brandenburg_british_buckingham,outliers,british_museum_17892330_2218662345.png,nan;nan;nan;nan;nan;nan;nan;nan;nan,nan;nan;nan
pt_brandenburg_british_buckingham,outliers,british_museum_31925345_5986804667.png,nan;nan;nan;nan;nan;nan;nan;nan;nan,nan;nan;nan
pt_brandenburg_british_buckingham,outliers,british_museum_73406890_5043569825.png,nan;nan;nan;nan;nan;nan;nan;nan;nan,nan;nan;nan
pt_brandenburg_british_buckingham,outliers,british_museum_80976991_8342057400.png,nan;nan;nan;nan;nan;nan;nan;nan;nan,nan;nan;nan
pt_brandenburg_british_buckingham,outliers,british_museum_94308218_4349427490.png,nan;nan;nan;nan;nan;nan;nan;nan;nan,nan;nan;nan
pt_brandenburg_british_buckingham,outliers,british_museum_39667919_12715742453.png,nan;nan;nan;nan;nan;nan;nan;nan;nan,nan;nan;nan
pt_brandenburg_british_buckingham,outliers,british_museum_77196526_11613990374.png,nan;nan;nan;nan;nan;nan;nan;nan;nan,nan;nan;nan
pt_brandenburg_british_buckingham,outliers,british_museum_32520806_97760578.png,nan;nan;nan;nan;nan;nan;nan;nan;nan,nan;nan;nan
pt_brandenburg_british_buckingham,outliers,british_museum_25308247_4757972250.png,nan;nan;nan;nan;nan;nan;nan;nan;nan,nan;nan;nan
pt_brandenburg_british_buckingham,outliers,british_museum_92242343_4351333520.png,nan;nan;nan;nan;nan;nan;nan;nan;nan,nan;nan;nan
pt_brandenburg_british_buckingham,outliers,british_museum_84019782_6926081795.png,nan;nan;nan;nan;nan;nan;nan;nan;nan,nan;nan;nan
pt_brandenburg_british_buckingham,outliers,british_museum_61744140_838726075.png,nan;nan;nan;nan;nan;nan;nan;nan;nan,nan;nan;nan
pt_brandenburg_british_buckingham,outliers,british_museum_83025239_9530039386.png,nan;nan;nan;nan;nan;nan;nan;nan;nan,nan;nan;nan
pt_brandenburg_british_buckingham,outliers,british_museum_30495805_5912735553.png,nan;nan;nan;nan;nan;nan;nan;nan;nan,nan;nan;nan
pt_brandenburg_british_buckingham,outliers,british_museum_90026426_4349430506.png,nan;nan;nan;nan;nan;nan;nan;nan;nan,nan;nan;nan
pt_brandenburg_british_buckingham,outliers,british_museum_17406933_4349448982.png,nan;nan;nan;nan;nan;nan;nan;nan;nan,nan;nan;nan
pt_brandenburg_british_buckingham,outliers,british_museum_59356487_3468534134.png,nan;nan;nan;nan;nan;nan;nan;nan;nan,nan;nan;nan
pt_brandenburg_british_buckingham,outliers,british_museum_73361450_117839447.png,nan;nan;nan;nan;nan;nan;nan;nan;nan,nan;nan;nan
pt_brandenburg_british_buckingham,outliers,british_museum_21021803_3610519149.png,nan;nan;nan;nan;nan;nan;nan;nan;nan,nan;nan;nan
pt_brandenburg_british_buckingham,outliers,british_museum_29840064_6240820088.png,nan;nan;nan;nan;nan;nan;nan;nan;nan,nan;nan;nan
pt_brandenburg_british_buckingham,outliers,british_museum_52641281_5921667676.png,nan;nan;nan;nan;nan;nan;nan;nan;nan,nan;nan;nan
pt_brandenburg_british_buckingham,outliers,british_museum_32161143_8079875050.png,nan;nan;nan;nan;nan;nan;nan;nan;nan,nan;nan;nan
pt_brandenburg_british_buckingham,outliers,buckingham_palace_66580063_2204250033.png,nan;nan;nan;nan;nan;nan;nan;nan;nan,nan;nan;nan
pt_brandenburg_british_buckingham,outliers,buckingham_palace_42572558_3847795752.png,nan;nan;nan;nan;nan;nan;nan;nan;nan,nan;nan;nan
pt_brandenburg_british_buckingham,outliers,buckingham_palace_73465264_3740611434.png,nan;nan;nan;nan;nan;nan;nan;nan;nan,nan;nan;nan
pt_brandenburg_british_buckingham,outliers,buckingham_palace_34791488_2406713663.png,nan;nan;nan;nan;nan;nan;nan;nan;nan,nan;nan;nan
pt_brandenburg_british_buckingham,outliers,buckingham_palace_11272171_837310675.png,nan;nan;nan;nan;nan;nan;nan;nan;nan,nan;nan;nan
pt_brandenburg_british_buckingham,outliers,buckingham_palace_59875279_3803024920.png,nan;nan;nan;nan;nan;nan;nan;nan;nan,nan;nan;nan
pt_brandenburg_british_buckingham,outliers,buckingham_palace_70462905_5669092857.png,nan;nan;nan;nan;nan;nan;nan;nan;nan,nan;nan;nan
pt_brandenburg_british_buckingham,outliers,buckingham_palace_85181405_8612250269.png,nan;nan;nan;nan;nan;nan;nan;nan;nan,nan;nan;nan
pt_brandenburg_british_buckingham,outliers,buckingham_palace_82600926_8760297100.png,nan;nan;nan;nan;nan;nan;nan;nan;nan,nan;nan;nan
pt_brandenburg_british_buckingham,outliers,buckingham_palace_38217522_12120715573.png,nan;nan;nan;nan;nan;nan;nan;nan;nan,nan;nan;nan
pt_brandenburg_british_buckingham,outliers,buckingham_palace_86418271_9241595670.png,nan;nan;nan;nan;nan;nan;nan;nan;nan,nan;nan;nan
pt_brandenburg_british_buckingham,outliers,buckingham_palace_69568614_12055226536.png,nan;nan;nan;nan;nan;nan;nan;nan;nan,nan;nan;nan
pt_brandenburg_british_buckingham,outliers,buckingham_palace_54621533_151517675.png,nan;nan;nan;nan;nan;nan;nan;nan;nan,nan;nan;nan
pt_brandenburg_british_buckingham,outliers,buckingham_palace_77667400_439062740.png,nan;nan;nan;nan;nan;nan;nan;nan;nan,nan;nan;nan
pt_brandenburg_british_buckingham,outliers,buckingham_palace_76669421_1878873201.png,nan;nan;nan;nan;nan;nan;nan;nan;nan,nan;nan;nan
pt_brandenburg_british_buckingham,outliers,buckingham_palace_81876166_676507850.png,nan;nan;nan;nan;nan;nan;nan;nan;nan,nan;nan;nan
pt_brandenburg_british_buckingham,outliers,buckingham_palace_35128922_3585104193.png,nan;nan;nan;nan;nan;nan;nan;nan;nan,nan;nan;nan
pt_brandenburg_british_buckingham,outliers,buckingham_palace_25910232_4557319964.png,nan;nan;nan;nan;nan;nan;nan;nan;nan,nan;nan;nan
pt_brandenburg_british_buckingham,outliers,buckingham_palace_20371484_12209806.png,nan;nan;nan;nan;nan;nan;nan;nan;nan,nan;nan;nan
pt_brandenburg_british_buckingham,outliers,buckingham_palace_89367054_672839242.png,nan;nan;nan;nan;nan;nan;nan;nan;nan,nan;nan;nan
pt_brandenburg_british_buckingham,outliers,buckingham_palace_46109345_5162840183.png,nan;nan;nan;nan;nan;nan;nan;nan;nan,nan;nan;nan
pt_brandenburg_british_buckingham,outliers,buckingham_palace_82116100_4565320676.png,nan;nan;nan;nan;nan;nan;nan;nan;nan,nan;nan;nan
pt_brandenburg_british_buckingham,outliers,buckingham_palace_35301556_5755414976.png,nan;nan;nan;nan;nan;nan;nan;nan;nan,nan;nan;nan
pt_brandenburg_british_buckingham,outliers,buckingham_palace_39291857_1523464373.png,nan;nan;nan;nan;nan;nan;nan;nan;nan,nan;nan;nan
pt_brandenburg_british_buckingham,outliers,buckingham_palace_84522886_5954681667.png,nan;nan;nan;nan;nan;nan;nan;nan;nan,nan;nan;nan
pt_brandenburg_british_buckingham,outliers,buckingham_palace_85556619_3740631958.png,nan;nan;nan;nan;nan;nan;nan;nan;nan,nan;nan;nan
pt_brandenburg_british_buckingham,outliers,buckingham_palace_93037627_13638822993.png,nan;nan;nan;nan;nan;nan;nan;nan;nan,nan;nan;nan
pt_brandenburg_british_buckingham,outliers,buckingham_palace_70979018_2078157897.png,nan;nan;nan;nan;nan;nan;nan;nan;nan,nan;nan;nan
pt_brandenburg_british_buckingham,outliers,buckingham_palace_64822253_2217151982.png,nan;nan;nan;nan;nan;nan;nan;nan;nan,nan;nan;nan
pt_brandenburg_british_buckingham,outliers,buckingham_palace_62660707_10596782846.png,nan;nan;nan;nan;nan;nan;nan;nan;nan,nan;nan;nan
pt_brandenburg_british_buckingham,outliers,buckingham_palace_28542033_5434317589.png,nan;nan;nan;nan;nan;nan;nan;nan;nan,nan;nan;nan
pt_brandenburg_british_buckingham,outliers,buckingham_palace_61805239_2253432740.png,nan;nan;nan;nan;nan;nan;nan;nan;nan,nan;nan;nan
pt_brandenburg_british_buckingham,outliers,buckingham_palace_51699589_9343866373.png,nan;nan;nan;nan;nan;nan;nan;nan;nan,nan;nan;nan
pt_brandenburg_british_buckingham,outliers,buckingham_palace_21697383_6430594307.png,nan;nan;nan;nan;nan;nan;nan;nan;nan,nan;nan;nan
pt_brandenburg_british_buckingham,outliers,buckingham_palace_16774617_219184039.png,nan;nan;nan;nan;nan;nan;nan;nan;nan,nan;nan;nan
pt_brandenburg_british_buckingham,outliers,buckingham_palace_89205589_356802584.png,nan;nan;nan;nan;nan;nan;nan;nan;nan,nan;nan;nan
pt_brandenburg_british_buckingham,outliers,buckingham_palace_12842704_470297372.png,nan;nan;nan;nan;nan;nan;nan;nan;nan,nan;nan;nan
pt_brandenburg_british_buckingham,outliers,buckingham_palace_05394210_3325092555.png,nan;nan;nan;nan;nan;nan;nan;nan;nan,nan;nan;nan
pt_brandenburg_british_buckingham,outliers,buckingham_palace_38257186_6252086513.png,nan;nan;nan;nan;nan;nan;nan;nan;nan,nan;nan;nan
pt_brandenburg_british_buckingham,outliers,buckingham_palace_39528348_6563861043.png,nan;nan;nan;nan;nan;nan;nan;nan;nan,nan;nan;nan
pt_brandenburg_british_buckingham,outliers,buckingham_palace_14258385_9378732166.png,nan;nan;nan;nan;nan;nan;nan;nan;nan,nan;nan;nan
pt_brandenburg_british_buckingham,outliers,buckingham_palace_37797945_4824569303.png,nan;nan;nan;nan;nan;nan;nan;nan;nan,nan;nan;nan
pt_brandenburg_british_buckingham,outliers,buckingham_palace_62469402_3202824067.png,nan;nan;nan;nan;nan;nan;nan;nan;nan,nan;nan;nan
pt_brandenburg_british_buckingham,outliers,buckingham_palace_66580194_6996358425.png,nan;nan;nan;nan;nan;nan;nan;nan;nan,nan;nan;nan
pt_brandenburg_british_buckingham,outliers,buckingham_palace_35654194_9287834913.png,nan;nan;nan;nan;nan;nan;nan;nan;nan,nan;nan;nan
pt_brandenburg_british_buckingham,outliers,buckingham_palace_52410261_4937469812.png,nan;nan;nan;nan;nan;nan;nan;nan;nan,nan;nan;nan
pt_brandenburg_british_buckingham,outliers,buckingham_palace_74296459_103436516.png,nan;nan;nan;nan;nan;nan;nan;nan;nan,nan;nan;nan
pt_brandenburg_british_buckingham,outliers,buckingham_palace_05879148_4721852797.png,nan;nan;nan;nan;nan;nan;nan;nan;nan,nan;nan;nan
pt_brandenburg_british_buckingham,outliers,buckingham_palace_67053735_5824219898.png,nan;nan;nan;nan;nan;nan;nan;nan;nan,nan;nan;nan
pt_brandenburg_british_buckingham,outliers,buckingham_palace_35686206_4081926571.png,nan;nan;nan;nan;nan;nan;nan;nan;nan,nan;nan;nan
pt_brandenburg_british_buckingham,outliers,buckingham_palace_37524858_3739802247.png,nan;nan;nan;nan;nan;nan;nan;nan;nan,nan;nan;nan
pt_brandenburg_british_buckingham,outliers,buckingham_palace_06170639_4557285016.png,nan;nan;nan;nan;nan;nan;nan;nan;nan,nan;nan;nan
pt_brandenburg_british_buckingham,outliers,buckingham_palace_59781164_3740564586.png,nan;nan;nan;nan;nan;nan;nan;nan;nan,nan;nan;nan
pt_brandenburg_british_buckingham,outliers,buckingham_palace_47315604_5047670100.png,nan;nan;nan;nan;nan;nan;nan;nan;nan,nan;nan;nan
pt_brandenburg_british_buckingham,outliers,buckingham_palace_80761089_1260341347.png,nan;nan;nan;nan;nan;nan;nan;nan;nan,nan;nan;nan
pt_brandenburg_british_buckingham,outliers,buckingham_palace_21167644_8707271738.png,nan;nan;nan;nan;nan;nan;nan;nan;nan,nan;nan;nan
pt_brandenburg_british_buckingham,outliers,buckingham_palace_44573130_5715131949.png,nan;nan;nan;nan;nan;nan;nan;nan;nan,nan;nan;nan
pt_brandenburg_british_buckingham,outliers,buckingham_palace_08413293_4591289960.png,nan;nan;nan;nan;nan;nan;nan;nan;nan,nan;nan;nan
pt_brandenburg_british_buckingham,outliers,buckingham_palace_40942590_10086689274.png,nan;nan;nan;nan;nan;nan;nan;nan;nan,nan;nan;nan
pt_brandenburg_british_buckingham,outliers,buckingham_palace_04861657_8587228495.png,nan;nan;nan;nan;nan;nan;nan;nan;nan,nan;nan;nan
pt_brandenburg_british_buckingham,outliers,buckingham_palace_19226918_112883362.png,nan;nan;nan;nan;nan;nan;nan;nan;nan,nan;nan;nan
pt_brandenburg_british_buckingham,outliers,buckingham_palace_26606950_5411314264.png,nan;nan;nan;nan;nan;nan;nan;nan;nan,nan;nan;nan
pt_brandenburg_british_buckingham,outliers,buckingham_palace_49269748_4041495348.png,nan;nan;nan;nan;nan;nan;nan;nan;nan,nan;nan;nan
pt_brandenburg_british_buckingham,outliers,buckingham_palace_52402986_5523235865.png,nan;nan;nan;nan;nan;nan;nan;nan;nan,nan;nan;nan
pt_brandenburg_british_buckingham,outliers,buckingham_palace_48484647_7883607208.png,nan;nan;nan;nan;nan;nan;nan;nan;nan,nan;nan;nan
pt_brandenburg_british_buckingham,outliers,buckingham_palace_21134535_11614071253.png,nan;nan;nan;nan;nan;nan;nan;nan;nan,nan;nan;nan
pt_brandenburg_british_buckingham,outliers,buckingham_palace_94455955_3929007141.png,nan;nan;nan;nan;nan;nan;nan;nan;nan,nan;nan;nan
pt_brandenburg_british_buckingham,outliers,buckingham_palace_95865994_275402759.png,nan;nan;nan;nan;nan;nan;nan;nan;nan,nan;nan;nan
pt_brandenburg_british_buckingham,outliers,buckingham_palace_91676499_3739813019.png,nan;nan;nan;nan;nan;nan;nan;nan;nan,nan;nan;nan
pt_brandenburg_british_buckingham,outliers,buckingham_palace_36576167_9378677290.png,nan;nan;nan;nan;nan;nan;nan;nan;nan,nan;nan;nan
pt_brandenburg_british_buckingham,outliers,buckingham_palace_11299827_3665838648.png,nan;nan;nan;nan;nan;nan;nan;nan;nan,nan;nan;nan
pt_brandenburg_british_buckingham,outliers,buckingham_palace_10097113_4343681151.png,nan;nan;nan;nan;nan;nan;nan;nan;nan,nan;nan;nan
pt_brandenburg_british_buckingham,outliers,buckingham_palace_11220321_6429817645.png,nan;nan;nan;nan;nan;nan;nan;nan;nan,nan;nan;nan
pt_brandenburg_british_buckingham,outliers,buckingham_palace_91446393_39141513.png,nan;nan;nan;nan;nan;nan;nan;nan;nan,nan;nan;nan
pt_brandenburg_british_buckingham,outliers,buckingham_palace_46810479_13785513864.png,nan;nan;nan;nan;nan;nan;nan;nan;nan,nan;nan;nan
pt_brandenburg_british_buckingham,outliers,brandenburg_gate_47510282_2492277573.png,nan;nan;nan;nan;nan;nan;nan;nan;nan,nan;nan;nan
pt_brandenburg_british_buckingham,outliers,brandenburg_gate_91824386_51142061.png,nan;nan;nan;nan;nan;nan;nan;nan;nan,nan;nan;nan
pt_brandenburg_british_buckingham,outliers,brandenburg_gate_26655336_6192911644.png,nan;nan;nan;nan;nan;nan;nan;nan;nan,nan;nan;nan
pt_brandenburg_british_buckingham,outliers,brandenburg_gate_60863296_2846812457.png,nan;nan;nan;nan;nan;nan;nan;nan;nan,nan;nan;nan
pt_brandenburg_british_buckingham,outliers,brandenburg_gate_01069771_8567470929.png,nan;nan;nan;nan;nan;nan;nan;nan;nan,nan;nan;nan
pt_brandenburg_british_buckingham,outliers,brandenburg_gate_06935805_2163586273.png,nan;nan;nan;nan;nan;nan;nan;nan;nan,nan;nan;nan
pt_brandenburg_british_buckingham,outliers,brandenburg_gate_22465257_94852237.png,nan;nan;nan;nan;nan;nan;nan;nan;nan,nan;nan;nan
pt_brandenburg_british_buckingham,outliers,brandenburg_gate_73039718_4294835156.png,nan;nan;nan;nan;nan;nan;nan;nan;nan,nan;nan;nan
pt_brandenburg_british_buckingham,outliers,brandenburg_gate_94029235_930442362.png,nan;nan;nan;nan;nan;nan;nan;nan;nan,nan;nan;nan
pt_brandenburg_british_buckingham,outliers,brandenburg_gate_20133057_3035445116.png,nan;nan;nan;nan;nan;nan;nan;nan;nan,nan;nan;nan
pt_brandenburg_british_buckingham,outliers,brandenburg_gate_35200934_73110776.png,nan;nan;nan;nan;nan;nan;nan;nan;nan,nan;nan;nan
pt_brandenburg_british_buckingham,outliers,brandenburg_gate_52599802_11381897224.png,nan;nan;nan;nan;nan;nan;nan;nan;nan,nan;nan;nan
pt_brandenburg_british_buckingham,outliers,brandenburg_gate_82089809_2789175595.png,nan;nan;nan;nan;nan;nan;nan;nan;nan,nan;nan;nan
pt_brandenburg_british_buckingham,outliers,brandenburg_gate_54714905_6154442539.png,nan;nan;nan;nan;nan;nan;nan;nan;nan,nan;nan;nan
pt_brandenburg_british_buckingham,outliers,brandenburg_gate_75037828_1434507967.png,nan;nan;nan;nan;nan;nan;nan;nan;nan,nan;nan;nan
pt_brandenburg_british_buckingham,outliers,brandenburg_gate_97371403_4823878472.png,nan;nan;nan;nan;nan;nan;nan;nan;nan,nan;nan;nan
pt_brandenburg_british_buckingham,outliers,brandenburg_gate_02936509_94852264.png,nan;nan;nan;nan;nan;nan;nan;nan;nan,nan;nan;nan
pt_brandenburg_british_buckingham,outliers,brandenburg_gate_68654335_2476618452.png,nan;nan;nan;nan;nan;nan;nan;nan;nan,nan;nan;nan
pt_brandenburg_british_buckingham,outliers,brandenburg_gate_09870003_7184351941.png,nan;nan;nan;nan;nan;nan;nan;nan;nan,nan;nan;nan
pt_brandenburg_british_buckingham,outliers,brandenburg_gate_04705241_3760208106.png,nan;nan;nan;nan;nan;nan;nan;nan;nan,nan;nan;nan
pt_brandenburg_british_buckingham,outliers,brandenburg_gate_69366784_6629915323.png,nan;nan;nan;nan;nan;nan;nan;nan;nan,nan;nan;nan
pt_brandenburg_british_buckingham,outliers,brandenburg_gate_28221825_5139496129.png,nan;nan;nan;nan;nan;nan;nan;nan;nan,nan;nan;nan
pt_brandenburg_british_buckingham,outliers,brandenburg_gate_18348543_5140101294.png,nan;nan;nan;nan;nan;nan;nan;nan;nan,nan;nan;nan
pt_brandenburg_british_buckingham,outliers,brandenburg_gate_72396943_4654565284.png,nan;nan;nan;nan;nan;nan;nan;nan;nan,nan;nan;nan
pt_brandenburg_british_buckingham,outliers,brandenburg_gate_19431740_4837182516.png,nan;nan;nan;nan;nan;nan;nan;nan;nan,nan;nan;nan
pt_brandenburg_british_buckingham,outliers,brandenburg_gate_85067470_51142901.png,nan;nan;nan;nan;nan;nan;nan;nan;nan,nan;nan;nan
pt_brandenburg_british_buckingham,outliers,brandenburg_gate_60553649_2254779884.png,nan;nan;nan;nan;nan;nan;nan;nan;nan,nan;nan;nan
pt_brandenburg_british_buckingham,outliers,brandenburg_gate_47521158_5096477796.png,nan;nan;nan;nan;nan;nan;nan;nan;nan,nan;nan;nan
pt_brandenburg_british_buckingham,outliers,brandenburg_gate_93110830_1932760362.png,nan;nan;nan;nan;nan;nan;nan;nan;nan,nan;nan;nan
pt_brandenburg_british_buckingham,outliers,brandenburg_gate_08455944_11844596793.png,nan;nan;nan;nan;nan;nan;nan;nan;nan,nan;nan;nan
pt_brandenburg_british_buckingham,outliers,brandenburg_gate_18933011_9395787270.png,nan;nan;nan;nan;nan;nan;nan;nan;nan,nan;nan;nan
pt_brandenburg_british_buckingham,outliers,brandenburg_gate_23898581_3418292777.png,nan;nan;nan;nan;nan;nan;nan;nan;nan,nan;nan;nan
pt_brandenburg_british_buckingham,outliers,brandenburg_gate_08655339_301940774.png,nan;nan;nan;nan;nan;nan;nan;nan;nan,nan;nan;nan
pt_brandenburg_british_buckingham,outliers,brandenburg_gate_94045317_3752214176.png,nan;nan;nan;nan;nan;nan;nan;nan;nan,nan;nan;nan
pt_brandenburg_british_buckingham,outliers,brandenburg_gate_98157145_9159024129.png,nan;nan;nan;nan;nan;nan;nan;nan;nan,nan;nan;nan
pt_brandenburg_british_buckingham,outliers,brandenburg_gate_79167472_5876853278.png,nan;nan;nan;nan;nan;nan;nan;nan;nan,nan;nan;nan
pt_brandenburg_british_buckingham,outliers,brandenburg_gate_06809631_5499605152.png,nan;nan;nan;nan;nan;nan;nan;nan;nan,nan;nan;nan
pt_brandenburg_british_buckingham,outliers,brandenburg_gate_71214740_51142248.png,nan;nan;nan;nan;nan;nan;nan;nan;nan,nan;nan;nan
pt_brandenburg_british_buckingham,outliers,brandenburg_gate_03300929_2790010816.png,nan;nan;nan;nan;nan;nan;nan;nan;nan,nan;nan;nan
pt_brandenburg_british_buckingham,outliers,brandenburg_gate_76173312_1901163610.png,nan;nan;nan;nan;nan;nan;nan;nan;nan,nan;nan;nan
pt_brandenburg_british_buckingham,outliers,brandenburg_gate_54744886_13665893353.png,nan;nan;nan;nan;nan;nan;nan;nan;nan,nan;nan;nan
pt_brandenburg_british_buckingham,outliers,brandenburg_gate_53208747_4264002612.png,nan;nan;nan;nan;nan;nan;nan;nan;nan,nan;nan;nan
pt_brandenburg_british_buckingham,outliers,brandenburg_gate_90142764_8281118641.png,nan;nan;nan;nan;nan;nan;nan;nan;nan,nan;nan;nan
pt_brandenburg_british_buckingham,outliers,brandenburg_gate_06950806_3245016486.png,nan;nan;nan;nan;nan;nan;nan;nan;nan,nan;nan;nan
pt_brandenburg_british_buckingham,outliers,brandenburg_gate_78329459_8088722344.png,nan;nan;nan;nan;nan;nan;nan;nan;nan,nan;nan;nan
pt_brandenburg_british_buckingham,outliers,brandenburg_gate_92884278_346751510.png,nan;nan;nan;nan;nan;nan;nan;nan;nan,nan;nan;nan
pt_brandenburg_british_buckingham,outliers,brandenburg_gate_91333167_11075684623.png,nan;nan;nan;nan;nan;nan;nan;nan;nan,nan;nan;nan
pt_brandenburg_british_buckingham,outliers,brandenburg_gate_59826471_8014732885.png,nan;nan;nan;nan;nan;nan;nan;nan;nan,nan;nan;nan
pt_brandenburg_british_buckingham,outliers,brandenburg_gate_52630012_12435805525.png,nan;nan;nan;nan;nan;nan;nan;nan;nan,nan;nan;nan
pt_brandenburg_british_buckingham,outliers,brandenburg_gate_93385231_5436268017.png,nan;nan;nan;nan;nan;nan;nan;nan;nan,nan;nan;nan
pt_brandenburg_british_buckingham,outliers,brandenburg_gate_38891238_3944459389.png,nan;nan;nan;nan;nan;nan;nan;nan;nan,nan;nan;nan
pt_brandenburg_british_buckingham,outliers,brandenburg_gate_99467148_7775852980.png,nan;nan;nan;nan;nan;nan;nan;nan;nan,nan;nan;nan
pt_brandenburg_british_buckingham,outliers,brandenburg_gate_99778055_7859904484.png,nan;nan;nan;nan;nan;nan;nan;nan;nan,nan;nan;nan
pt_brandenburg_british_buckingham,outliers,brandenburg_gate_82618295_1916872032.png,nan;nan;nan;nan;nan;nan;nan;nan;nan,nan;nan;nan
pt_brandenburg_british_buckingham,outliers,brandenburg_gate_71033172_8108767503.png,nan;nan;nan;nan;nan;nan;nan;nan;nan,nan;nan;nan
pt_brandenburg_british_buckingham,outliers,brandenburg_gate_69037173_2735815523.png,nan;nan;nan;nan;nan;nan;nan;nan;nan,nan;nan;nan
pt_brandenburg_british_buckingham,outliers,brandenburg_gate_85386984_3990647856.png,nan;nan;nan;nan;nan;nan;nan;nan;nan,nan;nan;nan
pt_brandenburg_british_buckingham,outliers,brandenburg_gate_99933312_2768771111.png,nan;nan;nan;nan;nan;nan;nan;nan;nan,nan;nan;nan
pt_brandenburg_british_buckingham,outliers,brandenburg_gate_04684290_2698969364.png,nan;nan;nan;nan;nan;nan;nan;nan;nan,nan;nan;nan
pt_brandenburg_british_buckingham,outliers,brandenburg_gate_48127186_5425905321.png,nan;nan;nan;nan;nan;nan;nan;nan;nan,nan;nan;nan
pt_brandenburg_british_buckingham,outliers,brandenburg_gate_43929418_4177129462.png,nan;nan;nan;nan;nan;nan;nan;nan;nan,nan;nan;nan
pt_brandenburg_british_buckingham,outliers,brandenburg_gate_42723789_7775854318.png,nan;nan;nan;nan;nan;nan;nan;nan;nan,nan;nan;nan
pt_brandenburg_british_buckingham,outliers,brandenburg_gate_90954945_7168342309.png,nan;nan;nan;nan;nan;nan;nan;nan;nan,nan;nan;nan
pt_brandenburg_british_buckingham,outliers,brandenburg_gate_76177997_2293073399.png,nan;nan;nan;nan;nan;nan;nan;nan;nan,nan;nan;nan
pt_brandenburg_british_buckingham,outliers,brandenburg_gate_74077013_184987611.png,nan;nan;nan;nan;nan;nan;nan;nan;nan,nan;nan;nan
pt_brandenburg_british_buckingham,outliers,brandenburg_gate_33797050_227462369.png,nan;nan;nan;nan;nan;nan;nan;nan;nan,nan;nan;nan
pt_brandenburg_british_buckingham,outliers,brandenburg_gate_74576406_1433639911.png,nan;nan;nan;nan;nan;nan;nan;nan;nan,nan;nan;nan
pt_brandenburg_british_buckingham,outliers,brandenburg_gate_92841931_3067495942.png,nan;nan;nan;nan;nan;nan;nan;nan;nan,nan;nan;nan
pt_brandenburg_british_buckingham,outliers,brandenburg_gate_24072578_3313430186.png,nan;nan;nan;nan;nan;nan;nan;nan;nan,nan;nan;nan
pt_brandenburg_british_buckingham,outliers,brandenburg_gate_41213067_5831563503.png,nan;nan;nan;nan;nan;nan;nan;nan;nan,nan;nan;nan
pt_brandenburg_british_buckingham,outliers,brandenburg_gate_80142447_1434506947.png,nan;nan;nan;nan;nan;nan;nan;nan;nan,nan;nan;nan
pt_brandenburg_british_buckingham,outliers,brandenburg_gate_23128078_9800439215.png,nan;nan;nan;nan;nan;nan;nan;nan;nan,nan;nan;nan
pt_brandenburg_british_buckingham,outliers,brandenburg_gate_36555276_225381350.png,nan;nan;nan;nan;nan;nan;nan;nan;nan,nan;nan;nan
pt_brandenburg_british_buckingham,outliers,brandenburg_gate_59713287_6809504619.png,nan;nan;nan;nan;nan;nan;nan;nan;nan,nan;nan;nan
pt_brandenburg_british_buckingham,outliers,brandenburg_gate_82818583_7062231077.png,nan;nan;nan;nan;nan;nan;nan;nan;nan,nan;nan;nan
pt_piazzasanmarco_grandplace,outliers,piazza_san_marco_62119409_1192224848.png,nan;nan;nan;nan;nan;nan;nan;nan;nan,nan;nan;nan
pt_piazzasanmarco_grandplace,outliers,piazza_san_marco_62044241_3006469222.png,nan;nan;nan;nan;nan;nan;nan;nan;nan,nan;nan;nan
pt_piazzasanmarco_grandplace,outliers,piazza_san_marco_60642120_4838112159.png,nan;nan;nan;nan;nan;nan;nan;nan;nan,nan;nan;nan
pt_piazzasanmarco_grandplace,outliers,piazza_san_marco_60124074_10553534575.png,nan;nan;nan;nan;nan;nan;nan;nan;nan,nan;nan;nan
pt_piazzasanmarco_grandplace,outliers,piazza_san_marco_59702055_3587019674.png,nan;nan;nan;nan;nan;nan;nan;nan;nan,nan;nan;nan
pt_piazzasanmarco_grandplace,outliers,piazza_san_marco_57743773_3911679421.png,nan;nan;nan;nan;nan;nan;nan;nan;nan,nan;nan;nan
pt_piazzasanmarco_grandplace,outliers,piazza_san_marco_51641355_9558925683.png,nan;nan;nan;nan;nan;nan;nan;nan;nan,nan;nan;nan
pt_piazzasanmarco_grandplace,outliers,piazza_san_marco_51202043_9310221789.png,nan;nan;nan;nan;nan;nan;nan;nan;nan,nan;nan;nan
pt_piazzasanmarco_grandplace,outliers,piazza_san_marco_50153416_1936826074.png,nan;nan;nan;nan;nan;nan;nan;nan;nan,nan;nan;nan
pt_piazzasanmarco_grandplace,outliers,piazza_san_marco_49865216_1748767363.png,nan;nan;nan;nan;nan;nan;nan;nan;nan,nan;nan;nan
pt_piazzasanmarco_grandplace,outliers,piazza_san_marco_48879463_9871466366.png,nan;nan;nan;nan;nan;nan;nan;nan;nan,nan;nan;nan
pt_piazzasanmarco_grandplace,outliers,piazza_san_marco_48336247_12513898.png,nan;nan;nan;nan;nan;nan;nan;nan;nan,nan;nan;nan
pt_piazzasanmarco_grandplace,outliers,piazza_san_marco_47978286_6233178275.png,nan;nan;nan;nan;nan;nan;nan;nan;nan,nan;nan;nan
pt_piazzasanmarco_grandplace,outliers,piazza_san_marco_44559050_8123175494.png,nan;nan;nan;nan;nan;nan;nan;nan;nan,nan;nan;nan
pt_piazzasanmarco_grandplace,outliers,piazza_san_marco_43613632_3927740200.png,nan;nan;nan;nan;nan;nan;nan;nan;nan,nan;nan;nan
pt_piazzasanmarco_grandplace,outliers,piazza_san_marco_43351518_2659980686.png,nan;nan;nan;nan;nan;nan;nan;nan;nan,nan;nan;nan
pt_piazzasanmarco_grandplace,outliers,piazza_san_marco_37929918_11153434073.png,nan;nan;nan;nan;nan;nan;nan;nan;nan,nan;nan;nan
pt_piazzasanmarco_grandplace,outliers,piazza_san_marco_36422008_2674079787.png,nan;nan;nan;nan;nan;nan;nan;nan;nan,nan;nan;nan
pt_piazzasanmarco_grandplace,outliers,piazza_san_marco_36146268_3693794507.png,nan;nan;nan;nan;nan;nan;nan;nan;nan,nan;nan;nan
pt_piazzasanmarco_grandplace,outliers,piazza_san_marco_35580319_7242840168.png,nan;nan;nan;nan;nan;nan;nan;nan;nan,nan;nan;nan
pt_piazzasanmarco_grandplace,outliers,piazza_san_marco_34900147_9647945813.png,nan;nan;nan;nan;nan;nan;nan;nan;nan,nan;nan;nan
pt_piazzasanmarco_grandplace,outliers,piazza_san_marco_33370194_3086484243.png,nan;nan;nan;nan;nan;nan;nan;nan;nan,nan;nan;nan
pt_piazzasanmarco_grandplace,outliers,piazza_san_marco_32189638_13916077925.png,nan;nan;nan;nan;nan;nan;nan;nan;nan,nan;nan;nan
pt_piazzasanmarco_grandplace,outliers,piazza_san_marco_23831030_2515629875.png,nan;nan;nan;nan;nan;nan;nan;nan;nan,nan;nan;nan
pt_piazzasanmarco_grandplace,outliers,piazza_san_marco_08641657_1396164280.png,nan;nan;nan;nan;nan;nan;nan;nan;nan,nan;nan;nan
pt_piazzasanmarco_grandplace,outliers,piazza_san_marco_07961084_7175726083.png,nan;nan;nan;nan;nan;nan;nan;nan;nan,nan;nan;nan
pt_piazzasanmarco_grandplace,outliers,piazza_san_marco_05687240_1655294248.png,nan;nan;nan;nan;nan;nan;nan;nan;nan,nan;nan;nan
pt_piazzasanmarco_grandplace,outliers,piazza_san_marco_05446260_7175726639.png,nan;nan;nan;nan;nan;nan;nan;nan;nan,nan;nan;nan
pt_piazzasanmarco_grandplace,outliers,piazza_san_marco_00911019_30410665.png,nan;nan;nan;nan;nan;nan;nan;nan;nan,nan;nan;nan
pt_piazzasanmarco_grandplace,outliers,piazza_san_marco_02765213_3937871604.png,nan;nan;nan;nan;nan;nan;nan;nan;nan,nan;nan;nan
pt_piazzasanmarco_grandplace,outliers,piazza_san_marco_02938363_7768045658.png,nan;nan;nan;nan;nan;nan;nan;nan;nan,nan;nan;nan
pt_piazzasanmarco_grandplace,outliers,piazza_san_marco_03929605_4794028100.png,nan;nan;nan;nan;nan;nan;nan;nan;nan,nan;nan;nan
pt_piazzasanmarco_grandplace,outliers,piazza_san_marco_16413076_9488649958.png,nan;nan;nan;nan;nan;nan;nan;nan;nan,nan;nan;nan
pt_piazzasanmarco_grandplace,outliers,piazza_san_marco_16953110_11565839383.png,nan;nan;nan;nan;nan;nan;nan;nan;nan,nan;nan;nan
pt_piazzasanmarco_grandplace,outliers,piazza_san_marco_19489590_236391387.png,nan;nan;nan;nan;nan;nan;nan;nan;nan,nan;nan;nan
pt_piazzasanmarco_grandplace,outliers,piazza_san_marco_20308172_3751782049.png,nan;nan;nan;nan;nan;nan;nan;nan;nan,nan;nan;nan
pt_piazzasanmarco_grandplace,outliers,piazza_san_marco_21269219_11222531165.png,nan;nan;nan;nan;nan;nan;nan;nan;nan,nan;nan;nan
pt_piazzasanmarco_grandplace,outliers,piazza_san_marco_78763159_3108420750.png,nan;nan;nan;nan;nan;nan;nan;nan;nan,nan;nan;nan
pt_piazzasanmarco_grandplace,outliers,piazza_san_marco_79015492_5156227704.png,nan;nan;nan;nan;nan;nan;nan;nan;nan,nan;nan;nan
pt_piazzasanmarco_grandplace,outliers,piazza_san_marco_79425959_1797859257.png,nan;nan;nan;nan;nan;nan;nan;nan;nan,nan;nan;nan
pt_piazzasanmarco_grandplace,outliers,piazza_san_marco_79666681_10553566785.png,nan;nan;nan;nan;nan;nan;nan;nan;nan,nan;nan;nan
pt_piazzasanmarco_grandplace,outliers,piazza_san_marco_86390456_4731250935.png,nan;nan;nan;nan;nan;nan;nan;nan;nan,nan;nan;nan
pt_piazzasanmarco_grandplace,outliers,piazza_san_marco_87075524_5742959286.png,nan;nan;nan;nan;nan;nan;nan;nan;nan,nan;nan;nan
pt_piazzasanmarco_grandplace,outliers,piazza_san_marco_87197910_5742405011.png,nan;nan;nan;nan;nan;nan;nan;nan;nan,nan;nan;nan
pt_piazzasanmarco_grandplace,outliers,piazza_san_marco_89563571_5498158307.png,nan;nan;nan;nan;nan;nan;nan;nan;nan,nan;nan;nan
pt_piazzasanmarco_grandplace,outliers,piazza_san_marco_93114090_518435769.png,nan;nan;nan;nan;nan;nan;nan;nan;nan,nan;nan;nan
pt_piazzasanmarco_grandplace,outliers,piazza_san_marco_93221497_7164520549.png,nan;nan;nan;nan;nan;nan;nan;nan;nan,nan;nan;nan
pt_piazzasanmarco_grandplace,outliers,piazza_san_marco_93587382_6156273792.png,nan;nan;nan;nan;nan;nan;nan;nan;nan,nan;nan;nan
pt_piazzasanmarco_grandplace,outliers,piazza_san_marco_94011496_2894625345.png,nan;nan;nan;nan;nan;nan;nan;nan;nan,nan;nan;nan
pt_piazzasanmarco_grandplace,outliers,piazza_san_marco_92816782_2348689080.png,nan;nan;nan;nan;nan;nan;nan;nan;nan,nan;nan;nan
pt_piazzasanmarco_grandplace,outliers,piazza_san_marco_92643910_5422709475.png,nan;nan;nan;nan;nan;nan;nan;nan;nan,nan;nan;nan
pt_piazzasanmarco_grandplace,outliers,piazza_san_marco_91949369_5742957310.png,nan;nan;nan;nan;nan;nan;nan;nan;nan,nan;nan;nan
pt_piazzasanmarco_grandplace,outliers,piazza_san_marco_91363954_9618264007.png,nan;nan;nan;nan;nan;nan;nan;nan;nan,nan;nan;nan
pt_piazzasanmarco_grandplace,outliers,piazza_san_marco_91217018_430586397.png,nan;nan;nan;nan;nan;nan;nan;nan;nan,nan;nan;nan
pt_piazzasanmarco_grandplace,outliers,piazza_san_marco_90726425_1192292030.png,nan;nan;nan;nan;nan;nan;nan;nan;nan,nan;nan;nan
pt_piazzasanmarco_grandplace,outliers,piazza_san_marco_90638337_1435435593.png,nan;nan;nan;nan;nan;nan;nan;nan;nan,nan;nan;nan
pt_piazzasanmarco_grandplace,outliers,piazza_san_marco_78389630_9150785175.png,nan;nan;nan;nan;nan;nan;nan;nan;nan,nan;nan;nan
pt_piazzasanmarco_grandplace,outliers,piazza_san_marco_78197122_7042380723.png,nan;nan;nan;nan;nan;nan;nan;nan;nan,nan;nan;nan
pt_piazzasanmarco_grandplace,outliers,piazza_san_marco_76323662_4175035496.png,nan;nan;nan;nan;nan;nan;nan;nan;nan,nan;nan;nan
pt_piazzasanmarco_grandplace,outliers,piazza_san_marco_75292523_2051266090.png,nan;nan;nan;nan;nan;nan;nan;nan;nan,nan;nan;nan
pt_piazzasanmarco_grandplace,outliers,piazza_san_marco_73256062_9276377947.png,nan;nan;nan;nan;nan;nan;nan;nan;nan,nan;nan;nan
pt_piazzasanmarco_grandplace,outliers,piazza_san_marco_66788909_420268870.png,nan;nan;nan;nan;nan;nan;nan;nan;nan,nan;nan;nan
pt_piazzasanmarco_grandplace,outliers,piazza_san_marco_65627187_4621853852.png,nan;nan;nan;nan;nan;nan;nan;nan;nan,nan;nan;nan
pt_piazzasanmarco_grandplace,outliers,piazza_san_marco_65581481_3524160597.png,nan;nan;nan;nan;nan;nan;nan;nan;nan,nan;nan;nan
pt_piazzasanmarco_grandplace,outliers,piazza_san_marco_65217461_5742419027.png,nan;nan;nan;nan;nan;nan;nan;nan;nan,nan;nan;nan
pt_piazzasanmarco_grandplace,outliers,piazza_san_marco_64400658_2226109244.png,nan;nan;nan;nan;nan;nan;nan;nan;nan,nan;nan;nan
pt_piazzasanmarco_grandplace,outliers,piazza_san_marco_63338936_4890937953.png,nan;nan;nan;nan;nan;nan;nan;nan;nan,nan;nan;nan
pt_piazzasanmarco_grandplace,outliers,piazza_san_marco_62409294_4434824649.png,nan;nan;nan;nan;nan;nan;nan;nan;nan,nan;nan;nan
pt_piazzasanmarco_grandplace,outliers,grand_place_brussels_57895262_5823807439.png,nan;nan;nan;nan;nan;nan;nan;nan;nan,nan;nan;nan
pt_piazzasanmarco_grandplace,outliers,grand_place_brussels_94589793_5911133174.png,nan;nan;nan;nan;nan;nan;nan;nan;nan,nan;nan;nan
pt_piazzasanmarco_grandplace,outliers,grand_place_brussels_29589789_8732590004.png,nan;nan;nan;nan;nan;nan;nan;nan;nan,nan;nan;nan
pt_piazzasanmarco_grandplace,outliers,grand_place_brussels_32610159_13881489624.png,nan;nan;nan;nan;nan;nan;nan;nan;nan,nan;nan;nan
pt_piazzasanmarco_grandplace,outliers,grand_place_brussels_22907382_4299384445.png,nan;nan;nan;nan;nan;nan;nan;nan;nan,nan;nan;nan
pt_piazzasanmarco_grandplace,outliers,grand_place_brussels_54689750_8177752931.png,nan;nan;nan;nan;nan;nan;nan;nan;nan,nan;nan;nan
pt_piazzasanmarco_grandplace,outliers,grand_place_brussels_61195081_2862626518.png,nan;nan;nan;nan;nan;nan;nan;nan;nan,nan;nan;nan
pt_piazzasanmarco_grandplace,outliers,grand_place_brussels_61442570_1877638298.png,nan;nan;nan;nan;nan;nan;nan;nan;nan,nan;nan;nan
pt_piazzasanmarco_grandplace,outliers,grand_place_brussels_89270148_8703811409.png,nan;nan;nan;nan;nan;nan;nan;nan;nan,nan;nan;nan
pt_piazzasanmarco_grandplace,outliers,grand_place_brussels_65723931_2797767702.png,nan;nan;nan;nan;nan;nan;nan;nan;nan,nan;nan;nan
pt_piazzasanmarco_grandplace,outliers,grand_place_brussels_12461054_2954451845.png,nan;nan;nan;nan;nan;nan;nan;nan;nan,nan;nan;nan
pt_piazzasanmarco_grandplace,outliers,grand_place_brussels_63879656_8828566618.png,nan;nan;nan;nan;nan;nan;nan;nan;nan,nan;nan;nan
pt_piazzasanmarco_grandplace,outliers,grand_place_brussels_36406299_8032284977.png,nan;nan;nan;nan;nan;nan;nan;nan;nan,nan;nan;nan
pt_piazzasanmarco_grandplace,outliers,grand_place_brussels_77082765_2334078741.png,nan;nan;nan;nan;nan;nan;nan;nan;nan,nan;nan;nan
pt_piazzasanmarco_grandplace,outliers,grand_place_brussels_98365344_176581376.png,nan;nan;nan;nan;nan;nan;nan;nan;nan,nan;nan;nan
pt_piazzasanmarco_grandplace,outliers,grand_place_brussels_04102017_4543731951.png,nan;nan;nan;nan;nan;nan;nan;nan;nan,nan;nan;nan
pt_piazzasanmarco_grandplace,outliers,grand_place_brussels_19836104_416362563.png,nan;nan;nan;nan;nan;nan;nan;nan;nan,nan;nan;nan
pt_piazzasanmarco_grandplace,outliers,grand_place_brussels_09039293_8703814883.png,nan;nan;nan;nan;nan;nan;nan;nan;nan,nan;nan;nan
pt_piazzasanmarco_grandplace,outliers,grand_place_brussels_30060098_13881136865.png,nan;nan;nan;nan;nan;nan;nan;nan;nan,nan;nan;nan
pt_piazzasanmarco_grandplace,outliers,grand_place_brussels_82619588_2231634419.png,nan;nan;nan;nan;nan;nan;nan;nan;nan,nan;nan;nan
pt_piazzasanmarco_grandplace,outliers,grand_place_brussels_33996128_10532176005.png,nan;nan;nan;nan;nan;nan;nan;nan;nan,nan;nan;nan
pt_piazzasanmarco_grandplace,outliers,grand_place_brussels_03884640_3907488533.png,nan;nan;nan;nan;nan;nan;nan;nan;nan,nan;nan;nan
pt_piazzasanmarco_grandplace,outliers,grand_place_brussels_85875165_3423168615.png,nan;nan;nan;nan;nan;nan;nan;nan;nan,nan;nan;nan
pt_piazzasanmarco_grandplace,outliers,grand_place_brussels_98347882_247481604.png,nan;nan;nan;nan;nan;nan;nan;nan;nan,nan;nan;nan
pt_piazzasanmarco_grandplace,outliers,grand_place_brussels_90505934_1674425132.png,nan;nan;nan;nan;nan;nan;nan;nan;nan,nan;nan;nan
pt_piazzasanmarco_grandplace,outliers,grand_place_brussels_65600629_2179631506.png,nan;nan;nan;nan;nan;nan;nan;nan;nan,nan;nan;nan
pt_piazzasanmarco_grandplace,outliers,grand_place_brussels_57903036_6034663613.png,nan;nan;nan;nan;nan;nan;nan;nan;nan,nan;nan;nan
pt_piazzasanmarco_grandplace,outliers,grand_place_brussels_32506932_9376290469.png,nan;nan;nan;nan;nan;nan;nan;nan;nan,nan;nan;nan
pt_piazzasanmarco_grandplace,outliers,grand_place_brussels_76893682_2999450842.png,nan;nan;nan;nan;nan;nan;nan;nan;nan,nan;nan;nan
pt_piazzasanmarco_grandplace,outliers,grand_place_brussels_56929508_8486048059.png,nan;nan;nan;nan;nan;nan;nan;nan;nan,nan;nan;nan
pt_piazzasanmarco_grandplace,outliers,grand_place_brussels_12259150_2265169853.png,nan;nan;nan;nan;nan;nan;nan;nan;nan,nan;nan;nan
pt_piazzasanmarco_grandplace,outliers,grand_place_brussels_33234837_3550291978.png,nan;nan;nan;nan;nan;nan;nan;nan;nan,nan;nan;nan
pt_piazzasanmarco_grandplace,outliers,grand_place_brussels_42923853_104932205.png,nan;nan;nan;nan;nan;nan;nan;nan;nan,nan;nan;nan
pt_piazzasanmarco_grandplace,outliers,grand_place_brussels_19450330_5824490434.png,nan;nan;nan;nan;nan;nan;nan;nan;nan,nan;nan;nan
pt_piazzasanmarco_grandplace,outliers,grand_place_brussels_27114106_8683698083.png,nan;nan;nan;nan;nan;nan;nan;nan;nan,nan;nan;nan
pt_piazzasanmarco_grandplace,outliers,grand_place_brussels_95763587_2232280810.png,nan;nan;nan;nan;nan;nan;nan;nan;nan,nan;nan;nan
pt_piazzasanmarco_grandplace,outliers,grand_place_brussels_33680148_1033484404.png,nan;nan;nan;nan;nan;nan;nan;nan;nan,nan;nan;nan
pt_piazzasanmarco_grandplace,outliers,grand_place_brussels_45351744_6834302276.png,nan;nan;nan;nan;nan;nan;nan;nan;nan,nan;nan;nan
pt_piazzasanmarco_grandplace,outliers,grand_place_brussels_64752693_9379071376.png,nan;nan;nan;nan;nan;nan;nan;nan;nan,nan;nan;nan
pt_piazzasanmarco_grandplace,outliers,grand_place_brussels_80419518_5109586935.png,nan;nan;nan;nan;nan;nan;nan;nan;nan,nan;nan;nan
pt_piazzasanmarco_grandplace,outliers,grand_place_brussels_64133734_1372277262.png,nan;nan;nan;nan;nan;nan;nan;nan;nan,nan;nan;nan
pt_piazzasanmarco_grandplace,outliers,grand_place_brussels_29761653_183977068.png,nan;nan;nan;nan;nan;nan;nan;nan;nan,nan;nan;nan
pt_piazzasanmarco_grandplace,outliers,grand_place_brussels_45605507_6470820469.png,nan;nan;nan;nan;nan;nan;nan;nan;nan,nan;nan;nan
pt_piazzasanmarco_grandplace,outliers,grand_place_brussels_54789298_4426358141.png,nan;nan;nan;nan;nan;nan;nan;nan;nan,nan;nan;nan
pt_piazzasanmarco_grandplace,outliers,grand_place_brussels_37434597_3796271634.png,nan;nan;nan;nan;nan;nan;nan;nan;nan,nan;nan;nan
pt_piazzasanmarco_grandplace,outliers,grand_place_brussels_92332702_2575760403.png,nan;nan;nan;nan;nan;nan;nan;nan;nan,nan;nan;nan
pt_piazzasanmarco_grandplace,outliers,grand_place_brussels_10479978_4543725197.png,nan;nan;nan;nan;nan;nan;nan;nan;nan,nan;nan;nan
pt_piazzasanmarco_grandplace,outliers,grand_place_brussels_96196686_8643079931.png,nan;nan;nan;nan;nan;nan;nan;nan;nan,nan;nan;nan
pt_piazzasanmarco_grandplace,outliers,grand_place_brussels_75963148_11531980813.png,nan;nan;nan;nan;nan;nan;nan;nan;nan,nan;nan;nan
pt_piazzasanmarco_grandplace,outliers,grand_place_brussels_47313503_3591060105.png,nan;nan;nan;nan;nan;nan;nan;nan;nan,nan;nan;nan
pt_piazzasanmarco_grandplace,outliers,grand_place_brussels_10933059_2435329014.png,nan;nan;nan;nan;nan;nan;nan;nan;nan,nan;nan;nan
pt_piazzasanmarco_grandplace,outliers,grand_place_brussels_46564187_2334079229.png,nan;nan;nan;nan;nan;nan;nan;nan;nan,nan;nan;nan
pt_piazzasanmarco_grandplace,outliers,grand_place_brussels_23213882_6298454445.png,nan;nan;nan;nan;nan;nan;nan;nan;nan,nan;nan;nan
pt_piazzasanmarco_grandplace,outliers,grand_place_brussels_55042300_2998445423.png,nan;nan;nan;nan;nan;nan;nan;nan;nan,nan;nan;nan
pt_piazzasanmarco_grandplace,outliers,grand_place_brussels_02136283_5474380279.png,nan;nan;nan;nan;nan;nan;nan;nan;nan,nan;nan;nan
pt_piazzasanmarco_grandplace,outliers,grand_place_brussels_50058391_104937272.png,nan;nan;nan;nan;nan;nan;nan;nan;nan,nan;nan;nan
pt_piazzasanmarco_grandplace,outliers,grand_place_brussels_19785873_3796268760.png,nan;nan;nan;nan;nan;nan;nan;nan;nan,nan;nan;nan
pt_piazzasanmarco_grandplace,outliers,grand_place_brussels_84280780_9149810125.png,nan;nan;nan;nan;nan;nan;nan;nan;nan,nan;nan;nan
pt_piazzasanmarco_grandplace,outliers,grand_place_brussels_72646474_2231631573.png,nan;nan;nan;nan;nan;nan;nan;nan;nan,nan;nan;nan
pt_piazzasanmarco_grandplace,outliers,grand_place_brussels_89428328_415853343.png,nan;nan;nan;nan;nan;nan;nan;nan;nan,nan;nan;nan
pt_piazzasanmarco_grandplace,outliers,grand_place_brussels_94608068_9152036176.png,nan;nan;nan;nan;nan;nan;nan;nan;nan,nan;nan;nan
pt_piazzasanmarco_grandplace,outliers,grand_place_brussels_63358653_3107448586.png,nan;nan;nan;nan;nan;nan;nan;nan;nan,nan;nan;nan
pt_piazzasanmarco_grandplace,outliers,grand_place_brussels_18834309_5057033556.png,nan;nan;nan;nan;nan;nan;nan;nan;nan,nan;nan;nan
pt_piazzasanmarco_grandplace,outliers,grand_place_brussels_48329521_332727450.png,nan;nan;nan;nan;nan;nan;nan;nan;nan,nan;nan;nan
pt_piazzasanmarco_grandplace,outliers,grand_place_brussels_28465422_5284916930.png,nan;nan;nan;nan;nan;nan;nan;nan;nan,nan;nan;nan
pt_piazzasanmarco_grandplace,outliers,grand_place_brussels_31608163_6102133633.png,nan;nan;nan;nan;nan;nan;nan;nan;nan,nan;nan;nan
pt_piazzasanmarco_grandplace,outliers,grand_place_brussels_08583359_2727285776.png,nan;nan;nan;nan;nan;nan;nan;nan;nan,nan;nan;nan
pt_piazzasanmarco_grandplace,outliers,grand_place_brussels_58370062_228935435.png,nan;nan;nan;nan;nan;nan;nan;nan;nan,nan;nan;nan
pt_piazzasanmarco_grandplace,outliers,grand_place_brussels_01587288_3907486251.png,nan;nan;nan;nan;nan;nan;nan;nan;nan,nan;nan;nan
pt_piazzasanmarco_grandplace,outliers,grand_place_brussels_97679107_216044726.png,nan;nan;nan;nan;nan;nan;nan;nan;nan,nan;nan;nan
pt_piazzasanmarco_grandplace,outliers,grand_place_brussels_21473586_5735108576.png,nan;nan;nan;nan;nan;nan;nan;nan;nan,nan;nan;nan
pt_piazzasanmarco_grandplace,outliers,grand_place_brussels_37673540_9374525231.png,nan;nan;nan;nan;nan;nan;nan;nan;nan,nan;nan;nan
pt_piazzasanmarco_grandplace,outliers,grand_place_brussels_19469781_41739753.png,nan;nan;nan;nan;nan;nan;nan;nan;nan,nan;nan;nan
pt_piazzasanmarco_grandplace,outliers,grand_place_brussels_17061032_2781005813.png,nan;nan;nan;nan;nan;nan;nan;nan;nan,nan;nan;nan
pt_piazzasanmarco_grandplace,outliers,grand_place_brussels_37000623_5094537023.png,nan;nan;nan;nan;nan;nan;nan;nan;nan,nan;nan;nan
pt_piazzasanmarco_grandplace,outliers,grand_place_brussels_61353083_128372808.png,nan;nan;nan;nan;nan;nan;nan;nan;nan,nan;nan;nan
pt_piazzasanmarco_grandplace,outliers,grand_place_brussels_60409409_9335730523.png,nan;nan;nan;nan;nan;nan;nan;nan;nan,nan;nan;nan
pt_piazzasanmarco_grandplace,outliers,grand_place_brussels_64177922_6939801959.png,nan;nan;nan;nan;nan;nan;nan;nan;nan,nan;nan;nan
pt_piazzasanmarco_grandplace,outliers,grand_place_brussels_20089826_6525672545.png,nan;nan;nan;nan;nan;nan;nan;nan;nan,nan;nan;nan
pt_piazzasanmarco_grandplace,outliers,grand_place_brussels_83880039_8704930508.png,nan;nan;nan;nan;nan;nan;nan;nan;nan,nan;nan;nan
pt_piazzasanmarco_grandplace,outliers,grand_place_brussels_89912815_3055922954.png,nan;nan;nan;nan;nan;nan;nan;nan;nan,nan;nan;nan
pt_piazzasanmarco_grandplace,outliers,grand_place_brussels_27265710_2527915420.png,nan;nan;nan;nan;nan;nan;nan;nan;nan,nan;nan;nan
pt_piazzasanmarco_grandplace,outliers,grand_place_brussels_70032246_6347641014.png,nan;nan;nan;nan;nan;nan;nan;nan;nan,nan;nan;nan
pt_piazzasanmarco_grandplace,outliers,grand_place_brussels_73543943_6819377449.png,nan;nan;nan;nan;nan;nan;nan;nan;nan,nan;nan;nan
pt_piazzasanmarco_grandplace,outliers,grand_place_brussels_97408314_4660309480.png,nan;nan;nan;nan;nan;nan;nan;nan;nan,nan;nan;nan
pt_piazzasanmarco_grandplace,outliers,grand_place_brussels_76033783_4998492930.png,nan;nan;nan;nan;nan;nan;nan;nan;nan,nan;nan;nan
pt_piazzasanmarco_grandplace,outliers,grand_place_brussels_12750924_3498788909.png,nan;nan;nan;nan;nan;nan;nan;nan;nan,nan;nan;nan
pt_piazzasanmarco_grandplace,outliers,grand_place_brussels_06397880_3164163639.png,nan;nan;nan;nan;nan;nan;nan;nan;nan,nan;nan;nan
pt_piazzasanmarco_grandplace,outliers,grand_place_brussels_17665284_5616961414.png,nan;nan;nan;nan;nan;nan;nan;nan;nan,nan;nan;nan
pt_piazzasanmarco_grandplace,outliers,grand_place_brussels_61931752_11269229804.png,nan;nan;nan;nan;nan;nan;nan;nan;nan,nan;nan;nan
pt_piazzasanmarco_grandplace,outliers,grand_place_brussels_16829624_11531851815.png,nan;nan;nan;nan;nan;nan;nan;nan;nan,nan;nan;nan
pt_piazzasanmarco_grandplace,outliers,grand_place_brussels_07659394_5946559496.png,nan;nan;nan;nan;nan;nan;nan;nan;nan,nan;nan;nan
pt_piazzasanmarco_grandplace,outliers,grand_place_brussels_75670494_10532227934.png,nan;nan;nan;nan;nan;nan;nan;nan;nan,nan;nan;nan
pt_piazzasanmarco_grandplace,outliers,grand_place_brussels_98413296_389554202.png,nan;nan;nan;nan;nan;nan;nan;nan;nan,nan;nan;nan
pt_piazzasanmarco_grandplace,outliers,grand_place_brussels_80238669_11531890454.png,nan;nan;nan;nan;nan;nan;nan;nan;nan,nan;nan;nan
pt_piazzasanmarco_grandplace,outliers,grand_place_brussels_56336675_12025095504.png,nan;nan;nan;nan;nan;nan;nan;nan;nan,nan;nan;nan
pt_piazzasanmarco_grandplace,outliers,grand_place_brussels_12650889_5688674640.png,nan;nan;nan;nan;nan;nan;nan;nan;nan,nan;nan;nan
pt_piazzasanmarco_grandplace,outliers,grand_place_brussels_15550848_3634998137.png,nan;nan;nan;nan;nan;nan;nan;nan;nan,nan;nan;nan
pt_piazzasanmarco_grandplace,outliers,grand_place_brussels_00460368_4162644685.png,nan;nan;nan;nan;nan;nan;nan;nan;nan,nan;nan;nan
pt_piazzasanmarco_grandplace,outliers,grand_place_brussels_80159334_3432556478.png,nan;nan;nan;nan;nan;nan;nan;nan;nan,nan;nan;nan
pt_sacrecoeur_trevi_tajmahal,outliers,trevi_fountain_30069642_3966141600.png,nan;nan;nan;nan;nan;nan;nan;nan;nan,nan;nan;nan
pt_sacrecoeur_trevi_tajmahal,outliers,trevi_fountain_59883665_3581996971.png,nan;nan;nan;nan;nan;nan;nan;nan;nan,nan;nan;nan
pt_sacrecoeur_trevi_tajmahal,outliers,trevi_fountain_73284018_2156414038.png,nan;nan;nan;nan;nan;nan;nan;nan;nan,nan;nan;nan
pt_sacrecoeur_trevi_tajmahal,outliers,trevi_fountain_17973182_5956257468.png,nan;nan;nan;nan;nan;nan;nan;nan;nan,nan;nan;nan
pt_sacrecoeur_trevi_tajmahal,outliers,trevi_fountain_85397053_1435622623.png,nan;nan;nan;nan;nan;nan;nan;nan;nan,nan;nan;nan
pt_sacrecoeur_trevi_tajmahal,outliers,trevi_fountain_92808638_88785341.png,nan;nan;nan;nan;nan;nan;nan;nan;nan,nan;nan;nan
pt_sacrecoeur_trevi_tajmahal,outliers,trevi_fountain_01404558_5160423697.png,nan;nan;nan;nan;nan;nan;nan;nan;nan,nan;nan;nan
pt_sacrecoeur_trevi_tajmahal,outliers,trevi_fountain_91729188_430652744.png,nan;nan;nan;nan;nan;nan;nan;nan;nan,nan;nan;nan
pt_sacrecoeur_trevi_tajmahal,outliers,trevi_fountain_48230932_8038671426.png,nan;nan;nan;nan;nan;nan;nan;nan;nan,nan;nan;nan
pt_sacrecoeur_trevi_tajmahal,outliers,trevi_fountain_80167621_5886522855.png,nan;nan;nan;nan;nan;nan;nan;nan;nan,nan;nan;nan
pt_sacrecoeur_trevi_tajmahal,outliers,trevi_fountain_17750259_5579050866.png,nan;nan;nan;nan;nan;nan;nan;nan;nan,nan;nan;nan
pt_sacrecoeur_trevi_tajmahal,outliers,trevi_fountain_14195208_276265172.png,nan;nan;nan;nan;nan;nan;nan;nan;nan,nan;nan;nan
pt_sacrecoeur_trevi_tajmahal,outliers,trevi_fountain_41815199_3578791286.png,nan;nan;nan;nan;nan;nan;nan;nan;nan,nan;nan;nan
pt_sacrecoeur_trevi_tajmahal,outliers,trevi_fountain_56493755_3454995877.png,nan;nan;nan;nan;nan;nan;nan;nan;nan,nan;nan;nan
pt_sacrecoeur_trevi_tajmahal,outliers,trevi_fountain_74305025_425098856.png,nan;nan;nan;nan;nan;nan;nan;nan;nan,nan;nan;nan
pt_sacrecoeur_trevi_tajmahal,outliers,trevi_fountain_21324671_251787492.png,nan;nan;nan;nan;nan;nan;nan;nan;nan,nan;nan;nan
pt_sacrecoeur_trevi_tajmahal,outliers,trevi_fountain_15038544_3727504813.png,nan;nan;nan;nan;nan;nan;nan;nan;nan,nan;nan;nan
pt_sacrecoeur_trevi_tajmahal,outliers,trevi_fountain_16517106_11484965983.png,nan;nan;nan;nan;nan;nan;nan;nan;nan,nan;nan;nan
pt_sacrecoeur_trevi_tajmahal,outliers,trevi_fountain_98446525_8467892061.png,nan;nan;nan;nan;nan;nan;nan;nan;nan,nan;nan;nan
pt_sacrecoeur_trevi_tajmahal,outliers,trevi_fountain_71421235_8100441323.png,nan;nan;nan;nan;nan;nan;nan;nan;nan,nan;nan;nan
pt_sacrecoeur_trevi_tajmahal,outliers,trevi_fountain_55838538_4636348360.png,nan;nan;nan;nan;nan;nan;nan;nan;nan,nan;nan;nan
pt_sacrecoeur_trevi_tajmahal,outliers,trevi_fountain_33816922_8591444000.png,nan;nan;nan;nan;nan;nan;nan;nan;nan,nan;nan;nan
pt_sacrecoeur_trevi_tajmahal,outliers,trevi_fountain_01241225_4293371290.png,nan;nan;nan;nan;nan;nan;nan;nan;nan,nan;nan;nan
pt_sacrecoeur_trevi_tajmahal,outliers,trevi_fountain_42098841_2972162031.png,nan;nan;nan;nan;nan;nan;nan;nan;nan,nan;nan;nan
pt_sacrecoeur_trevi_tajmahal,outliers,trevi_fountain_94682384_4342842330.png,nan;nan;nan;nan;nan;nan;nan;nan;nan,nan;nan;nan
pt_sacrecoeur_trevi_tajmahal,outliers,trevi_fountain_58732203_2711105477.png,nan;nan;nan;nan;nan;nan;nan;nan;nan,nan;nan;nan
pt_sacrecoeur_trevi_tajmahal,outliers,trevi_fountain_56026722_4376692497.png,nan;nan;nan;nan;nan;nan;nan;nan;nan,nan;nan;nan
pt_sacrecoeur_trevi_tajmahal,outliers,trevi_fountain_27009206_5185352408.png,nan;nan;nan;nan;nan;nan;nan;nan;nan,nan;nan;nan
pt_sacrecoeur_trevi_tajmahal,outliers,trevi_fountain_00358444_4165248133.png,nan;nan;nan;nan;nan;nan;nan;nan;nan,nan;nan;nan
pt_sacrecoeur_trevi_tajmahal,outliers,trevi_fountain_40184297_2989394429.png,nan;nan;nan;nan;nan;nan;nan;nan;nan,nan;nan;nan
pt_sacrecoeur_trevi_tajmahal,outliers,trevi_fountain_18865921_5109712344.png,nan;nan;nan;nan;nan;nan;nan;nan;nan,nan;nan;nan
pt_sacrecoeur_trevi_tajmahal,outliers,trevi_fountain_90669518_8321386929.png,nan;nan;nan;nan;nan;nan;nan;nan;nan,nan;nan;nan
pt_sacrecoeur_trevi_tajmahal,outliers,trevi_fountain_75017867_5746101695.png,nan;nan;nan;nan;nan;nan;nan;nan;nan,nan;nan;nan
pt_sacrecoeur_trevi_tajmahal,outliers,trevi_fountain_78010545_349314185.png,nan;nan;nan;nan;nan;nan;nan;nan;nan,nan;nan;nan
pt_sacrecoeur_trevi_tajmahal,outliers,trevi_fountain_66677085_4725569846.png,nan;nan;nan;nan;nan;nan;nan;nan;nan,nan;nan;nan
pt_sacrecoeur_trevi_tajmahal,outliers,trevi_fountain_34630714_3685665828.png,nan;nan;nan;nan;nan;nan;nan;nan;nan,nan;nan;nan
pt_sacrecoeur_trevi_tajmahal,outliers,trevi_fountain_19939802_5963665770.png,nan;nan;nan;nan;nan;nan;nan;nan;nan,nan;nan;nan
pt_sacrecoeur_trevi_tajmahal,outliers,trevi_fountain_09071644_2938441433.png,nan;nan;nan;nan;nan;nan;nan;nan;nan,nan;nan;nan
pt_sacrecoeur_trevi_tajmahal,outliers,trevi_fountain_29511430_5519433926.png,nan;nan;nan;nan;nan;nan;nan;nan;nan,nan;nan;nan
pt_sacrecoeur_trevi_tajmahal,outliers,trevi_fountain_58525833_5956866479.png,nan;nan;nan;nan;nan;nan;nan;nan;nan,nan;nan;nan
pt_sacrecoeur_trevi_tajmahal,outliers,trevi_fountain_38993702_4733402071.png,nan;nan;nan;nan;nan;nan;nan;nan;nan,nan;nan;nan
pt_sacrecoeur_trevi_tajmahal,outliers,trevi_fountain_96647518_7739315718.png,nan;nan;nan;nan;nan;nan;nan;nan;nan,nan;nan;nan
pt_sacrecoeur_trevi_tajmahal,outliers,trevi_fountain_54470469_2296508341.png,nan;nan;nan;nan;nan;nan;nan;nan;nan,nan;nan;nan
pt_sacrecoeur_trevi_tajmahal,outliers,trevi_fountain_99804374_8024711160.png,nan;nan;nan;nan;nan;nan;nan;nan;nan,nan;nan;nan
pt_sacrecoeur_trevi_tajmahal,outliers,trevi_fountain_30910735_201249046.png,nan;nan;nan;nan;nan;nan;nan;nan;nan,nan;nan;nan
pt_sacrecoeur_trevi_tajmahal,outliers,trevi_fountain_29250228_5522743340.png,nan;nan;nan;nan;nan;nan;nan;nan;nan,nan;nan;nan
pt_sacrecoeur_trevi_tajmahal,outliers,trevi_fountain_69481877_5327669439.png,nan;nan;nan;nan;nan;nan;nan;nan;nan,nan;nan;nan
pt_sacrecoeur_trevi_tajmahal,outliers,trevi_fountain_21017479_3693575843.png,nan;nan;nan;nan;nan;nan;nan;nan;nan,nan;nan;nan
pt_sacrecoeur_trevi_tajmahal,outliers,trevi_fountain_78842056_325218062.png,nan;nan;nan;nan;nan;nan;nan;nan;nan,nan;nan;nan
pt_sacrecoeur_trevi_tajmahal,outliers,trevi_fountain_93831605_13948911711.png,nan;nan;nan;nan;nan;nan;nan;nan;nan,nan;nan;nan
pt_sacrecoeur_trevi_tajmahal,outliers,trevi_fountain_78723734_3158991011.png,nan;nan;nan;nan;nan;nan;nan;nan;nan,nan;nan;nan
pt_sacrecoeur_trevi_tajmahal,outliers,trevi_fountain_95794971_4901889397.png,nan;nan;nan;nan;nan;nan;nan;nan;nan,nan;nan;nan
pt_sacrecoeur_trevi_tajmahal,outliers,trevi_fountain_81409989_5495330211.png,nan;nan;nan;nan;nan;nan;nan;nan;nan,nan;nan;nan
pt_sacrecoeur_trevi_tajmahal,outliers,trevi_fountain_22555231_8007352373.png,nan;nan;nan;nan;nan;nan;nan;nan;nan,nan;nan;nan
pt_sacrecoeur_trevi_tajmahal,outliers,trevi_fountain_90077341_5746101059.png,nan;nan;nan;nan;nan;nan;nan;nan;nan,nan;nan;nan
pt_sacrecoeur_trevi_tajmahal,outliers,trevi_fountain_98071474_3495805188.png,nan;nan;nan;nan;nan;nan;nan;nan;nan,nan;nan;nan
pt_sacrecoeur_trevi_tajmahal,outliers,trevi_fountain_64273020_5411668132.png,nan;nan;nan;nan;nan;nan;nan;nan;nan,nan;nan;nan
pt_sacrecoeur_trevi_tajmahal,outliers,trevi_fountain_89086898_3494993799.png,nan;nan;nan;nan;nan;nan;nan;nan;nan,nan;nan;nan
pt_sacrecoeur_trevi_tajmahal,outliers,trevi_fountain_16771025_6187661240.png,nan;nan;nan;nan;nan;nan;nan;nan;nan,nan;nan;nan
pt_sacrecoeur_trevi_tajmahal,outliers,trevi_fountain_30002765_4759346847.png,nan;nan;nan;nan;nan;nan;nan;nan;nan,nan;nan;nan
pt_sacrecoeur_trevi_tajmahal,outliers,trevi_fountain_91266839_729663994.png,nan;nan;nan;nan;nan;nan;nan;nan;nan,nan;nan;nan
pt_sacrecoeur_trevi_tajmahal,outliers,trevi_fountain_72669213_5987184866.png,nan;nan;nan;nan;nan;nan;nan;nan;nan,nan;nan;nan
pt_sacrecoeur_trevi_tajmahal,outliers,trevi_fountain_79598868_8555774052.png,nan;nan;nan;nan;nan;nan;nan;nan;nan,nan;nan;nan
pt_sacrecoeur_trevi_tajmahal,outliers,trevi_fountain_43321508_5715952972.png,nan;nan;nan;nan;nan;nan;nan;nan;nan,nan;nan;nan
pt_sacrecoeur_trevi_tajmahal,outliers,trevi_fountain_75810419_3515709926.png,nan;nan;nan;nan;nan;nan;nan;nan;nan,nan;nan;nan
pt_sacrecoeur_trevi_tajmahal,outliers,trevi_fountain_50357199_8205859052.png,nan;nan;nan;nan;nan;nan;nan;nan;nan,nan;nan;nan
pt_sacrecoeur_trevi_tajmahal,outliers,trevi_fountain_22494549_5871994022.png,nan;nan;nan;nan;nan;nan;nan;nan;nan,nan;nan;nan
pt_sacrecoeur_trevi_tajmahal,outliers,trevi_fountain_26921609_5411058517.png,nan;nan;nan;nan;nan;nan;nan;nan;nan,nan;nan;nan
pt_sacrecoeur_trevi_tajmahal,outliers,trevi_fountain_66347814_2029982255.png,nan;nan;nan;nan;nan;nan;nan;nan;nan,nan;nan;nan
pt_sacrecoeur_trevi_tajmahal,outliers,trevi_fountain_86451018_5200654015.png,nan;nan;nan;nan;nan;nan;nan;nan;nan,nan;nan;nan
pt_sacrecoeur_trevi_tajmahal,outliers,trevi_fountain_17378230_8657377873.png,nan;nan;nan;nan;nan;nan;nan;nan;nan,nan;nan;nan
pt_sacrecoeur_trevi_tajmahal,outliers,trevi_fountain_84357746_4061156508.png,nan;nan;nan;nan;nan;nan;nan;nan;nan,nan;nan;nan
pt_sacrecoeur_trevi_tajmahal,outliers,trevi_fountain_17804574_3525103748.png,nan;nan;nan;nan;nan;nan;nan;nan;nan,nan;nan;nan
pt_sacrecoeur_trevi_tajmahal,outliers,trevi_fountain_70315674_7178465185.png,nan;nan;nan;nan;nan;nan;nan;nan;nan,nan;nan;nan
pt_sacrecoeur_trevi_tajmahal,outliers,trevi_fountain_52144216_2711106071.png,nan;nan;nan;nan;nan;nan;nan;nan;nan,nan;nan;nan
pt_sacrecoeur_trevi_tajmahal,outliers,sacre_coeur_93423882_13476569344.png,nan;nan;nan;nan;nan;nan;nan;nan;nan,nan;nan;nan
pt_sacrecoeur_trevi_tajmahal,outliers,sacre_coeur_45927449_5904684394.png,nan;nan;nan;nan;nan;nan;nan;nan;nan,nan;nan;nan
pt_sacrecoeur_trevi_tajmahal,outliers,sacre_coeur_90467261_5816977333.png,nan;nan;nan;nan;nan;nan;nan;nan;nan,nan;nan;nan
pt_sacrecoeur_trevi_tajmahal,outliers,sacre_coeur_47029087_8959697396.png,nan;nan;nan;nan;nan;nan;nan;nan;nan,nan;nan;nan
pt_sacrecoeur_trevi_tajmahal,outliers,sacre_coeur_33340964_112626481.png,nan;nan;nan;nan;nan;nan;nan;nan;nan,nan;nan;nan
pt_sacrecoeur_trevi_tajmahal,outliers,sacre_coeur_55695069_9640098822.png,nan;nan;nan;nan;nan;nan;nan;nan;nan,nan;nan;nan
pt_sacrecoeur_trevi_tajmahal,outliers,sacre_coeur_86731151_442052253.png,nan;nan;nan;nan;nan;nan;nan;nan;nan,nan;nan;nan
pt_sacrecoeur_trevi_tajmahal,outliers,sacre_coeur_90517919_4394638107.png,nan;nan;nan;nan;nan;nan;nan;nan;nan,nan;nan;nan
pt_sacrecoeur_trevi_tajmahal,outliers,sacre_coeur_55297752_267282770.png,nan;nan;nan;nan;nan;nan;nan;nan;nan,nan;nan;nan
pt_sacrecoeur_trevi_tajmahal,outliers,sacre_coeur_98546957_2200688611.png,nan;nan;nan;nan;nan;nan;nan;nan;nan,nan;nan;nan
pt_sacrecoeur_trevi_tajmahal,outliers,sacre_coeur_68663909_1356782012.png,nan;nan;nan;nan;nan;nan;nan;nan;nan,nan;nan;nan
pt_sacrecoeur_trevi_tajmahal,outliers,sacre_coeur_80691366_2623658065.png,nan;nan;nan;nan;nan;nan;nan;nan;nan,nan;nan;nan
pt_sacrecoeur_trevi_tajmahal,outliers,sacre_coeur_16537684_4545274148.png,nan;nan;nan;nan;nan;nan;nan;nan;nan,nan;nan;nan
pt_sacrecoeur_trevi_tajmahal,outliers,sacre_coeur_04739785_8198592553.png,nan;nan;nan;nan;nan;nan;nan;nan;nan,nan;nan;nan
pt_sacrecoeur_trevi_tajmahal,outliers,sacre_coeur_55167859_91653543.png,nan;nan;nan;nan;nan;nan;nan;nan;nan,nan;nan;nan
pt_sacrecoeur_trevi_tajmahal,outliers,sacre_coeur_70116109_2697195876.png,nan;nan;nan;nan;nan;nan;nan;nan;nan,nan;nan;nan
pt_sacrecoeur_trevi_tajmahal,outliers,sacre_coeur_39702035_1808089104.png,nan;nan;nan;nan;nan;nan;nan;nan;nan,nan;nan;nan
pt_sacrecoeur_trevi_tajmahal,outliers,sacre_coeur_46031506_3822251715.png,nan;nan;nan;nan;nan;nan;nan;nan;nan,nan;nan;nan
pt_sacrecoeur_trevi_tajmahal,outliers,sacre_coeur_68688218_4738908453.png,nan;nan;nan;nan;nan;nan;nan;nan;nan,nan;nan;nan
pt_sacrecoeur_trevi_tajmahal,outliers,sacre_coeur_82410562_10997050704.png,nan;nan;nan;nan;nan;nan;nan;nan;nan,nan;nan;nan
pt_sacrecoeur_trevi_tajmahal,outliers,sacre_coeur_41224690_4580747259.png,nan;nan;nan;nan;nan;nan;nan;nan;nan,nan;nan;nan
pt_sacrecoeur_trevi_tajmahal,outliers,sacre_coeur_34264811_99184810.png,nan;nan;nan;nan;nan;nan;nan;nan;nan,nan;nan;nan
pt_sacrecoeur_trevi_tajmahal,outliers,sacre_coeur_47042061_9637017399.png,nan;nan;nan;nan;nan;nan;nan;nan;nan,nan;nan;nan
pt_sacrecoeur_trevi_tajmahal,outliers,sacre_coeur_73084286_312927075.png,nan;nan;nan;nan;nan;nan;nan;nan;nan,nan;nan;nan
pt_sacrecoeur_trevi_tajmahal,outliers,sacre_coeur_10474405_6093717701.png,nan;nan;nan;nan;nan;nan;nan;nan;nan,nan;nan;nan
pt_sacrecoeur_trevi_tajmahal,outliers,sacre_coeur_11626754_2718827730.png,nan;nan;nan;nan;nan;nan;nan;nan;nan,nan;nan;nan
pt_sacrecoeur_trevi_tajmahal,outliers,sacre_coeur_42287322_536307676.png,nan;nan;nan;nan;nan;nan;nan;nan;nan,nan;nan;nan
pt_sacrecoeur_trevi_tajmahal,outliers,sacre_coeur_70118605_5991576631.png,nan;nan;nan;nan;nan;nan;nan;nan;nan,nan;nan;nan
pt_sacrecoeur_trevi_tajmahal,outliers,sacre_coeur_35905283_32603557.png,nan;nan;nan;nan;nan;nan;nan;nan;nan,nan;nan;nan
pt_sacrecoeur_trevi_tajmahal,outliers,sacre_coeur_70724808_2779990339.png,nan;nan;nan;nan;nan;nan;nan;nan;nan,nan;nan;nan
pt_sacrecoeur_trevi_tajmahal,outliers,sacre_coeur_02928139_3448003521.png,nan;nan;nan;nan;nan;nan;nan;nan;nan,nan;nan;nan
pt_sacrecoeur_trevi_tajmahal,outliers,sacre_coeur_28088482_1061487806.png,nan;nan;nan;nan;nan;nan;nan;nan;nan,nan;nan;nan
pt_sacrecoeur_trevi_tajmahal,outliers,sacre_coeur_70970334_5790897082.png,nan;nan;nan;nan;nan;nan;nan;nan;nan,nan;nan;nan
pt_sacrecoeur_trevi_tajmahal,outliers,sacre_coeur_91671915_1791174514.png,nan;nan;nan;nan;nan;nan;nan;nan;nan,nan;nan;nan
pt_sacrecoeur_trevi_tajmahal,outliers,sacre_coeur_75030977_10341125684.png,nan;nan;nan;nan;nan;nan;nan;nan;nan,nan;nan;nan
pt_sacrecoeur_trevi_tajmahal,outliers,sacre_coeur_39852107_3868092306.png,nan;nan;nan;nan;nan;nan;nan;nan;nan,nan;nan;nan
pt_sacrecoeur_trevi_tajmahal,outliers,sacre_coeur_32069695_13023252634.png,nan;nan;nan;nan;nan;nan;nan;nan;nan,nan;nan;nan
pt_sacrecoeur_trevi_tajmahal,outliers,sacre_coeur_30642459_5864476232.png,nan;nan;nan;nan;nan;nan;nan;nan;nan,nan;nan;nan
pt_sacrecoeur_trevi_tajmahal,outliers,sacre_coeur_69399539_4178098151.png,nan;nan;nan;nan;nan;nan;nan;nan;nan,nan;nan;nan
pt_sacrecoeur_trevi_tajmahal,outliers,sacre_coeur_91139284_7856526282.png,nan;nan;nan;nan;nan;nan;nan;nan;nan,nan;nan;nan
pt_sacrecoeur_trevi_tajmahal,outliers,sacre_coeur_55640818_3363877988.png,nan;nan;nan;nan;nan;nan;nan;nan;nan,nan;nan;nan
pt_sacrecoeur_trevi_tajmahal,outliers,sacre_coeur_95021816_8071366303.png,nan;nan;nan;nan;nan;nan;nan;nan;nan,nan;nan;nan
pt_sacrecoeur_trevi_tajmahal,outliers,sacre_coeur_23327088_8208333914.png,nan;nan;nan;nan;nan;nan;nan;nan;nan,nan;nan;nan
pt_sacrecoeur_trevi_tajmahal,outliers,sacre_coeur_16971221_7856309770.png,nan;nan;nan;nan;nan;nan;nan;nan;nan,nan;nan;nan
pt_sacrecoeur_trevi_tajmahal,outliers,sacre_coeur_04822190_12621366523.png,nan;nan;nan;nan;nan;nan;nan;nan;nan,nan;nan;nan
pt_sacrecoeur_trevi_tajmahal,outliers,sacre_coeur_38755762_4239668423.png,nan;nan;nan;nan;nan;nan;nan;nan;nan,nan;nan;nan
pt_sacrecoeur_trevi_tajmahal,outliers,sacre_coeur_79500596_4830716729.png,nan;nan;nan;nan;nan;nan;nan;nan;nan,nan;nan;nan
pt_sacrecoeur_trevi_tajmahal,outliers,sacre_coeur_16776129_4239663609.png,nan;nan;nan;nan;nan;nan;nan;nan;nan,nan;nan;nan
pt_sacrecoeur_trevi_tajmahal,outliers,sacre_coeur_77299481_4479618965.png,nan;nan;nan;nan;nan;nan;nan;nan;nan,nan;nan;nan
pt_sacrecoeur_trevi_tajmahal,outliers,sacre_coeur_61531052_7402696624.png,nan;nan;nan;nan;nan;nan;nan;nan;nan,nan;nan;nan
pt_sacrecoeur_trevi_tajmahal,outliers,sacre_coeur_81935357_9658163122.png,nan;nan;nan;nan;nan;nan;nan;nan;nan,nan;nan;nan
pt_sacrecoeur_trevi_tajmahal,outliers,sacre_coeur_39172134_3155998144.png,nan;nan;nan;nan;nan;nan;nan;nan;nan,nan;nan;nan
pt_sacrecoeur_trevi_tajmahal,outliers,sacre_coeur_32086795_402359870.png,nan;nan;nan;nan;nan;nan;nan;nan;nan,nan;nan;nan
pt_sacrecoeur_trevi_tajmahal,outliers,sacre_coeur_76611857_9600863579.png,nan;nan;nan;nan;nan;nan;nan;nan;nan,nan;nan;nan
pt_sacrecoeur_trevi_tajmahal,outliers,sacre_coeur_48325951_2932818065.png,nan;nan;nan;nan;nan;nan;nan;nan;nan,nan;nan;nan
pt_sacrecoeur_trevi_tajmahal,outliers,sacre_coeur_75716321_3698743515.png,nan;nan;nan;nan;nan;nan;nan;nan;nan,nan;nan;nan
pt_sacrecoeur_trevi_tajmahal,outliers,sacre_coeur_93638576_44195081.png,nan;nan;nan;nan;nan;nan;nan;nan;nan,nan;nan;nan
pt_sacrecoeur_trevi_tajmahal,outliers,sacre_coeur_52914810_3288295639.png,nan;nan;nan;nan;nan;nan;nan;nan;nan,nan;nan;nan
pt_sacrecoeur_trevi_tajmahal,outliers,sacre_coeur_24292909_11972893303.png,nan;nan;nan;nan;nan;nan;nan;nan;nan,nan;nan;nan
pt_sacrecoeur_trevi_tajmahal,outliers,sacre_coeur_71955478_140210696.png,nan;nan;nan;nan;nan;nan;nan;nan;nan,nan;nan;nan
pt_sacrecoeur_trevi_tajmahal,outliers,sacre_coeur_18725380_2402129328.png,nan;nan;nan;nan;nan;nan;nan;nan;nan,nan;nan;nan
pt_sacrecoeur_trevi_tajmahal,outliers,sacre_coeur_66573940_9624143830.png,nan;nan;nan;nan;nan;nan;nan;nan;nan,nan;nan;nan
pt_sacrecoeur_trevi_tajmahal,outliers,sacre_coeur_32188921_4453876221.png,nan;nan;nan;nan;nan;nan;nan;nan;nan,nan;nan;nan
pt_sacrecoeur_trevi_tajmahal,outliers,sacre_coeur_85164542_170630708.png,nan;nan;nan;nan;nan;nan;nan;nan;nan,nan;nan;nan
pt_sacrecoeur_trevi_tajmahal,outliers,sacre_coeur_67466492_5056065534.png,nan;nan;nan;nan;nan;nan;nan;nan;nan,nan;nan;nan
pt_sacrecoeur_trevi_tajmahal,outliers,sacre_coeur_37175111_6635304477.png,nan;nan;nan;nan;nan;nan;nan;nan;nan,nan;nan;nan
pt_sacrecoeur_trevi_tajmahal,outliers,sacre_coeur_16385535_4660789205.png,nan;nan;nan;nan;nan;nan;nan;nan;nan,nan;nan;nan
pt_sacrecoeur_trevi_tajmahal,outliers,sacre_coeur_47788810_3531619701.png,nan;nan;nan;nan;nan;nan;nan;nan;nan,nan;nan;nan
pt_sacrecoeur_trevi_tajmahal,outliers,sacre_coeur_49896012_2400282601.png,nan;nan;nan;nan;nan;nan;nan;nan;nan,nan;nan;nan
pt_sacrecoeur_trevi_tajmahal,outliers,sacre_coeur_34904068_5083153.png,nan;nan;nan;nan;nan;nan;nan;nan;nan,nan;nan;nan
pt_sacrecoeur_trevi_tajmahal,outliers,sacre_coeur_95734826_713795234.png,nan;nan;nan;nan;nan;nan;nan;nan;nan,nan;nan;nan
pt_sacrecoeur_trevi_tajmahal,outliers,sacre_coeur_88008039_6208734830.png,nan;nan;nan;nan;nan;nan;nan;nan;nan,nan;nan;nan
pt_sacrecoeur_trevi_tajmahal,outliers,sacre_coeur_87446292_3971192822.png,nan;nan;nan;nan;nan;nan;nan;nan;nan,nan;nan;nan
pt_sacrecoeur_trevi_tajmahal,outliers,sacre_coeur_81282261_3885204620.png,nan;nan;nan;nan;nan;nan;nan;nan;nan,nan;nan;nan
pt_sacrecoeur_trevi_tajmahal,outliers,sacre_coeur_46459330_5716002401.png,nan;nan;nan;nan;nan;nan;nan;nan;nan,nan;nan;nan
pt_sacrecoeur_trevi_tajmahal,outliers,taj_mahal_68263048_3884219324.png,nan;nan;nan;nan;nan;nan;nan;nan;nan,nan;nan;nan
pt_sacrecoeur_trevi_tajmahal,outliers,taj_mahal_21749909_452666809.png,nan;nan;nan;nan;nan;nan;nan;nan;nan,nan;nan;nan
pt_sacrecoeur_trevi_tajmahal,outliers,taj_mahal_16773607_5525472114.png,nan;nan;nan;nan;nan;nan;nan;nan;nan,nan;nan;nan
pt_sacrecoeur_trevi_tajmahal,outliers,taj_mahal_73346411_11842150495.png,nan;nan;nan;nan;nan;nan;nan;nan;nan,nan;nan;nan
pt_sacrecoeur_trevi_tajmahal,outliers,taj_mahal_07295255_5949580464.png,nan;nan;nan;nan;nan;nan;nan;nan;nan,nan;nan;nan
pt_sacrecoeur_trevi_tajmahal,outliers,taj_mahal_33243562_4772593759.png,nan;nan;nan;nan;nan;nan;nan;nan;nan,nan;nan;nan
pt_sacrecoeur_trevi_tajmahal,outliers,taj_mahal_35310867_4710497352.png,nan;nan;nan;nan;nan;nan;nan;nan;nan,nan;nan;nan
pt_sacrecoeur_trevi_tajmahal,outliers,taj_mahal_88681740_6486186923.png,nan;nan;nan;nan;nan;nan;nan;nan;nan,nan;nan;nan
pt_sacrecoeur_trevi_tajmahal,outliers,taj_mahal_75694348_4552162843.png,nan;nan;nan;nan;nan;nan;nan;nan;nan,nan;nan;nan
pt_sacrecoeur_trevi_tajmahal,outliers,taj_mahal_87027560_6486839789.png,nan;nan;nan;nan;nan;nan;nan;nan;nan,nan;nan;nan
pt_sacrecoeur_trevi_tajmahal,outliers,taj_mahal_84623051_5972175223.png,nan;nan;nan;nan;nan;nan;nan;nan;nan,nan;nan;nan
pt_sacrecoeur_trevi_tajmahal,outliers,taj_mahal_82182023_330370375.png,nan;nan;nan;nan;nan;nan;nan;nan;nan,nan;nan;nan
pt_sacrecoeur_trevi_tajmahal,outliers,taj_mahal_23360557_2453971988.png,nan;nan;nan;nan;nan;nan;nan;nan;nan,nan;nan;nan
pt_sacrecoeur_trevi_tajmahal,outliers,taj_mahal_52650931_8268706459.png,nan;nan;nan;nan;nan;nan;nan;nan;nan,nan;nan;nan
pt_sacrecoeur_trevi_tajmahal,outliers,taj_mahal_97524709_11495119913.png,nan;nan;nan;nan;nan;nan;nan;nan;nan,nan;nan;nan
pt_sacrecoeur_trevi_tajmahal,outliers,taj_mahal_99106990_5972735988.png,nan;nan;nan;nan;nan;nan;nan;nan;nan,nan;nan;nan
pt_sacrecoeur_trevi_tajmahal,outliers,taj_mahal_82967489_11494979004.png,nan;nan;nan;nan;nan;nan;nan;nan;nan,nan;nan;nan
pt_sacrecoeur_trevi_tajmahal,outliers,taj_mahal_40301482_6349100470.png,nan;nan;nan;nan;nan;nan;nan;nan;nan,nan;nan;nan
pt_sacrecoeur_trevi_tajmahal,outliers,taj_mahal_09748237_4479958542.png,nan;nan;nan;nan;nan;nan;nan;nan;nan,nan;nan;nan
pt_sacrecoeur_trevi_tajmahal,outliers,taj_mahal_05099279_2123782505.png,nan;nan;nan;nan;nan;nan;nan;nan;nan,nan;nan;nan
pt_sacrecoeur_trevi_tajmahal,outliers,taj_mahal_40047213_6060347747.png,nan;nan;nan;nan;nan;nan;nan;nan;nan,nan;nan;nan
pt_sacrecoeur_trevi_tajmahal,outliers,taj_mahal_35012799_233724898.png,nan;nan;nan;nan;nan;nan;nan;nan;nan,nan;nan;nan
pt_sacrecoeur_trevi_tajmahal,outliers,taj_mahal_15626988_320395276.png,nan;nan;nan;nan;nan;nan;nan;nan;nan,nan;nan;nan
pt_sacrecoeur_trevi_tajmahal,outliers,taj_mahal_47981545_2123782613.png,nan;nan;nan;nan;nan;nan;nan;nan;nan,nan;nan;nan
pt_sacrecoeur_trevi_tajmahal,outliers,taj_mahal_40357326_9141483717.png,nan;nan;nan;nan;nan;nan;nan;nan;nan,nan;nan;nan
pt_sacrecoeur_trevi_tajmahal,outliers,taj_mahal_33878661_5337234382.png,nan;nan;nan;nan;nan;nan;nan;nan;nan,nan;nan;nan
pt_sacrecoeur_trevi_tajmahal,outliers,taj_mahal_96431892_320398075.png,nan;nan;nan;nan;nan;nan;nan;nan;nan,nan;nan;nan
pt_sacrecoeur_trevi_tajmahal,outliers,taj_mahal_66281696_4846036976.png,nan;nan;nan;nan;nan;nan;nan;nan;nan,nan;nan;nan
pt_sacrecoeur_trevi_tajmahal,outliers,taj_mahal_97855310_320398500.png,nan;nan;nan;nan;nan;nan;nan;nan;nan,nan;nan;nan
pt_sacrecoeur_trevi_tajmahal,outliers,taj_mahal_84741117_2234024581.png,nan;nan;nan;nan;nan;nan;nan;nan;nan,nan;nan;nan
pt_sacrecoeur_trevi_tajmahal,outliers,taj_mahal_86821641_6619697153.png,nan;nan;nan;nan;nan;nan;nan;nan;nan,nan;nan;nan
pt_sacrecoeur_trevi_tajmahal,outliers,taj_mahal_46483850_3092227510.png,nan;nan;nan;nan;nan;nan;nan;nan;nan,nan;nan;nan
pt_sacrecoeur_trevi_tajmahal,outliers,taj_mahal_34892661_4479236831.png,nan;nan;nan;nan;nan;nan;nan;nan;nan,nan;nan;nan
pt_sacrecoeur_trevi_tajmahal,outliers,taj_mahal_33561486_8345882977.png,nan;nan;nan;nan;nan;nan;nan;nan;nan,nan;nan;nan
pt_sacrecoeur_trevi_tajmahal,outliers,taj_mahal_72418664_4552163871.png,nan;nan;nan;nan;nan;nan;nan;nan;nan,nan;nan;nan
pt_sacrecoeur_trevi_tajmahal,outliers,taj_mahal_35871047_6486466789.png,nan;nan;nan;nan;nan;nan;nan;nan;nan,nan;nan;nan
pt_sacrecoeur_trevi_tajmahal,outliers,taj_mahal_05644193_4809375226.png,nan;nan;nan;nan;nan;nan;nan;nan;nan,nan;nan;nan
pt_sacrecoeur_trevi_tajmahal,outliers,taj_mahal_80209116_3299258442.png,nan;nan;nan;nan;nan;nan;nan;nan;nan,nan;nan;nan
pt_sacrecoeur_trevi_tajmahal,outliers,taj_mahal_48590156_9372591744.png,nan;nan;nan;nan;nan;nan;nan;nan;nan,nan;nan;nan
pt_sacrecoeur_trevi_tajmahal,outliers,taj_mahal_41314954_4418442825.png,nan;nan;nan;nan;nan;nan;nan;nan;nan,nan;nan;nan
pt_sacrecoeur_trevi_tajmahal,outliers,taj_mahal_53757432_11494604856.png,nan;nan;nan;nan;nan;nan;nan;nan;nan,nan;nan;nan
pt_sacrecoeur_trevi_tajmahal,outliers,taj_mahal_86871041_2123874981.png,nan;nan;nan;nan;nan;nan;nan;nan;nan,nan;nan;nan
pt_sacrecoeur_trevi_tajmahal,outliers,taj_mahal_80696644_2234023339.png,nan;nan;nan;nan;nan;nan;nan;nan;nan,nan;nan;nan
pt_sacrecoeur_trevi_tajmahal,outliers,taj_mahal_79695821_354966524.png,nan;nan;nan;nan;nan;nan;nan;nan;nan,nan;nan;nan
pt_sacrecoeur_trevi_tajmahal,outliers,taj_mahal_70456501_320396748.png,nan;nan;nan;nan;nan;nan;nan;nan;nan,nan;nan;nan
pt_sacrecoeur_trevi_tajmahal,outliers,taj_mahal_28658320_3250275528.png,nan;nan;nan;nan;nan;nan;nan;nan;nan,nan;nan;nan
pt_sacrecoeur_trevi_tajmahal,outliers,taj_mahal_67319805_2215339300.png,nan;nan;nan;nan;nan;nan;nan;nan;nan,nan;nan;nan
pt_sacrecoeur_trevi_tajmahal,outliers,taj_mahal_68284397_7307804012.png,nan;nan;nan;nan;nan;nan;nan;nan;nan,nan;nan;nan
pt_sacrecoeur_trevi_tajmahal,outliers,taj_mahal_72721370_6780643247.png,nan;nan;nan;nan;nan;nan;nan;nan;nan,nan;nan;nan
pt_sacrecoeur_trevi_tajmahal,outliers,taj_mahal_89175833_3348677963.png,nan;nan;nan;nan;nan;nan;nan;nan;nan,nan;nan;nan
pt_sacrecoeur_trevi_tajmahal,outliers,taj_mahal_17911381_11822031993.png,nan;nan;nan;nan;nan;nan;nan;nan;nan,nan;nan;nan
pt_sacrecoeur_trevi_tajmahal,outliers,taj_mahal_99395911_415466662.png,nan;nan;nan;nan;nan;nan;nan;nan;nan,nan;nan;nan
pt_sacrecoeur_trevi_tajmahal,outliers,taj_mahal_70518655_6429111743.png,nan;nan;nan;nan;nan;nan;nan;nan;nan,nan;nan;nan
pt_sacrecoeur_trevi_tajmahal,outliers,taj_mahal_99238567_2155545598.png,nan;nan;nan;nan;nan;nan;nan;nan;nan,nan;nan;nan
pt_sacrecoeur_trevi_tajmahal,outliers,taj_mahal_40461214_8192836476.png,nan;nan;nan;nan;nan;nan;nan;nan;nan,nan;nan;nan
pt_sacrecoeur_trevi_tajmahal,outliers,taj_mahal_78595827_6619694947.png,nan;nan;nan;nan;nan;nan;nan;nan;nan,nan;nan;nan
pt_sacrecoeur_trevi_tajmahal,outliers,taj_mahal_02760416_4808737899.png,nan;nan;nan;nan;nan;nan;nan;nan;nan,nan;nan;nan
pt_sacrecoeur_trevi_tajmahal,outliers,taj_mahal_36670333_3773568633.png,nan;nan;nan;nan;nan;nan;nan;nan;nan,nan;nan;nan
pt_sacrecoeur_trevi_tajmahal,outliers,taj_mahal_87115605_383650319.png,nan;nan;nan;nan;nan;nan;nan;nan;nan,nan;nan;nan
pt_sacrecoeur_trevi_tajmahal,outliers,taj_mahal_57532696_297637106.png,nan;nan;nan;nan;nan;nan;nan;nan;nan,nan;nan;nan
pt_sacrecoeur_trevi_tajmahal,outliers,taj_mahal_46195638_3569985892.png,nan;nan;nan;nan;nan;nan;nan;nan;nan,nan;nan;nan
pt_sacrecoeur_trevi_tajmahal,outliers,taj_mahal_03779515_11822031593.png,nan;nan;nan;nan;nan;nan;nan;nan;nan,nan;nan;nan
pt_sacrecoeur_trevi_tajmahal,outliers,taj_mahal_95761991_3716491774.png,nan;nan;nan;nan;nan;nan;nan;nan;nan,nan;nan;nan
pt_sacrecoeur_trevi_tajmahal,outliers,taj_mahal_81509461_2124556500.png,nan;nan;nan;nan;nan;nan;nan;nan;nan,nan;nan;nan
pt_sacrecoeur_trevi_tajmahal,outliers,taj_mahal_07292828_6865863886.png,nan;nan;nan;nan;nan;nan;nan;nan;nan,nan;nan;nan
pt_sacrecoeur_trevi_tajmahal,outliers,taj_mahal_25038173_427948647.png,nan;nan;nan;nan;nan;nan;nan;nan;nan,nan;nan;nan
pt_sacrecoeur_trevi_tajmahal,outliers,taj_mahal_75960124_233048597.png,nan;nan;nan;nan;nan;nan;nan;nan;nan,nan;nan;nan
pt_sacrecoeur_trevi_tajmahal,outliers,taj_mahal_45203396_7995388605.png,nan;nan;nan;nan;nan;nan;nan;nan;nan,nan;nan;nan
pt_sacrecoeur_trevi_tajmahal,outliers,taj_mahal_96947007_371077369.png,nan;nan;nan;nan;nan;nan;nan;nan;nan,nan;nan;nan
pt_sacrecoeur_trevi_tajmahal,outliers,taj_mahal_51297211_3293524007.png,nan;nan;nan;nan;nan;nan;nan;nan;nan,nan;nan;nan
pt_sacrecoeur_trevi_tajmahal,outliers,taj_mahal_88652653_6486332399.png,nan;nan;nan;nan;nan;nan;nan;nan;nan,nan;nan;nan
pt_sacrecoeur_trevi_tajmahal,outliers,taj_mahal_92344991_5630498660.png,nan;nan;nan;nan;nan;nan;nan;nan;nan,nan;nan;nan
pt_sacrecoeur_trevi_tajmahal,outliers,taj_mahal_85291466_3299259390.png,nan;nan;nan;nan;nan;nan;nan;nan;nan,nan;nan;nan
pt_sacrecoeur_trevi_tajmahal,outliers,taj_mahal_73045053_2123874963.png,nan;nan;nan;nan;nan;nan;nan;nan;nan,nan;nan;nan
pt_sacrecoeur_trevi_tajmahal,outliers,taj_mahal_54900410_4709458745.png,nan;nan;nan;nan;nan;nan;nan;nan;nan,nan;nan;nan
pt_stpeters_stpauls,outliers,st_pauls_cathedral_61499819_8185541808.png,nan;nan;nan;nan;nan;nan;nan;nan;nan,nan;nan;nan
pt_stpeters_stpauls,outliers,st_pauls_cathedral_08811062_7652433566.png,nan;nan;nan;nan;nan;nan;nan;nan;nan,nan;nan;nan
pt_stpeters_stpauls,outliers,st_pauls_cathedral_29137875_1898785145.png,nan;nan;nan;nan;nan;nan;nan;nan;nan,nan;nan;nan
pt_stpeters_stpauls,outliers,st_pauls_cathedral_80420443_8644508595.png,nan;nan;nan;nan;nan;nan;nan;nan;nan,nan;nan;nan
pt_stpeters_stpauls,outliers,st_pauls_cathedral_28850329_4038914991.png,nan;nan;nan;nan;nan;nan;nan;nan;nan,nan;nan;nan
pt_stpeters_stpauls,outliers,st_pauls_cathedral_77160340_9329931708.png,nan;nan;nan;nan;nan;nan;nan;nan;nan,nan;nan;nan
pt_stpeters_stpauls,outliers,st_pauls_cathedral_34381859_7319928252.png,nan;nan;nan;nan;nan;nan;nan;nan;nan,nan;nan;nan
pt_stpeters_stpauls,outliers,st_pauls_cathedral_23624636_5162872877.png,nan;nan;nan;nan;nan;nan;nan;nan;nan,nan;nan;nan
pt_stpeters_stpauls,outliers,st_pauls_cathedral_16894231_3531570752.png,nan;nan;nan;nan;nan;nan;nan;nan;nan,nan;nan;nan
pt_stpeters_stpauls,outliers,st_pauls_cathedral_59351891_5209994388.png,nan;nan;nan;nan;nan;nan;nan;nan;nan,nan;nan;nan
pt_stpeters_stpauls,outliers,st_pauls_cathedral_74628702_527678504.png,nan;nan;nan;nan;nan;nan;nan;nan;nan,nan;nan;nan
pt_stpeters_stpauls,outliers,st_pauls_cathedral_05641764_12250203953.png,nan;nan;nan;nan;nan;nan;nan;nan;nan,nan;nan;nan
pt_stpeters_stpauls,outliers,st_pauls_cathedral_02796054_3846089993.png,nan;nan;nan;nan;nan;nan;nan;nan;nan,nan;nan;nan
pt_stpeters_stpauls,outliers,st_pauls_cathedral_61565132_8158727335.png,nan;nan;nan;nan;nan;nan;nan;nan;nan,nan;nan;nan
pt_stpeters_stpauls,outliers,st_pauls_cathedral_62295984_6069707235.png,nan;nan;nan;nan;nan;nan;nan;nan;nan,nan;nan;nan
pt_stpeters_stpauls,outliers,st_pauls_cathedral_16273036_6590036823.png,nan;nan;nan;nan;nan;nan;nan;nan;nan,nan;nan;nan
pt_stpeters_stpauls,outliers,st_pauls_cathedral_18206585_1326228024.png,nan;nan;nan;nan;nan;nan;nan;nan;nan,nan;nan;nan
pt_stpeters_stpauls,outliers,st_pauls_cathedral_04223687_109190093.png,nan;nan;nan;nan;nan;nan;nan;nan;nan,nan;nan;nan
pt_stpeters_stpauls,outliers,st_pauls_cathedral_87389732_138449670.png,nan;nan;nan;nan;nan;nan;nan;nan;nan,nan;nan;nan
pt_stpeters_stpauls,outliers,st_pauls_cathedral_75319895_8696585631.png,nan;nan;nan;nan;nan;nan;nan;nan;nan,nan;nan;nan
pt_stpeters_stpauls,outliers,st_pauls_cathedral_22051479_11389229645.png,nan;nan;nan;nan;nan;nan;nan;nan;nan,nan;nan;nan
pt_stpeters_stpauls,outliers,st_pauls_cathedral_37031536_5918950469.png,nan;nan;nan;nan;nan;nan;nan;nan;nan,nan;nan;nan
pt_stpeters_stpauls,outliers,st_pauls_cathedral_61928556_183808445.png,nan;nan;nan;nan;nan;nan;nan;nan;nan,nan;nan;nan
pt_stpeters_stpauls,outliers,st_pauls_cathedral_72125766_3947493463.png,nan;nan;nan;nan;nan;nan;nan;nan;nan,nan;nan;nan
pt_stpeters_stpauls,outliers,st_pauls_cathedral_79100344_12250598976.png,nan;nan;nan;nan;nan;nan;nan;nan;nan,nan;nan;nan
pt_stpeters_stpauls,outliers,st_pauls_cathedral_88075832_10885187075.png,nan;nan;nan;nan;nan;nan;nan;nan;nan,nan;nan;nan
pt_stpeters_stpauls,outliers,st_pauls_cathedral_47854767_3623008711.png,nan;nan;nan;nan;nan;nan;nan;nan;nan,nan;nan;nan
pt_stpeters_stpauls,outliers,st_pauls_cathedral_07127770_6944612870.png,nan;nan;nan;nan;nan;nan;nan;nan;nan,nan;nan;nan
pt_stpeters_stpauls,outliers,st_pauls_cathedral_60046937_167213677.png,nan;nan;nan;nan;nan;nan;nan;nan;nan,nan;nan;nan
pt_stpeters_stpauls,outliers,st_pauls_cathedral_66235659_2635311972.png,nan;nan;nan;nan;nan;nan;nan;nan;nan,nan;nan;nan
pt_stpeters_stpauls,outliers,st_pauls_cathedral_63162714_8395296503.png,nan;nan;nan;nan;nan;nan;nan;nan;nan,nan;nan;nan
pt_stpeters_stpauls,outliers,st_pauls_cathedral_60576713_6612091735.png,nan;nan;nan;nan;nan;nan;nan;nan;nan,nan;nan;nan
pt_stpeters_stpauls,outliers,st_pauls_cathedral_77730672_2187628006.png,nan;nan;nan;nan;nan;nan;nan;nan;nan,nan;nan;nan
pt_stpeters_stpauls,outliers,st_pauls_cathedral_16950686_8459946808.png,nan;nan;nan;nan;nan;nan;nan;nan;nan,nan;nan;nan
pt_stpeters_stpauls,outliers,st_pauls_cathedral_02139247_2294669227.png,nan;nan;nan;nan;nan;nan;nan;nan;nan,nan;nan;nan
pt_stpeters_stpauls,outliers,st_pauls_cathedral_92567399_6203586908.png,nan;nan;nan;nan;nan;nan;nan;nan;nan,nan;nan;nan
pt_stpeters_stpauls,outliers,st_pauls_cathedral_22597499_4761259569.png,nan;nan;nan;nan;nan;nan;nan;nan;nan,nan;nan;nan
pt_stpeters_stpauls,outliers,st_pauls_cathedral_01024897_4276850874.png,nan;nan;nan;nan;nan;nan;nan;nan;nan,nan;nan;nan
pt_stpeters_stpauls,outliers,st_pauls_cathedral_92611863_4804339601.png,nan;nan;nan;nan;nan;nan;nan;nan;nan,nan;nan;nan
pt_stpeters_stpauls,outliers,st_pauls_cathedral_37863559_4180603861.png,nan;nan;nan;nan;nan;nan;nan;nan;nan,nan;nan;nan
pt_stpeters_stpauls,outliers,st_pauls_cathedral_08212369_4763831145.png,nan;nan;nan;nan;nan;nan;nan;nan;nan,nan;nan;nan
pt_stpeters_stpauls,outliers,st_pauls_cathedral_01405760_428260779.png,nan;nan;nan;nan;nan;nan;nan;nan;nan,nan;nan;nan
pt_stpeters_stpauls,outliers,st_pauls_cathedral_00593112_5162872967.png,nan;nan;nan;nan;nan;nan;nan;nan;nan,nan;nan;nan
pt_stpeters_stpauls,outliers,st_pauls_cathedral_72419011_510114579.png,nan;nan;nan;nan;nan;nan;nan;nan;nan,nan;nan;nan
pt_stpeters_stpauls,outliers,st_pauls_cathedral_95298370_81064887.png,nan;nan;nan;nan;nan;nan;nan;nan;nan,nan;nan;nan
pt_stpeters_stpauls,outliers,st_pauls_cathedral_78172907_4888149381.png,nan;nan;nan;nan;nan;nan;nan;nan;nan,nan;nan;nan
pt_stpeters_stpauls,outliers,st_pauls_cathedral_88095326_6571972013.png,nan;nan;nan;nan;nan;nan;nan;nan;nan,nan;nan;nan
pt_stpeters_stpauls,outliers,st_pauls_cathedral_36924691_6406659277.png,nan;nan;nan;nan;nan;nan;nan;nan;nan,nan;nan;nan
pt_stpeters_stpauls,outliers,st_pauls_cathedral_89944336_8704609569.png,nan;nan;nan;nan;nan;nan;nan;nan;nan,nan;nan;nan
pt_stpeters_stpauls,outliers,st_pauls_cathedral_62863183_527769429.png,nan;nan;nan;nan;nan;nan;nan;nan;nan,nan;nan;nan
pt_stpeters_stpauls,outliers,st_pauls_cathedral_07173502_9664669062.png,nan;nan;nan;nan;nan;nan;nan;nan;nan,nan;nan;nan
pt_stpeters_stpauls,outliers,st_pauls_cathedral_93701474_6332090181.png,nan;nan;nan;nan;nan;nan;nan;nan;nan,nan;nan;nan
pt_stpeters_stpauls,outliers,st_pauls_cathedral_89029188_167214313.png,nan;nan;nan;nan;nan;nan;nan;nan;nan,nan;nan;nan
pt_stpeters_stpauls,outliers,st_pauls_cathedral_76072058_330233851.png,nan;nan;nan;nan;nan;nan;nan;nan;nan,nan;nan;nan
pt_stpeters_stpauls,outliers,st_pauls_cathedral_50777283_4936535855.png,nan;nan;nan;nan;nan;nan;nan;nan;nan,nan;nan;nan
pt_stpeters_stpauls,outliers,st_pauls_cathedral_89408252_1252638430.png,nan;nan;nan;nan;nan;nan;nan;nan;nan,nan;nan;nan
pt_stpeters_stpauls,outliers,st_pauls_cathedral_01207461_5308976270.png,nan;nan;nan;nan;nan;nan;nan;nan;nan,nan;nan;nan
pt_stpeters_stpauls,outliers,st_pauls_cathedral_95155835_6249315212.png,nan;nan;nan;nan;nan;nan;nan;nan;nan,nan;nan;nan
pt_stpeters_stpauls,outliers,st_pauls_cathedral_49523263_2763776233.png,nan;nan;nan;nan;nan;nan;nan;nan;nan,nan;nan;nan
pt_stpeters_stpauls,outliers,st_pauls_cathedral_04913236_119772663.png,nan;nan;nan;nan;nan;nan;nan;nan;nan,nan;nan;nan
pt_stpeters_stpauls,outliers,st_pauls_cathedral_06850079_5924336712.png,nan;nan;nan;nan;nan;nan;nan;nan;nan,nan;nan;nan
pt_stpeters_stpauls,outliers,st_pauls_cathedral_15866879_138904614.png,nan;nan;nan;nan;nan;nan;nan;nan;nan,nan;nan;nan
pt_stpeters_stpauls,outliers,st_pauls_cathedral_86793288_81064886.png,nan;nan;nan;nan;nan;nan;nan;nan;nan,nan;nan;nan
pt_stpeters_stpauls,outliers,st_pauls_cathedral_64682734_3599756412.png,nan;nan;nan;nan;nan;nan;nan;nan;nan,nan;nan;nan
pt_stpeters_stpauls,outliers,st_pauls_cathedral_75906168_9021331.png,nan;nan;nan;nan;nan;nan;nan;nan;nan,nan;nan;nan
pt_stpeters_stpauls,outliers,st_pauls_cathedral_37175263_9450449849.png,nan;nan;nan;nan;nan;nan;nan;nan;nan,nan;nan;nan
pt_stpeters_stpauls,outliers,st_pauls_cathedral_29687506_6744340327.png,nan;nan;nan;nan;nan;nan;nan;nan;nan,nan;nan;nan
pt_stpeters_stpauls,outliers,st_pauls_cathedral_57396867_1162831381.png,nan;nan;nan;nan;nan;nan;nan;nan;nan,nan;nan;nan
pt_stpeters_stpauls,outliers,st_pauls_cathedral_79454276_6423703259.png,nan;nan;nan;nan;nan;nan;nan;nan;nan,nan;nan;nan
pt_stpeters_stpauls,outliers,st_pauls_cathedral_76302715_6756627863.png,nan;nan;nan;nan;nan;nan;nan;nan;nan,nan;nan;nan
pt_stpeters_stpauls,outliers,st_pauls_cathedral_66281560_69430718.png,nan;nan;nan;nan;nan;nan;nan;nan;nan,nan;nan;nan
pt_stpeters_stpauls,outliers,st_pauls_cathedral_79907102_3247748633.png,nan;nan;nan;nan;nan;nan;nan;nan;nan,nan;nan;nan
pt_stpeters_stpauls,outliers,st_pauls_cathedral_20239254_119772598.png,nan;nan;nan;nan;nan;nan;nan;nan;nan,nan;nan;nan
pt_stpeters_stpauls,outliers,st_pauls_cathedral_45685596_2848901240.png,nan;nan;nan;nan;nan;nan;nan;nan;nan,nan;nan;nan
pt_stpeters_stpauls,outliers,st_pauls_cathedral_94451439_81070120.png,nan;nan;nan;nan;nan;nan;nan;nan;nan,nan;nan;nan
pt_stpeters_stpauls,outliers,st_pauls_cathedral_43920096_10906605833.png,nan;nan;nan;nan;nan;nan;nan;nan;nan,nan;nan;nan
pt_stpeters_stpauls,outliers,st_pauls_cathedral_79467047_6166196003.png,nan;nan;nan;nan;nan;nan;nan;nan;nan,nan;nan;nan
pt_stpeters_stpauls,outliers,st_pauls_cathedral_66354598_8658993474.png,nan;nan;nan;nan;nan;nan;nan;nan;nan,nan;nan;nan
pt_stpeters_stpauls,outliers,st_pauls_cathedral_79023023_183808253.png,nan;nan;nan;nan;nan;nan;nan;nan;nan,nan;nan;nan
pt_stpeters_stpauls,outliers,st_pauls_cathedral_37891131_11165782483.png,nan;nan;nan;nan;nan;nan;nan;nan;nan,nan;nan;nan
pt_stpeters_stpauls,outliers,st_pauls_cathedral_37670824_2154551459.png,nan;nan;nan;nan;nan;nan;nan;nan;nan,nan;nan;nan
pt_stpeters_stpauls,outliers,st_pauls_cathedral_35236682_3866876026.png,nan;nan;nan;nan;nan;nan;nan;nan;nan,nan;nan;nan
pt_stpeters_stpauls,outliers,st_pauls_cathedral_78098197_5849317301.png,nan;nan;nan;nan;nan;nan;nan;nan;nan,nan;nan;nan
pt_stpeters_stpauls,outliers,st_pauls_cathedral_00162897_2573777698.png,nan;nan;nan;nan;nan;nan;nan;nan;nan,nan;nan;nan
pt_stpeters_stpauls,outliers,st_pauls_cathedral_72783275_3199359396.png,nan;nan;nan;nan;nan;nan;nan;nan;nan,nan;nan;nan
pt_stpeters_stpauls,outliers,st_pauls_cathedral_31055607_5795560563.png,nan;nan;nan;nan;nan;nan;nan;nan;nan,nan;nan;nan
pt_stpeters_stpauls,outliers,st_pauls_cathedral_18009039_2159636076.png,nan;nan;nan;nan;nan;nan;nan;nan;nan,nan;nan;nan
pt_stpeters_stpauls,outliers,st_pauls_cathedral_19156543_414105990.png,nan;nan;nan;nan;nan;nan;nan;nan;nan,nan;nan;nan
pt_stpeters_stpauls,outliers,st_pauls_cathedral_65579340_8658903934.png,nan;nan;nan;nan;nan;nan;nan;nan;nan,nan;nan;nan
pt_stpeters_stpauls,outliers,st_pauls_cathedral_19750027_343386986.png,nan;nan;nan;nan;nan;nan;nan;nan;nan,nan;nan;nan
pt_stpeters_stpauls,outliers,st_pauls_cathedral_37347628_10902811376.png,nan;nan;nan;nan;nan;nan;nan;nan;nan,nan;nan;nan
pt_stpeters_stpauls,outliers,st_pauls_cathedral_51592699_1165340842.png,nan;nan;nan;nan;nan;nan;nan;nan;nan,nan;nan;nan
pt_stpeters_stpauls,outliers,st_pauls_cathedral_92227797_2634489539.png,nan;nan;nan;nan;nan;nan;nan;nan;nan,nan;nan;nan
pt_stpeters_stpauls,outliers,st_pauls_cathedral_44160609_6465554263.png,nan;nan;nan;nan;nan;nan;nan;nan;nan,nan;nan;nan
pt_stpeters_stpauls,outliers,st_pauls_cathedral_62837228_5299508393.png,nan;nan;nan;nan;nan;nan;nan;nan;nan,nan;nan;nan
pt_stpeters_stpauls,outliers,st_pauls_cathedral_15717585_5849870034.png,nan;nan;nan;nan;nan;nan;nan;nan;nan,nan;nan;nan
pt_stpeters_stpauls,outliers,st_pauls_cathedral_64178508_2848319812.png,nan;nan;nan;nan;nan;nan;nan;nan;nan,nan;nan;nan
pt_stpeters_stpauls,outliers,st_pauls_cathedral_15340635_6286567877.png,nan;nan;nan;nan;nan;nan;nan;nan;nan,nan;nan;nan
pt_stpeters_stpauls,outliers,st_pauls_cathedral_61359543_7319932086.png,nan;nan;nan;nan;nan;nan;nan;nan;nan,nan;nan;nan
pt_stpeters_stpauls,outliers,st_pauls_cathedral_62683867_5924337162.png,nan;nan;nan;nan;nan;nan;nan;nan;nan,nan;nan;nan
pt_stpeters_stpauls,outliers,st_peters_square_18412179_6172244512.png,nan;nan;nan;nan;nan;nan;nan;nan;nan,nan;nan;nan
pt_stpeters_stpauls,outliers,st_peters_square_03091803_3301752366.png,nan;nan;nan;nan;nan;nan;nan;nan;nan,nan;nan;nan
pt_stpeters_stpauls,outliers,st_peters_square_72862254_5114619647.png,nan;nan;nan;nan;nan;nan;nan;nan;nan,nan;nan;nan
pt_stpeters_stpauls,outliers,st_peters_square_92930792_3241113575.png,nan;nan;nan;nan;nan;nan;nan;nan;nan,nan;nan;nan
pt_stpeters_stpauls,outliers,st_peters_square_44390759_5115213112.png,nan;nan;nan;nan;nan;nan;nan;nan;nan,nan;nan;nan
pt_stpeters_stpauls,outliers,st_peters_square_46663883_6534848061.png,nan;nan;nan;nan;nan;nan;nan;nan;nan,nan;nan;nan
pt_stpeters_stpauls,outliers,st_peters_square_24636762_4089050891.png,nan;nan;nan;nan;nan;nan;nan;nan;nan,nan;nan;nan
pt_stpeters_stpauls,outliers,st_peters_square_03746789_4463922325.png,nan;nan;nan;nan;nan;nan;nan;nan;nan,nan;nan;nan
pt_stpeters_stpauls,outliers,st_peters_square_45146398_300508266.png,nan;nan;nan;nan;nan;nan;nan;nan;nan,nan;nan;nan
pt_stpeters_stpauls,outliers,st_peters_square_43335638_88784147.png,nan;nan;nan;nan;nan;nan;nan;nan;nan,nan;nan;nan
pt_stpeters_stpauls,outliers,st_peters_square_57090695_8548496597.png,nan;nan;nan;nan;nan;nan;nan;nan;nan,nan;nan;nan
pt_stpeters_stpauls,outliers,st_peters_square_41659819_2070196997.png,nan;nan;nan;nan;nan;nan;nan;nan;nan,nan;nan;nan
pt_stpeters_stpauls,outliers,st_peters_square_61199489_492461058.png,nan;nan;nan;nan;nan;nan;nan;nan;nan,nan;nan;nan
pt_stpeters_stpauls,outliers,st_peters_square_24719115_774461939.png,nan;nan;nan;nan;nan;nan;nan;nan;nan,nan;nan;nan
pt_stpeters_stpauls,outliers,st_peters_square_55218853_3759440157.png,nan;nan;nan;nan;nan;nan;nan;nan;nan,nan;nan;nan
pt_stpeters_stpauls,outliers,st_peters_square_67407966_4358094261.png,nan;nan;nan;nan;nan;nan;nan;nan;nan,nan;nan;nan
pt_stpeters_stpauls,outliers,st_peters_square_50829067_6827571714.png,nan;nan;nan;nan;nan;nan;nan;nan;nan,nan;nan;nan
pt_stpeters_stpauls,outliers,st_peters_square_73950904_275489778.png,nan;nan;nan;nan;nan;nan;nan;nan;nan,nan;nan;nan
pt_stpeters_stpauls,outliers,st_peters_square_44478569_2733152198.png,nan;nan;nan;nan;nan;nan;nan;nan;nan,nan;nan;nan
pt_stpeters_stpauls,outliers,st_peters_square_24059795_9603235434.png,nan;nan;nan;nan;nan;nan;nan;nan;nan,nan;nan;nan
pt_stpeters_stpauls,outliers,st_peters_square_05894880_3961210476.png,nan;nan;nan;nan;nan;nan;nan;nan;nan,nan;nan;nan
pt_stpeters_stpauls,outliers,st_peters_square_74375638_1347790951.png,nan;nan;nan;nan;nan;nan;nan;nan;nan,nan;nan;nan
pt_stpeters_stpauls,outliers,st_peters_square_21905075_5452965061.png,nan;nan;nan;nan;nan;nan;nan;nan;nan,nan;nan;nan
pt_stpeters_stpauls,outliers,st_peters_square_96944137_5746647680.png,nan;nan;nan;nan;nan;nan;nan;nan;nan,nan;nan;nan
pt_stpeters_stpauls,outliers,st_peters_square_84278273_4258469058.png,nan;nan;nan;nan;nan;nan;nan;nan;nan,nan;nan;nan
pt_stpeters_stpauls,outliers,st_peters_square_71826517_5746260945.png,nan;nan;nan;nan;nan;nan;nan;nan;nan,nan;nan;nan
pt_stpeters_stpauls,outliers,st_peters_square_16560660_87393276.png,nan;nan;nan;nan;nan;nan;nan;nan;nan,nan;nan;nan
pt_stpeters_stpauls,outliers,st_peters_square_84897883_3397284524.png,nan;nan;nan;nan;nan;nan;nan;nan;nan,nan;nan;nan
pt_stpeters_stpauls,outliers,st_peters_square_96961885_104769206.png,nan;nan;nan;nan;nan;nan;nan;nan;nan,nan;nan;nan
pt_stpeters_stpauls,outliers,st_peters_square_58475035_2122656414.png,nan;nan;nan;nan;nan;nan;nan;nan;nan,nan;nan;nan
pt_stpeters_stpauls,outliers,st_peters_square_22746486_9560856076.png,nan;nan;nan;nan;nan;nan;nan;nan;nan,nan;nan;nan
pt_stpeters_stpauls,outliers,st_peters_square_18948310_1391071648.png,nan;nan;nan;nan;nan;nan;nan;nan;nan,nan;nan;nan
pt_stpeters_stpauls,outliers,st_peters_square_44455970_5746646894.png,nan;nan;nan;nan;nan;nan;nan;nan;nan,nan;nan;nan
pt_stpeters_stpauls,outliers,st_peters_square_01113045_2151200754.png,nan;nan;nan;nan;nan;nan;nan;nan;nan,nan;nan;nan
pt_stpeters_stpauls,outliers,st_peters_square_79705761_286952048.png,nan;nan;nan;nan;nan;nan;nan;nan;nan,nan;nan;nan
pt_stpeters_stpauls,outliers,st_peters_square_70611917_5987268232.png,nan;nan;nan;nan;nan;nan;nan;nan;nan,nan;nan;nan
pt_stpeters_stpauls,outliers,st_peters_square_74059884_5303611340.png,nan;nan;nan;nan;nan;nan;nan;nan;nan,nan;nan;nan
pt_stpeters_stpauls,outliers,st_peters_square_60121796_5502368748.png,nan;nan;nan;nan;nan;nan;nan;nan;nan,nan;nan;nan
pt_stpeters_stpauls,outliers,st_peters_square_37466637_151112376.png,nan;nan;nan;nan;nan;nan;nan;nan;nan,nan;nan;nan
pt_stpeters_stpauls,outliers,st_peters_square_95260621_11241567214.png,nan;nan;nan;nan;nan;nan;nan;nan;nan,nan;nan;nan
pt_stpeters_stpauls,outliers,st_peters_square_85112064_8554016061.png,nan;nan;nan;nan;nan;nan;nan;nan;nan,nan;nan;nan
pt_stpeters_stpauls,outliers,st_peters_square_79673014_480541710.png,nan;nan;nan;nan;nan;nan;nan;nan;nan,nan;nan;nan
pt_stpeters_stpauls,outliers,st_peters_square_60887425_4988344850.png,nan;nan;nan;nan;nan;nan;nan;nan;nan,nan;nan;nan
pt_stpeters_stpauls,outliers,st_peters_square_04610226_4103646673.png,nan;nan;nan;nan;nan;nan;nan;nan;nan,nan;nan;nan
pt_stpeters_stpauls,outliers,st_peters_square_12334689_522974921.png,nan;nan;nan;nan;nan;nan;nan;nan;nan,nan;nan;nan
pt_stpeters_stpauls,outliers,st_peters_square_97299190_230228215.png,nan;nan;nan;nan;nan;nan;nan;nan;nan,nan;nan;nan
pt_stpeters_stpauls,outliers,st_peters_square_29679303_181377461.png,nan;nan;nan;nan;nan;nan;nan;nan;nan,nan;nan;nan
pt_stpeters_stpauls,outliers,st_peters_square_95364400_2795430893.png,nan;nan;nan;nan;nan;nan;nan;nan;nan,nan;nan;nan
pt_stpeters_stpauls,outliers,st_peters_square_27722146_2540992403.png,nan;nan;nan;nan;nan;nan;nan;nan;nan,nan;nan;nan
pt_stpeters_stpauls,outliers,st_peters_square_36268301_7354161880.png,nan;nan;nan;nan;nan;nan;nan;nan;nan,nan;nan;nan
pt_stpeters_stpauls,outliers,st_peters_square_60793175_3515361889.png,nan;nan;nan;nan;nan;nan;nan;nan;nan,nan;nan;nan
pt_stpeters_stpauls,outliers,st_peters_square_17992917_296706864.png,nan;nan;nan;nan;nan;nan;nan;nan;nan,nan;nan;nan
pt_stpeters_stpauls,outliers,st_peters_square_61596216_926981615.png,nan;nan;nan;nan;nan;nan;nan;nan;nan,nan;nan;nan
pt_stpeters_stpauls,outliers,st_peters_square_58474381_9559488022.png,nan;nan;nan;nan;nan;nan;nan;nan;nan,nan;nan;nan
pt_stpeters_stpauls,outliers,st_peters_square_84026672_4257874044.png,nan;nan;nan;nan;nan;nan;nan;nan;nan,nan;nan;nan
pt_stpeters_stpauls,outliers,st_peters_square_27821246_220471245.png,nan;nan;nan;nan;nan;nan;nan;nan;nan,nan;nan;nan
pt_stpeters_stpauls,outliers,st_peters_square_93827329_275493871.png,nan;nan;nan;nan;nan;nan;nan;nan;nan,nan;nan;nan
pt_stpeters_stpauls,outliers,st_peters_square_70326181_5251675186.png,nan;nan;nan;nan;nan;nan;nan;nan;nan,nan;nan;nan
pt_stpeters_stpauls,outliers,st_peters_square_80363066_1340868362.png,nan;nan;nan;nan;nan;nan;nan;nan;nan,nan;nan;nan
pt_stpeters_stpauls,outliers,st_peters_square_64157046_4825759910.png,nan;nan;nan;nan;nan;nan;nan;nan;nan,nan;nan;nan
pt_stpeters_stpauls,outliers,st_peters_square_64605808_5986711471.png,nan;nan;nan;nan;nan;nan;nan;nan;nan,nan;nan;nan
pt_stpeters_stpauls,outliers,st_peters_square_03988695_8001663418.png,nan;nan;nan;nan;nan;nan;nan;nan;nan,nan;nan;nan
pt_stpeters_stpauls,outliers,st_peters_square_45336170_8518744916.png,nan;nan;nan;nan;nan;nan;nan;nan;nan,nan;nan;nan
pt_stpeters_stpauls,outliers,st_peters_square_72710271_9087579115.png,nan;nan;nan;nan;nan;nan;nan;nan;nan,nan;nan;nan
pt_stpeters_stpauls,outliers,st_peters_square_46268845_5210431.png,nan;nan;nan;nan;nan;nan;nan;nan;nan,nan;nan;nan
pt_stpeters_stpauls,outliers,st_peters_square_95709487_7541298516.png,nan;nan;nan;nan;nan;nan;nan;nan;nan,nan;nan;nan
pt_stpeters_stpauls,outliers,st_peters_square_48496249_4257721183.png,nan;nan;nan;nan;nan;nan;nan;nan;nan,nan;nan;nan
pt_stpeters_stpauls,outliers,st_peters_square_94126033_8728856148.png,nan;nan;nan;nan;nan;nan;nan;nan;nan,nan;nan;nan
pt_stpeters_stpauls,outliers,st_peters_square_56468077_4089051561.png,nan;nan;nan;nan;nan;nan;nan;nan;nan,nan;nan;nan
pt_stpeters_stpauls,outliers,st_peters_square_87967653_2756655360.png,nan;nan;nan;nan;nan;nan;nan;nan;nan,nan;nan;nan
pt_stpeters_stpauls,outliers,st_peters_square_40696807_2666761892.png,nan;nan;nan;nan;nan;nan;nan;nan;nan,nan;nan;nan
pt_stpeters_stpauls,outliers,st_peters_square_33563670_5242619236.png,nan;nan;nan;nan;nan;nan;nan;nan;nan,nan;nan;nan
pt_stpeters_stpauls,outliers,st_peters_square_09150846_12806538585.png,nan;nan;nan;nan;nan;nan;nan;nan;nan,nan;nan;nan
pt_stpeters_stpauls,outliers,st_peters_square_32164473_4104406816.png,nan;nan;nan;nan;nan;nan;nan;nan;nan,nan;nan;nan
pt_stpeters_stpauls,outliers,st_peters_square_85174888_2795417037.png,nan;nan;nan;nan;nan;nan;nan;nan;nan,nan;nan;nan
pt_stpeters_stpauls,outliers,st_peters_square_11170243_108218811.png,nan;nan;nan;nan;nan;nan;nan;nan;nan,nan;nan;nan
pt_stpeters_stpauls,outliers,st_peters_square_05036686_9559490324.png,nan;nan;nan;nan;nan;nan;nan;nan;nan,nan;nan;nan
pt_stpeters_stpauls,outliers,st_peters_square_89231283_4583657302.png,nan;nan;nan;nan;nan;nan;nan;nan;nan,nan;nan;nan
pt_stpeters_stpauls,outliers,st_peters_square_14434211_3241927710.png,nan;nan;nan;nan;nan;nan;nan;nan;nan,nan;nan;nan
pt_stpeters_stpauls,outliers,st_peters_square_51383333_4555047040.png,nan;nan;nan;nan;nan;nan;nan;nan;nan,nan;nan;nan
pt_stpeters_stpauls,outliers,st_peters_square_77282490_453023076.png,nan;nan;nan;nan;nan;nan;nan;nan;nan,nan;nan;nan
pt_stpeters_stpauls,outliers,st_peters_square_07459783_2116496273.png,nan;nan;nan;nan;nan;nan;nan;nan;nan,nan;nan;nan
pt_stpeters_stpauls,outliers,st_peters_square_64856605_10034558183.png,nan;nan;nan;nan;nan;nan;nan;nan;nan,nan;nan;nan
pt_stpeters_stpauls,outliers,st_peters_square_84356787_41289007.png,nan;nan;nan;nan;nan;nan;nan;nan;nan,nan;nan;nan
pt_stpeters_stpauls,outliers,st_peters_square_91440455_2973906531.png,nan;nan;nan;nan;nan;nan;nan;nan;nan,nan;nan;nan
pt_stpeters_stpauls,outliers,st_peters_square_16459160_169609859.png,nan;nan;nan;nan;nan;nan;nan;nan;nan,nan;nan;nan
pt_stpeters_stpauls,outliers,st_peters_square_04687924_2163037290.png,nan;nan;nan;nan;nan;nan;nan;nan;nan,nan;nan;nan
pt_stpeters_stpauls,outliers,st_peters_square_47361588_602059416.png,nan;nan;nan;nan;nan;nan;nan;nan;nan,nan;nan;nan
pt_stpeters_stpauls,outliers,st_peters_square_57954696_5417448065.png,nan;nan;nan;nan;nan;nan;nan;nan;nan,nan;nan;nan
pt_stpeters_stpauls,outliers,st_peters_square_20328156_5873219320.png,nan;nan;nan;nan;nan;nan;nan;nan;nan,nan;nan;nan
pt_stpeters_stpauls,outliers,st_peters_square_93849170_8602630853.png,nan;nan;nan;nan;nan;nan;nan;nan;nan,nan;nan;nan
pt_stpeters_stpauls,outliers,st_peters_square_78236367_3680548187.png,nan;nan;nan;nan;nan;nan;nan;nan;nan,nan;nan;nan
pt_stpeters_stpauls,outliers,st_peters_square_94275623_8588288449.png,nan;nan;nan;nan;nan;nan;nan;nan;nan,nan;nan;nan
pt_stpeters_stpauls,outliers,st_peters_square_48141965_9536256202.png,nan;nan;nan;nan;nan;nan;nan;nan;nan,nan;nan;nan
pt_stpeters_stpauls,outliers,st_peters_square_22421524_4050930227.png,nan;nan;nan;nan;nan;nan;nan;nan;nan,nan;nan;nan
pt_stpeters_stpauls,outliers,st_peters_square_01086691_5427945640.png,nan;nan;nan;nan;nan;nan;nan;nan;nan,nan;nan;nan
pt_stpeters_stpauls,outliers,st_peters_square_35727766_2927321004.png,nan;nan;nan;nan;nan;nan;nan;nan;nan,nan;nan;nan
pt_stpeters_stpauls,outliers,st_peters_square_71743967_13589039945.png,nan;nan;nan;nan;nan;nan;nan;nan;nan,nan;nan;nan
pt_stpeters_stpauls,outliers,st_peters_square_51093586_7936643532.png,nan;nan;nan;nan;nan;nan;nan;nan;nan,nan;nan;nan
pt_stpeters_stpauls,outliers,st_peters_square_33011793_12700964863.png,nan;nan;nan;nan;nan;nan;nan;nan;nan,nan;nan;nan
amy_gardens,outliers,peach_0100.png,nan;nan;nan;nan;nan;nan;nan;nan;nan,nan;nan;nan
amy_gardens,outliers,peach_0091.png,nan;nan;nan;nan;nan;nan;nan;nan;nan,nan;nan;nan
amy_gardens,outliers,peach_0075.png,nan;nan;nan;nan;nan;nan;nan;nan;nan,nan;nan;nan
amy_gardens,outliers,peach_0087.png,nan;nan;nan;nan;nan;nan;nan;nan;nan,nan;nan;nan
amy_gardens,outliers,peach_0089.png,nan;nan;nan;nan;nan;nan;nan;nan;nan,nan;nan;nan
amy_gardens,outliers,peach_0028.png,nan;nan;nan;nan;nan;nan;nan;nan;nan,nan;nan;nan
amy_gardens,outliers,peach_0161.png,nan;nan;nan;nan;nan;nan;nan;nan;nan,nan;nan;nan
amy_gardens,outliers,peach_0189.png,nan;nan;nan;nan;nan;nan;nan;nan;nan,nan;nan;nan
amy_gardens,outliers,peach_0155.png,nan;nan;nan;nan;nan;nan;nan;nan;nan,nan;nan;nan
amy_gardens,outliers,peach_0042.png,nan;nan;nan;nan;nan;nan;nan;nan;nan,nan;nan;nan
amy_gardens,outliers,peach_0188.png,nan;nan;nan;nan;nan;nan;nan;nan;nan,nan;nan;nan
amy_gardens,outliers,peach_0082.png,nan;nan;nan;nan;nan;nan;nan;nan;nan,nan;nan;nan
amy_gardens,outliers,peach_0011.png,nan;nan;nan;nan;nan;nan;nan;nan;nan,nan;nan;nan
amy_gardens,outliers,peach_0121.png,nan;nan;nan;nan;nan;nan;nan;nan;nan,nan;nan;nan
amy_gardens,outliers,peach_0126.png,nan;nan;nan;nan;nan;nan;nan;nan;nan,nan;nan;nan
amy_gardens,outliers,peach_0045.png,nan;nan;nan;nan;nan;nan;nan;nan;nan,nan;nan;nan
amy_gardens,outliers,peach_0080.png,nan;nan;nan;nan;nan;nan;nan;nan;nan,nan;nan;nan
amy_gardens,outliers,peach_0043.png,nan;nan;nan;nan;nan;nan;nan;nan;nan,nan;nan;nan
amy_gardens,outliers,peach_0140.png,nan;nan;nan;nan;nan;nan;nan;nan;nan,nan;nan;nan
amy_gardens,outliers,peach_0136.png,nan;nan;nan;nan;nan;nan;nan;nan;nan,nan;nan;nan
amy_gardens,outliers,peach_0135.png,nan;nan;nan;nan;nan;nan;nan;nan;nan,nan;nan;nan
amy_gardens,outliers,peach_0158.png,nan;nan;nan;nan;nan;nan;nan;nan;nan,nan;nan;nan
amy_gardens,outliers,peach_0151.png,nan;nan;nan;nan;nan;nan;nan;nan;nan,nan;nan;nan
amy_gardens,outliers,peach_0154.png,nan;nan;nan;nan;nan;nan;nan;nan;nan,nan;nan;nan
amy_gardens,outliers,peach_0097.png,nan;nan;nan;nan;nan;nan;nan;nan;nan,nan;nan;nan
amy_gardens,outliers,peach_0024.png,nan;nan;nan;nan;nan;nan;nan;nan;nan,nan;nan;nan
amy_gardens,outliers,peach_0116.png,nan;nan;nan;nan;nan;nan;nan;nan;nan,nan;nan;nan
amy_gardens,outliers,peach_0006.png,nan;nan;nan;nan;nan;nan;nan;nan;nan,nan;nan;nan
amy_gardens,outliers,peach_0023.png,nan;nan;nan;nan;nan;nan;nan;nan;nan,nan;nan;nan
amy_gardens,outliers,peach_0170.png,nan;nan;nan;nan;nan;nan;nan;nan;nan,nan;nan;nan
amy_gardens,outliers,peach_0096.png,nan;nan;nan;nan;nan;nan;nan;nan;nan,nan;nan;nan
amy_gardens,outliers,peach_0175.png,nan;nan;nan;nan;nan;nan;nan;nan;nan,nan;nan;nan
amy_gardens,outliers,peach_0132.png,nan;nan;nan;nan;nan;nan;nan;nan;nan,nan;nan;nan
amy_gardens,outliers,peach_0181.png,nan;nan;nan;nan;nan;nan;nan;nan;nan,nan;nan;nan
amy_gardens,outliers,peach_0078.png,nan;nan;nan;nan;nan;nan;nan;nan;nan,nan;nan;nan
amy_gardens,outliers,peach_0057.png,nan;nan;nan;nan;nan;nan;nan;nan;nan,nan;nan;nan
amy_gardens,outliers,peach_0002.png,nan;nan;nan;nan;nan;nan;nan;nan;nan,nan;nan;nan
amy_gardens,outliers,peach_0086.png,nan;nan;nan;nan;nan;nan;nan;nan;nan,nan;nan;nan
amy_gardens,outliers,peach_0064.png,nan;nan;nan;nan;nan;nan;nan;nan;nan,nan;nan;nan
amy_gardens,outliers,peach_0145.png,nan;nan;nan;nan;nan;nan;nan;nan;nan,nan;nan;nan
amy_gardens,outliers,peach_0007.png,nan;nan;nan;nan;nan;nan;nan;nan;nan,nan;nan;nan
amy_gardens,outliers,peach_0177.png,nan;nan;nan;nan;nan;nan;nan;nan;nan,nan;nan;nan
amy_gardens,outliers,peach_0174.png,nan;nan;nan;nan;nan;nan;nan;nan;nan,nan;nan;nan
amy_gardens,outliers,peach_0083.png,nan;nan;nan;nan;nan;nan;nan;nan;nan,nan;nan;nan
amy_gardens,outliers,peach_0120.png,nan;nan;nan;nan;nan;nan;nan;nan;nan,nan;nan;nan
amy_gardens,outliers,peach_0029.png,nan;nan;nan;nan;nan;nan;nan;nan;nan,nan;nan;nan
amy_gardens,outliers,peach_0050.png,nan;nan;nan;nan;nan;nan;nan;nan;nan,nan;nan;nan
amy_gardens,outliers,peach_0001.png,nan;nan;nan;nan;nan;nan;nan;nan;nan,nan;nan;nan
amy_gardens,outliers,peach_0068.png,nan;nan;nan;nan;nan;nan;nan;nan;nan,nan;nan;nan
amy_gardens,outliers,peach_0172.png,nan;nan;nan;nan;nan;nan;nan;nan;nan,nan;nan;nan
amy_gardens,outliers,peach_0143.png,nan;nan;nan;nan;nan;nan;nan;nan;nan,nan;nan;nan
amy_gardens,outliers,peach_0041.png,nan;nan;nan;nan;nan;nan;nan;nan;nan,nan;nan;nan
amy_gardens,outliers,peach_0106.png,nan;nan;nan;nan;nan;nan;nan;nan;nan,nan;nan;nan
amy_gardens,outliers,peach_0102.png,nan;nan;nan;nan;nan;nan;nan;nan;nan,nan;nan;nan
amy_gardens,outliers,peach_0167.png,nan;nan;nan;nan;nan;nan;nan;nan;nan,nan;nan;nan
amy_gardens,outliers,peach_0131.png,nan;nan;nan;nan;nan;nan;nan;nan;nan,nan;nan;nan
amy_gardens,outliers,peach_0000.png,nan;nan;nan;nan;nan;nan;nan;nan;nan,nan;nan;nan
amy_gardens,outliers,peach_0184.png,nan;nan;nan;nan;nan;nan;nan;nan;nan,nan;nan;nan
amy_gardens,outliers,peach_0196.png,nan;nan;nan;nan;nan;nan;nan;nan;nan,nan;nan;nan
amy_gardens,outliers,peach_0156.png,nan;nan;nan;nan;nan;nan;nan;nan;nan,nan;nan;nan
amy_gardens,outliers,peach_0031.png,nan;nan;nan;nan;nan;nan;nan;nan;nan,nan;nan;nan
amy_gardens,outliers,peach_0074.png,nan;nan;nan;nan;nan;nan;nan;nan;nan,nan;nan;nan
amy_gardens,outliers,peach_0056.png,nan;nan;nan;nan;nan;nan;nan;nan;nan,nan;nan;nan
amy_gardens,outliers,peach_0053.png,nan;nan;nan;nan;nan;nan;nan;nan;nan,nan;nan;nan
amy_gardens,outliers,peach_0124.png,nan;nan;nan;nan;nan;nan;nan;nan;nan,nan;nan;nan
amy_gardens,outliers,peach_0084.png,nan;nan;nan;nan;nan;nan;nan;nan;nan,nan;nan;nan
amy_gardens,outliers,peach_0032.png,nan;nan;nan;nan;nan;nan;nan;nan;nan,nan;nan;nan
amy_gardens,outliers,peach_0088.png,nan;nan;nan;nan;nan;nan;nan;nan;nan,nan;nan;nan
amy_gardens,outliers,peach_0098.png,nan;nan;nan;nan;nan;nan;nan;nan;nan,nan;nan;nan
amy_gardens,outliers,peach_0148.png,nan;nan;nan;nan;nan;nan;nan;nan;nan,nan;nan;nan
amy_gardens,outliers,peach_0110.png,nan;nan;nan;nan;nan;nan;nan;nan;nan,nan;nan;nan
amy_gardens,outliers,peach_0071.png,nan;nan;nan;nan;nan;nan;nan;nan;nan,nan;nan;nan
amy_gardens,outliers,peach_0025.png,nan;nan;nan;nan;nan;nan;nan;nan;nan,nan;nan;nan
amy_gardens,outliers,peach_0138.png,nan;nan;nan;nan;nan;nan;nan;nan;nan,nan;nan;nan
amy_gardens,outliers,peach_0070.png,nan;nan;nan;nan;nan;nan;nan;nan;nan,nan;nan;nan
amy_gardens,outliers,peach_0180.png,nan;nan;nan;nan;nan;nan;nan;nan;nan,nan;nan;nan
amy_gardens,outliers,peach_0123.png,nan;nan;nan;nan;nan;nan;nan;nan;nan,nan;nan;nan
amy_gardens,outliers,peach_0047.png,nan;nan;nan;nan;nan;nan;nan;nan;nan,nan;nan;nan
amy_gardens,outliers,peach_0119.png,nan;nan;nan;nan;nan;nan;nan;nan;nan,nan;nan;nan
amy_gardens,outliers,peach_0107.png,nan;nan;nan;nan;nan;nan;nan;nan;nan,nan;nan;nan
amy_gardens,outliers,peach_0115.png,nan;nan;nan;nan;nan;nan;nan;nan;nan,nan;nan;nan
amy_gardens,outliers,peach_0152.png,nan;nan;nan;nan;nan;nan;nan;nan;nan,nan;nan;nan
amy_gardens,outliers,peach_0127.png,nan;nan;nan;nan;nan;nan;nan;nan;nan,nan;nan;nan
amy_gardens,outliers,peach_0183.png,nan;nan;nan;nan;nan;nan;nan;nan;nan,nan;nan;nan
amy_gardens,outliers,peach_0062.png,nan;nan;nan;nan;nan;nan;nan;nan;nan,nan;nan;nan
amy_gardens,outliers,peach_0021.png,nan;nan;nan;nan;nan;nan;nan;nan;nan,nan;nan;nan
amy_gardens,outliers,peach_0027.png,nan;nan;nan;nan;nan;nan;nan;nan;nan,nan;nan;nan
amy_gardens,outliers,peach_0013.png,nan;nan;nan;nan;nan;nan;nan;nan;nan,nan;nan;nan
amy_gardens,outliers,peach_0192.png,nan;nan;nan;nan;nan;nan;nan;nan;nan,nan;nan;nan
amy_gardens,outliers,peach_0125.png,nan;nan;nan;nan;nan;nan;nan;nan;nan,nan;nan;nan
amy_gardens,outliers,peach_0017.png,nan;nan;nan;nan;nan;nan;nan;nan;nan,nan;nan;nan
amy_gardens,outliers,peach_0114.png,nan;nan;nan;nan;nan;nan;nan;nan;nan,nan;nan;nan
amy_gardens,outliers,peach_0142.png,nan;nan;nan;nan;nan;nan;nan;nan;nan,nan;nan;nan
amy_gardens,outliers,peach_0016.png,nan;nan;nan;nan;nan;nan;nan;nan;nan,nan;nan;nan
amy_gardens,outliers,peach_0165.png,nan;nan;nan;nan;nan;nan;nan;nan;nan,nan;nan;nan
amy_gardens,outliers,peach_0112.png,nan;nan;nan;nan;nan;nan;nan;nan;nan,nan;nan;nan
amy_gardens,outliers,peach_0095.png,nan;nan;nan;nan;nan;nan;nan;nan;nan,nan;nan;nan
amy_gardens,outliers,peach_0038.png,nan;nan;nan;nan;nan;nan;nan;nan;nan,nan;nan;nan
amy_gardens,outliers,peach_0162.png,nan;nan;nan;nan;nan;nan;nan;nan;nan,nan;nan;nan
amy_gardens,outliers,peach_0191.png,nan;nan;nan;nan;nan;nan;nan;nan;nan,nan;nan;nan
amy_gardens,outliers,peach_0159.png,nan;nan;nan;nan;nan;nan;nan;nan;nan,nan;nan;nan
amy_gardens,outliers,peach_0163.png,nan;nan;nan;nan;nan;nan;nan;nan;nan,nan;nan;nan
amy_gardens,outliers,peach_0085.png,nan;nan;nan;nan;nan;nan;nan;nan;nan,nan;nan;nan
amy_gardens,outliers,peach_0072.png,nan;nan;nan;nan;nan;nan;nan;nan;nan,nan;nan;nan
amy_gardens,outliers,peach_0022.png,nan;nan;nan;nan;nan;nan;nan;nan;nan,nan;nan;nan
amy_gardens,outliers,peach_0103.png,nan;nan;nan;nan;nan;nan;nan;nan;nan,nan;nan;nan
amy_gardens,outliers,peach_0077.png,nan;nan;nan;nan;nan;nan;nan;nan;nan,nan;nan;nan
amy_gardens,outliers,peach_0133.png,nan;nan;nan;nan;nan;nan;nan;nan;nan,nan;nan;nan
amy_gardens,outliers,peach_0049.png,nan;nan;nan;nan;nan;nan;nan;nan;nan,nan;nan;nan
amy_gardens,outliers,peach_0185.png,nan;nan;nan;nan;nan;nan;nan;nan;nan,nan;nan;nan
amy_gardens,outliers,peach_0093.png,nan;nan;nan;nan;nan;nan;nan;nan;nan,nan;nan;nan
amy_gardens,outliers,peach_0150.png,nan;nan;nan;nan;nan;nan;nan;nan;nan,nan;nan;nan
amy_gardens,outliers,peach_0033.png,nan;nan;nan;nan;nan;nan;nan;nan;nan,nan;nan;nan
amy_gardens,outliers,peach_0060.png,nan;nan;nan;nan;nan;nan;nan;nan;nan,nan;nan;nan
amy_gardens,outliers,peach_0081.png,nan;nan;nan;nan;nan;nan;nan;nan;nan,nan;nan;nan
amy_gardens,outliers,peach_0104.png,nan;nan;nan;nan;nan;nan;nan;nan;nan,nan;nan;nan
amy_gardens,outliers,peach_0113.png,nan;nan;nan;nan;nan;nan;nan;nan;nan,nan;nan;nan
amy_gardens,outliers,peach_0141.png,nan;nan;nan;nan;nan;nan;nan;nan;nan,nan;nan;nan
amy_gardens,outliers,peach_0122.png,nan;nan;nan;nan;nan;nan;nan;nan;nan,nan;nan;nan
amy_gardens,outliers,peach_0015.png,nan;nan;nan;nan;nan;nan;nan;nan;nan,nan;nan;nan
amy_gardens,outliers,peach_0157.png,nan;nan;nan;nan;nan;nan;nan;nan;nan,nan;nan;nan
amy_gardens,outliers,peach_0111.png,nan;nan;nan;nan;nan;nan;nan;nan;nan,nan;nan;nan
amy_gardens,outliers,peach_0073.png,nan;nan;nan;nan;nan;nan;nan;nan;nan,nan;nan;nan
amy_gardens,outliers,peach_0193.png,nan;nan;nan;nan;nan;nan;nan;nan;nan,nan;nan;nan
amy_gardens,outliers,peach_0059.png,nan;nan;nan;nan;nan;nan;nan;nan;nan,nan;nan;nan
amy_gardens,outliers,peach_0020.png,nan;nan;nan;nan;nan;nan;nan;nan;nan,nan;nan;nan
amy_gardens,outliers,peach_0014.png,nan;nan;nan;nan;nan;nan;nan;nan;nan,nan;nan;nan
amy_gardens,outliers,peach_0144.png,nan;nan;nan;nan;nan;nan;nan;nan;nan,nan;nan;nan
amy_gardens,outliers,peach_0034.png,nan;nan;nan;nan;nan;nan;nan;nan;nan,nan;nan;nan
amy_gardens,outliers,peach_0118.png,nan;nan;nan;nan;nan;nan;nan;nan;nan,nan;nan;nan
amy_gardens,outliers,peach_0099.png,nan;nan;nan;nan;nan;nan;nan;nan;nan,nan;nan;nan
amy_gardens,outliers,peach_0055.png,nan;nan;nan;nan;nan;nan;nan;nan;nan,nan;nan;nan
amy_gardens,outliers,peach_0090.png,nan;nan;nan;nan;nan;nan;nan;nan;nan,nan;nan;nan
amy_gardens,outliers,peach_0169.png,nan;nan;nan;nan;nan;nan;nan;nan;nan,nan;nan;nan
amy_gardens,outliers,peach_0129.png,nan;nan;nan;nan;nan;nan;nan;nan;nan,nan;nan;nan
amy_gardens,outliers,peach_0128.png,nan;nan;nan;nan;nan;nan;nan;nan;nan,nan;nan;nan
amy_gardens,outliers,peach_0173.png,nan;nan;nan;nan;nan;nan;nan;nan;nan,nan;nan;nan
amy_gardens,outliers,peach_0199.png,nan;nan;nan;nan;nan;nan;nan;nan;nan,nan;nan;nan
amy_gardens,outliers,peach_0117.png,nan;nan;nan;nan;nan;nan;nan;nan;nan,nan;nan;nan
amy_gardens,outliers,peach_0108.png,nan;nan;nan;nan;nan;nan;nan;nan;nan,nan;nan;nan
amy_gardens,outliers,peach_0010.png,nan;nan;nan;nan;nan;nan;nan;nan;nan,nan;nan;nan
amy_gardens,outliers,peach_0101.png,nan;nan;nan;nan;nan;nan;nan;nan;nan,nan;nan;nan
amy_gardens,outliers,peach_0146.png,nan;nan;nan;nan;nan;nan;nan;nan;nan,nan;nan;nan
amy_gardens,outliers,peach_0195.png,nan;nan;nan;nan;nan;nan;nan;nan;nan,nan;nan;nan
amy_gardens,outliers,peach_0046.png,nan;nan;nan;nan;nan;nan;nan;nan;nan,nan;nan;nan
amy_gardens,outliers,peach_0109.png,nan;nan;nan;nan;nan;nan;nan;nan;nan,nan;nan;nan
amy_gardens,outliers,peach_0069.png,nan;nan;nan;nan;nan;nan;nan;nan;nan,nan;nan;nan
amy_gardens,outliers,peach_0058.png,nan;nan;nan;nan;nan;nan;nan;nan;nan,nan;nan;nan
amy_gardens,outliers,peach_0187.png,nan;nan;nan;nan;nan;nan;nan;nan;nan,nan;nan;nan
amy_gardens,outliers,peach_0149.png,nan;nan;nan;nan;nan;nan;nan;nan;nan,nan;nan;nan
amy_gardens,outliers,peach_0061.png,nan;nan;nan;nan;nan;nan;nan;nan;nan,nan;nan;nan
amy_gardens,outliers,peach_0018.png,nan;nan;nan;nan;nan;nan;nan;nan;nan,nan;nan;nan
amy_gardens,outliers,peach_0166.png,nan;nan;nan;nan;nan;nan;nan;nan;nan,nan;nan;nan
amy_gardens,outliers,peach_0039.png,nan;nan;nan;nan;nan;nan;nan;nan;nan,nan;nan;nan
amy_gardens,outliers,peach_0092.png,nan;nan;nan;nan;nan;nan;nan;nan;nan,nan;nan;nan
amy_gardens,outliers,peach_0194.png,nan;nan;nan;nan;nan;nan;nan;nan;nan,nan;nan;nan
amy_gardens,outliers,peach_0063.png,nan;nan;nan;nan;nan;nan;nan;nan;nan,nan;nan;nan
amy_gardens,outliers,peach_0030.png,nan;nan;nan;nan;nan;nan;nan;nan;nan,nan;nan;nan
amy_gardens,outliers,peach_0178.png,nan;nan;nan;nan;nan;nan;nan;nan;nan,nan;nan;nan
amy_gardens,outliers,peach_0052.png,nan;nan;nan;nan;nan;nan;nan;nan;nan,nan;nan;nan
amy_gardens,outliers,peach_0036.png,nan;nan;nan;nan;nan;nan;nan;nan;nan,nan;nan;nan
amy_gardens,outliers,peach_0160.png,nan;nan;nan;nan;nan;nan;nan;nan;nan,nan;nan;nan
amy_gardens,outliers,peach_0139.png,nan;nan;nan;nan;nan;nan;nan;nan;nan,nan;nan;nan
amy_gardens,outliers,peach_0197.png,nan;nan;nan;nan;nan;nan;nan;nan;nan,nan;nan;nan
amy_gardens,outliers,peach_0179.png,nan;nan;nan;nan;nan;nan;nan;nan;nan,nan;nan;nan
amy_gardens,outliers,peach_0008.png,nan;nan;nan;nan;nan;nan;nan;nan;nan,nan;nan;nan
amy_gardens,outliers,peach_0153.png,nan;nan;nan;nan;nan;nan;nan;nan;nan,nan;nan;nan
amy_gardens,outliers,peach_0186.png,nan;nan;nan;nan;nan;nan;nan;nan;nan,nan;nan;nan
amy_gardens,outliers,peach_0005.png,nan;nan;nan;nan;nan;nan;nan;nan;nan,nan;nan;nan
amy_gardens,outliers,peach_0066.png,nan;nan;nan;nan;nan;nan;nan;nan;nan,nan;nan;nan
amy_gardens,outliers,peach_0054.png,nan;nan;nan;nan;nan;nan;nan;nan;nan,nan;nan;nan
amy_gardens,outliers,peach_0094.png,nan;nan;nan;nan;nan;nan;nan;nan;nan,nan;nan;nan
amy_gardens,outliers,peach_0105.png,nan;nan;nan;nan;nan;nan;nan;nan;nan,nan;nan;nan
amy_gardens,outliers,peach_0012.png,nan;nan;nan;nan;nan;nan;nan;nan;nan,nan;nan;nan
amy_gardens,outliers,peach_0079.png,nan;nan;nan;nan;nan;nan;nan;nan;nan,nan;nan;nan
amy_gardens,outliers,peach_0134.png,nan;nan;nan;nan;nan;nan;nan;nan;nan,nan;nan;nan
amy_gardens,outliers,peach_0003.png,nan;nan;nan;nan;nan;nan;nan;nan;nan,nan;nan;nan
amy_gardens,outliers,peach_0067.png,nan;nan;nan;nan;nan;nan;nan;nan;nan,nan;nan;nan
amy_gardens,outliers,peach_0147.png,nan;nan;nan;nan;nan;nan;nan;nan;nan,nan;nan;nan
amy_gardens,outliers,peach_0044.png,nan;nan;nan;nan;nan;nan;nan;nan;nan,nan;nan;nan
amy_gardens,outliers,peach_0019.png,nan;nan;nan;nan;nan;nan;nan;nan;nan,nan;nan;nan
amy_gardens,outliers,peach_0051.png,nan;nan;nan;nan;nan;nan;nan;nan;nan,nan;nan;nan
amy_gardens,outliers,peach_0198.png,nan;nan;nan;nan;nan;nan;nan;nan;nan,nan;nan;nan
amy_gardens,outliers,peach_0190.png,nan;nan;nan;nan;nan;nan;nan;nan;nan,nan;nan;nan
amy_gardens,outliers,peach_0182.png,nan;nan;nan;nan;nan;nan;nan;nan;nan,nan;nan;nan
amy_gardens,outliers,peach_0171.png,nan;nan;nan;nan;nan;nan;nan;nan;nan,nan;nan;nan
amy_gardens,outliers,peach_0009.png,nan;nan;nan;nan;nan;nan;nan;nan;nan,nan;nan;nan
amy_gardens,outliers,peach_0004.png,nan;nan;nan;nan;nan;nan;nan;nan;nan,nan;nan;nan
amy_gardens,outliers,peach_0176.png,nan;nan;nan;nan;nan;nan;nan;nan;nan,nan;nan;nan
amy_gardens,outliers,peach_0065.png,nan;nan;nan;nan;nan;nan;nan;nan;nan,nan;nan;nan
amy_gardens,outliers,peach_0037.png,nan;nan;nan;nan;nan;nan;nan;nan;nan,nan;nan;nan
amy_gardens,outliers,peach_0048.png,nan;nan;nan;nan;nan;nan;nan;nan;nan,nan;nan;nan
amy_gardens,outliers,peach_0076.png,nan;nan;nan;nan;nan;nan;nan;nan;nan,nan;nan;nan
amy_gardens,outliers,peach_0040.png,nan;nan;nan;nan;nan;nan;nan;nan;nan,nan;nan;nan
amy_gardens,outliers,peach_0026.png,nan;nan;nan;nan;nan;nan;nan;nan;nan,nan;nan;nan
amy_gardens,outliers,peach_0035.png,nan;nan;nan;nan;nan;nan;nan;nan;nan,nan;nan;nan
amy_gardens,outliers,peach_0137.png,nan;nan;nan;nan;nan;nan;nan;nan;nan,nan;nan;nan
amy_gardens,outliers,peach_0164.png,nan;nan;nan;nan;nan;nan;nan;nan;nan,nan;nan;nan
amy_gardens,outliers,peach_0130.png,nan;nan;nan;nan;nan;nan;nan;nan;nan,nan;nan;nan
amy_gardens,outliers,peach_0168.png,nan;nan;nan;nan;nan;nan;nan;nan;nan,nan;nan;nan
fbk_vineyard,outliers,vineyard_split_2_frame_1260.png,nan;nan;nan;nan;nan;nan;nan;nan;nan,nan;nan;nan
fbk_vineyard,outliers,vineyard_split_2_frame_1225.png,nan;nan;nan;nan;nan;nan;nan;nan;nan,nan;nan;nan
fbk_vineyard,outliers,vineyard_split_2_frame_1245.png,nan;nan;nan;nan;nan;nan;nan;nan;nan,nan;nan;nan
fbk_vineyard,outliers,vineyard_split_2_frame_1320.png,nan;nan;nan;nan;nan;nan;nan;nan;nan,nan;nan;nan
fbk_vineyard,outliers,vineyard_split_2_frame_1205.png,nan;nan;nan;nan;nan;nan;nan;nan;nan,nan;nan;nan
fbk_vineyard,outliers,vineyard_split_2_frame_1240.png,nan;nan;nan;nan;nan;nan;nan;nan;nan,nan;nan;nan
fbk_vineyard,outliers,vineyard_split_2_frame_1170.png,nan;nan;nan;nan;nan;nan;nan;nan;nan,nan;nan;nan
fbk_vineyard,outliers,vineyard_split_2_frame_1300.png,nan;nan;nan;nan;nan;nan;nan;nan;nan,nan;nan;nan
fbk_vineyard,outliers,vineyard_split_2_frame_1290.png,nan;nan;nan;nan;nan;nan;nan;nan;nan,nan;nan;nan
fbk_vineyard,outliers,vineyard_split_2_frame_1310.png,nan;nan;nan;nan;nan;nan;nan;nan;nan,nan;nan;nan
fbk_vineyard,outliers,vineyard_split_2_frame_1200.png,nan;nan;nan;nan;nan;nan;nan;nan;nan,nan;nan;nan
fbk_vineyard,outliers,vineyard_split_2_frame_1295.png,nan;nan;nan;nan;nan;nan;nan;nan;nan,nan;nan;nan
fbk_vineyard,outliers,vineyard_split_2_frame_1180.png,nan;nan;nan;nan;nan;nan;nan;nan;nan,nan;nan;nan
fbk_vineyard,outliers,vineyard_split_2_frame_1255.png,nan;nan;nan;nan;nan;nan;nan;nan;nan,nan;nan;nan
fbk_vineyard,outliers,vineyard_split_2_frame_1220.png,nan;nan;nan;nan;nan;nan;nan;nan;nan,nan;nan;nan
fbk_vineyard,outliers,vineyard_split_2_frame_1165.png,nan;nan;nan;nan;nan;nan;nan;nan;nan,nan;nan;nan
fbk_vineyard,outliers,vineyard_split_2_frame_1275.png,nan;nan;nan;nan;nan;nan;nan;nan;nan,nan;nan;nan
fbk_vineyard,outliers,vineyard_split_2_frame_1305.png,nan;nan;nan;nan;nan;nan;nan;nan;nan,nan;nan;nan
fbk_vineyard,outliers,vineyard_split_2_frame_1160.png,nan;nan;nan;nan;nan;nan;nan;nan;nan,nan;nan;nan
fbk_vineyard,outliers,vineyard_split_2_frame_1280.png,nan;nan;nan;nan;nan;nan;nan;nan;nan,nan;nan;nan
fbk_vineyard,outliers,vineyard_split_2_frame_1155.png,nan;nan;nan;nan;nan;nan;nan;nan;nan,nan;nan;nan
fbk_vineyard,outliers,vineyard_split_2_frame_1195.png,nan;nan;nan;nan;nan;nan;nan;nan;nan,nan;nan;nan
fbk_vineyard,outliers,vineyard_split_2_frame_1190.png,nan;nan;nan;nan;nan;nan;nan;nan;nan,nan;nan;nan
fbk_vineyard,outliers,vineyard_split_2_frame_1270.png,nan;nan;nan;nan;nan;nan;nan;nan;nan,nan;nan;nan
fbk_vineyard,outliers,vineyard_split_2_frame_1210.png,nan;nan;nan;nan;nan;nan;nan;nan;nan,nan;nan;nan
fbk_vineyard,outliers,vineyard_split_2_frame_1250.png,nan;nan;nan;nan;nan;nan;nan;nan;nan,nan;nan;nan
fbk_vineyard,outliers,vineyard_split_2_frame_1185.png,nan;nan;nan;nan;nan;nan;nan;nan;nan,nan;nan;nan
fbk_vineyard,outliers,vineyard_split_2_frame_1285.png,nan;nan;nan;nan;nan;nan;nan;nan;nan,nan;nan;nan
fbk_vineyard,outliers,vineyard_split_2_frame_1265.png,nan;nan;nan;nan;nan;nan;nan;nan;nan,nan;nan;nan
fbk_vineyard,outliers,vineyard_split_2_frame_1150.png,nan;nan;nan;nan;nan;nan;nan;nan;nan,nan;nan;nan
fbk_vineyard,outliers,vineyard_split_2_frame_1175.png,nan;nan;nan;nan;nan;nan;nan;nan;nan,nan;nan;nan
fbk_vineyard,outliers,vineyard_split_2_frame_1235.png,nan;nan;nan;nan;nan;nan;nan;nan;nan,nan;nan;nan
fbk_vineyard,outliers,vineyard_split_2_frame_1315.png,nan;nan;nan;nan;nan;nan;nan;nan;nan,nan;nan;nan
fbk_vineyard,outliers,vineyard_split_2_frame_1230.png,nan;nan;nan;nan;nan;nan;nan;nan;nan,nan;nan;nan
fbk_vineyard,outliers,vineyard_split_2_frame_1215.png,nan;nan;nan;nan;nan;nan;nan;nan;nan,nan;nan;nan
fbk_vineyard,outliers,vineyard_split_3_frame_1395.png,nan;nan;nan;nan;nan;nan;nan;nan;nan,nan;nan;nan
fbk_vineyard,outliers,vineyard_split_3_frame_1475.png,nan;nan;nan;nan;nan;nan;nan;nan;nan,nan;nan;nan
fbk_vineyard,outliers,vineyard_split_3_frame_0255.png,nan;nan;nan;nan;nan;nan;nan;nan;nan,nan;nan;nan
fbk_vineyard,outliers,vineyard_split_3_frame_1425.png,nan;nan;nan;nan;nan;nan;nan;nan;nan,nan;nan;nan
fbk_vineyard,outliers,vineyard_split_3_frame_0125.png,nan;nan;nan;nan;nan;nan;nan;nan;nan,nan;nan;nan
fbk_vineyard,outliers,vineyard_split_3_frame_1480.png,nan;nan;nan;nan;nan;nan;nan;nan;nan,nan;nan;nan
fbk_vineyard,outliers,vineyard_split_3_frame_0215.png,nan;nan;nan;nan;nan;nan;nan;nan;nan,nan;nan;nan
fbk_vineyard,outliers,vineyard_split_3_frame_0295.png,nan;nan;nan;nan;nan;nan;nan;nan;nan,nan;nan;nan
fbk_vineyard,outliers,vineyard_split_3_frame_0090.png,nan;nan;nan;nan;nan;nan;nan;nan;nan,nan;nan;nan
fbk_vineyard,outliers,vineyard_split_3_frame_0190.png,nan;nan;nan;nan;nan;nan;nan;nan;nan,nan;nan;nan
fbk_vineyard,outliers,vineyard_split_3_frame_0265.png,nan;nan;nan;nan;nan;nan;nan;nan;nan,nan;nan;nan
fbk_vineyard,outliers,vineyard_split_3_frame_1445.png,nan;nan;nan;nan;nan;nan;nan;nan;nan,nan;nan;nan
fbk_vineyard,outliers,vineyard_split_3_frame_0290.png,nan;nan;nan;nan;nan;nan;nan;nan;nan,nan;nan;nan
fbk_vineyard,outliers,vineyard_split_3_frame_1450.png,nan;nan;nan;nan;nan;nan;nan;nan;nan,nan;nan;nan
fbk_vineyard,outliers,vineyard_split_3_frame_1390.png,nan;nan;nan;nan;nan;nan;nan;nan;nan,nan;nan;nan
fbk_vineyard,outliers,vineyard_split_3_frame_1555.png,nan;nan;nan;nan;nan;nan;nan;nan;nan,nan;nan;nan
fbk_vineyard,outliers,vineyard_split_3_frame_1550.png,nan;nan;nan;nan;nan;nan;nan;nan;nan,nan;nan;nan
fbk_vineyard,outliers,vineyard_split_3_frame_0145.png,nan;nan;nan;nan;nan;nan;nan;nan;nan,nan;nan;nan
fbk_vineyard,outliers,vineyard_split_3_frame_1405.png,nan;nan;nan;nan;nan;nan;nan;nan;nan,nan;nan;nan
fbk_vineyard,outliers,vineyard_split_3_frame_0070.png,nan;nan;nan;nan;nan;nan;nan;nan;nan,nan;nan;nan
fbk_vineyard,outliers,vineyard_split_3_frame_1500.png,nan;nan;nan;nan;nan;nan;nan;nan;nan,nan;nan;nan
fbk_vineyard,outliers,vineyard_split_3_frame_1455.png,nan;nan;nan;nan;nan;nan;nan;nan;nan,nan;nan;nan
fbk_vineyard,outliers,vineyard_split_3_frame_0075.png,nan;nan;nan;nan;nan;nan;nan;nan;nan,nan;nan;nan
fbk_vineyard,outliers,vineyard_split_3_frame_0160.png,nan;nan;nan;nan;nan;nan;nan;nan;nan,nan;nan;nan
fbk_vineyard,outliers,vineyard_split_3_frame_0150.png,nan;nan;nan;nan;nan;nan;nan;nan;nan,nan;nan;nan
fbk_vineyard,outliers,vineyard_split_3_frame_0140.png,nan;nan;nan;nan;nan;nan;nan;nan;nan,nan;nan;nan
fbk_vineyard,outliers,vineyard_split_3_frame_0270.png,nan;nan;nan;nan;nan;nan;nan;nan;nan,nan;nan;nan
fbk_vineyard,outliers,vineyard_split_3_frame_0170.png,nan;nan;nan;nan;nan;nan;nan;nan;nan,nan;nan;nan
fbk_vineyard,outliers,vineyard_split_3_frame_0285.png,nan;nan;nan;nan;nan;nan;nan;nan;nan,nan;nan;nan
fbk_vineyard,outliers,vineyard_split_3_frame_1490.png,nan;nan;nan;nan;nan;nan;nan;nan;nan,nan;nan;nan
fbk_vineyard,outliers,vineyard_split_3_frame_0280.png,nan;nan;nan;nan;nan;nan;nan;nan;nan,nan;nan;nan
fbk_vineyard,outliers,vineyard_split_3_frame_0275.png,nan;nan;nan;nan;nan;nan;nan;nan;nan,nan;nan;nan
fbk_vineyard,outliers,vineyard_split_3_frame_0225.png,nan;nan;nan;nan;nan;nan;nan;nan;nan,nan;nan;nan
fbk_vineyard,outliers,vineyard_split_3_frame_0080.png,nan;nan;nan;nan;nan;nan;nan;nan;nan,nan;nan;nan
fbk_vineyard,outliers,vineyard_split_3_frame_0250.png,nan;nan;nan;nan;nan;nan;nan;nan;nan,nan;nan;nan
fbk_vineyard,outliers,vineyard_split_3_frame_1495.png,nan;nan;nan;nan;nan;nan;nan;nan;nan,nan;nan;nan
fbk_vineyard,outliers,vineyard_split_3_frame_0120.png,nan;nan;nan;nan;nan;nan;nan;nan;nan,nan;nan;nan
fbk_vineyard,outliers,vineyard_split_3_frame_1510.png,nan;nan;nan;nan;nan;nan;nan;nan;nan,nan;nan;nan
fbk_vineyard,outliers,vineyard_split_3_frame_0105.png,nan;nan;nan;nan;nan;nan;nan;nan;nan,nan;nan;nan
fbk_vineyard,outliers,vineyard_split_3_frame_1535.png,nan;nan;nan;nan;nan;nan;nan;nan;nan,nan;nan;nan
fbk_vineyard,outliers,vineyard_split_3_frame_1540.png,nan;nan;nan;nan;nan;nan;nan;nan;nan,nan;nan;nan
fbk_vineyard,outliers,vineyard_split_3_frame_0205.png,nan;nan;nan;nan;nan;nan;nan;nan;nan,nan;nan;nan
fbk_vineyard,outliers,vineyard_split_3_frame_1410.png,nan;nan;nan;nan;nan;nan;nan;nan;nan,nan;nan;nan
fbk_vineyard,outliers,vineyard_split_3_frame_0305.png,nan;nan;nan;nan;nan;nan;nan;nan;nan,nan;nan;nan
fbk_vineyard,outliers,vineyard_split_3_frame_0235.png,nan;nan;nan;nan;nan;nan;nan;nan;nan,nan;nan;nan
fbk_vineyard,outliers,vineyard_split_3_frame_1505.png,nan;nan;nan;nan;nan;nan;nan;nan;nan,nan;nan;nan
fbk_vineyard,outliers,vineyard_split_3_frame_0175.png,nan;nan;nan;nan;nan;nan;nan;nan;nan,nan;nan;nan
fbk_vineyard,outliers,vineyard_split_3_frame_1545.png,nan;nan;nan;nan;nan;nan;nan;nan;nan,nan;nan;nan
fbk_vineyard,outliers,vineyard_split_3_frame_1520.png,nan;nan;nan;nan;nan;nan;nan;nan;nan,nan;nan;nan
fbk_vineyard,outliers,vineyard_split_3_frame_1465.png,nan;nan;nan;nan;nan;nan;nan;nan;nan,nan;nan;nan
fbk_vineyard,outliers,vineyard_split_3_frame_1525.png,nan;nan;nan;nan;nan;nan;nan;nan;nan,nan;nan;nan
fbk_vineyard,outliers,vineyard_split_3_frame_0110.png,nan;nan;nan;nan;nan;nan;nan;nan;nan,nan;nan;nan
fbk_vineyard,outliers,vineyard_split_3_frame_0195.png,nan;nan;nan;nan;nan;nan;nan;nan;nan,nan;nan;nan
fbk_vineyard,outliers,vineyard_split_3_frame_1570.png,nan;nan;nan;nan;nan;nan;nan;nan;nan,nan;nan;nan
fbk_vineyard,outliers,vineyard_split_3_frame_0210.png,nan;nan;nan;nan;nan;nan;nan;nan;nan,nan;nan;nan
fbk_vineyard,outliers,vineyard_split_3_frame_0100.png,nan;nan;nan;nan;nan;nan;nan;nan;nan,nan;nan;nan
fbk_vineyard,outliers,vineyard_split_3_frame_1560.png,nan;nan;nan;nan;nan;nan;nan;nan;nan,nan;nan;nan
fbk_vineyard,outliers,vineyard_split_3_frame_1430.png,nan;nan;nan;nan;nan;nan;nan;nan;nan,nan;nan;nan
fbk_vineyard,outliers,vineyard_split_3_frame_0245.png,nan;nan;nan;nan;nan;nan;nan;nan;nan,nan;nan;nan
fbk_vineyard,outliers,vineyard_split_3_frame_0130.png,nan;nan;nan;nan;nan;nan;nan;nan;nan,nan;nan;nan
fbk_vineyard,outliers,vineyard_split_3_frame_0135.png,nan;nan;nan;nan;nan;nan;nan;nan;nan,nan;nan;nan
fbk_vineyard,outliers,vineyard_split_3_frame_0220.png,nan;nan;nan;nan;nan;nan;nan;nan;nan,nan;nan;nan
fbk_vineyard,outliers,vineyard_split_3_frame_0200.png,nan;nan;nan;nan;nan;nan;nan;nan;nan,nan;nan;nan
fbk_vineyard,outliers,vineyard_split_3_frame_1440.png,nan;nan;nan;nan;nan;nan;nan;nan;nan,nan;nan;nan
fbk_vineyard,outliers,vineyard_split_3_frame_0240.png,nan;nan;nan;nan;nan;nan;nan;nan;nan,nan;nan;nan
fbk_vineyard,outliers,vineyard_split_3_frame_1460.png,nan;nan;nan;nan;nan;nan;nan;nan;nan,nan;nan;nan
fbk_vineyard,outliers,vineyard_split_3_frame_1515.png,nan;nan;nan;nan;nan;nan;nan;nan;nan,nan;nan;nan
fbk_vineyard,outliers,vineyard_split_3_frame_0165.png,nan;nan;nan;nan;nan;nan;nan;nan;nan,nan;nan;nan
fbk_vineyard,outliers,vineyard_split_3_frame_0230.png,nan;nan;nan;nan;nan;nan;nan;nan;nan,nan;nan;nan
fbk_vineyard,outliers,vineyard_split_3_frame_0185.png,nan;nan;nan;nan;nan;nan;nan;nan;nan,nan;nan;nan
fbk_vineyard,outliers,vineyard_split_3_frame_1400.png,nan;nan;nan;nan;nan;nan;nan;nan;nan,nan;nan;nan
fbk_vineyard,outliers,vineyard_split_3_frame_1415.png,nan;nan;nan;nan;nan;nan;nan;nan;nan,nan;nan;nan
fbk_vineyard,outliers,vineyard_split_3_frame_1435.png,nan;nan;nan;nan;nan;nan;nan;nan;nan,nan;nan;nan
fbk_vineyard,outliers,vineyard_split_3_frame_0260.png,nan;nan;nan;nan;nan;nan;nan;nan;nan,nan;nan;nan
fbk_vineyard,outliers,vineyard_split_3_frame_0115.png,nan;nan;nan;nan;nan;nan;nan;nan;nan,nan;nan;nan
fbk_vineyard,outliers,vineyard_split_3_frame_1420.png,nan;nan;nan;nan;nan;nan;nan;nan;nan,nan;nan;nan
fbk_vineyard,outliers,vineyard_split_3_frame_0300.png,nan;nan;nan;nan;nan;nan;nan;nan;nan,nan;nan;nan
fbk_vineyard,outliers,vineyard_split_3_frame_1485.png,nan;nan;nan;nan;nan;nan;nan;nan;nan,nan;nan;nan
fbk_vineyard,outliers,vineyard_split_3_frame_0085.png,nan;nan;nan;nan;nan;nan;nan;nan;nan,nan;nan;nan
fbk_vineyard,outliers,vineyard_split_3_frame_0095.png,nan;nan;nan;nan;nan;nan;nan;nan;nan,nan;nan;nan
fbk_vineyard,outliers,vineyard_split_3_frame_0155.png,nan;nan;nan;nan;nan;nan;nan;nan;nan,nan;nan;nan
fbk_vineyard,outliers,vineyard_split_3_frame_0180.png,nan;nan;nan;nan;nan;nan;nan;nan;nan,nan;nan;nan
fbk_vineyard,outliers,vineyard_split_3_frame_1530.png,nan;nan;nan;nan;nan;nan;nan;nan;nan,nan;nan;nan
fbk_vineyard,outliers,vineyard_split_3_frame_1470.png,nan;nan;nan;nan;nan;nan;nan;nan;nan,nan;nan;nan
fbk_vineyard,outliers,vineyard_split_3_frame_1565.png,nan;nan;nan;nan;nan;nan;nan;nan;nan,nan;nan;nan
fbk_vineyard,outliers,vineyard_split_1_frame_0950.png,nan;nan;nan;nan;nan;nan;nan;nan;nan,nan;nan;nan
fbk_vineyard,outliers,vineyard_split_1_frame_1005.png,nan;nan;nan;nan;nan;nan;nan;nan;nan,nan;nan;nan
fbk_vineyard,outliers,vineyard_split_1_frame_0915.png,nan;nan;nan;nan;nan;nan;nan;nan;nan,nan;nan;nan
fbk_vineyard,outliers,vineyard_split_1_frame_0995.png,nan;nan;nan;nan;nan;nan;nan;nan;nan,nan;nan;nan
fbk_vineyard,outliers,vineyard_split_1_frame_1070.png,nan;nan;nan;nan;nan;nan;nan;nan;nan,nan;nan;nan
fbk_vineyard,outliers,vineyard_split_1_frame_1015.png,nan;nan;nan;nan;nan;nan;nan;nan;nan,nan;nan;nan
fbk_vineyard,outliers,vineyard_split_1_frame_0990.png,nan;nan;nan;nan;nan;nan;nan;nan;nan,nan;nan;nan
fbk_vineyard,outliers,vineyard_split_1_frame_1055.png,nan;nan;nan;nan;nan;nan;nan;nan;nan,nan;nan;nan
fbk_vineyard,outliers,vineyard_split_1_frame_0965.png,nan;nan;nan;nan;nan;nan;nan;nan;nan,nan;nan;nan
fbk_vineyard,outliers,vineyard_split_1_frame_0935.png,nan;nan;nan;nan;nan;nan;nan;nan;nan,nan;nan;nan
fbk_vineyard,outliers,vineyard_split_1_frame_0970.png,nan;nan;nan;nan;nan;nan;nan;nan;nan,nan;nan;nan
fbk_vineyard,outliers,vineyard_split_1_frame_0960.png,nan;nan;nan;nan;nan;nan;nan;nan;nan,nan;nan;nan
fbk_vineyard,outliers,vineyard_split_1_frame_1095.png,nan;nan;nan;nan;nan;nan;nan;nan;nan,nan;nan;nan
fbk_vineyard,outliers,vineyard_split_1_frame_0945.png,nan;nan;nan;nan;nan;nan;nan;nan;nan,nan;nan;nan
fbk_vineyard,outliers,vineyard_split_1_frame_0905.png,nan;nan;nan;nan;nan;nan;nan;nan;nan,nan;nan;nan
fbk_vineyard,outliers,vineyard_split_1_frame_1085.png,nan;nan;nan;nan;nan;nan;nan;nan;nan,nan;nan;nan
fbk_vineyard,outliers,vineyard_split_1_frame_0955.png,nan;nan;nan;nan;nan;nan;nan;nan;nan,nan;nan;nan
fbk_vineyard,outliers,vineyard_split_1_frame_1065.png,nan;nan;nan;nan;nan;nan;nan;nan;nan,nan;nan;nan
fbk_vineyard,outliers,vineyard_split_1_frame_0980.png,nan;nan;nan;nan;nan;nan;nan;nan;nan,nan;nan;nan
fbk_vineyard,outliers,vineyard_split_1_frame_1045.png,nan;nan;nan;nan;nan;nan;nan;nan;nan,nan;nan;nan
fbk_vineyard,outliers,vineyard_split_1_frame_1080.png,nan;nan;nan;nan;nan;nan;nan;nan;nan,nan;nan;nan
fbk_vineyard,outliers,vineyard_split_1_frame_1040.png,nan;nan;nan;nan;nan;nan;nan;nan;nan,nan;nan;nan
fbk_vineyard,outliers,vineyard_split_1_frame_1110.png,nan;nan;nan;nan;nan;nan;nan;nan;nan,nan;nan;nan
fbk_vineyard,outliers,vineyard_split_1_frame_1020.png,nan;nan;nan;nan;nan;nan;nan;nan;nan,nan;nan;nan
fbk_vineyard,outliers,vineyard_split_1_frame_1000.png,nan;nan;nan;nan;nan;nan;nan;nan;nan,nan;nan;nan
fbk_vineyard,outliers,vineyard_split_1_frame_1035.png,nan;nan;nan;nan;nan;nan;nan;nan;nan,nan;nan;nan
fbk_vineyard,outliers,vineyard_split_1_frame_0910.png,nan;nan;nan;nan;nan;nan;nan;nan;nan,nan;nan;nan
fbk_vineyard,outliers,vineyard_split_1_frame_1100.png,nan;nan;nan;nan;nan;nan;nan;nan;nan,nan;nan;nan
fbk_vineyard,outliers,vineyard_split_1_frame_0940.png,nan;nan;nan;nan;nan;nan;nan;nan;nan,nan;nan;nan
fbk_vineyard,outliers,vineyard_split_1_frame_1075.png,nan;nan;nan;nan;nan;nan;nan;nan;nan,nan;nan;nan
fbk_vineyard,outliers,vineyard_split_1_frame_1010.png,nan;nan;nan;nan;nan;nan;nan;nan;nan,nan;nan;nan
fbk_vineyard,outliers,vineyard_split_1_frame_0900.png,nan;nan;nan;nan;nan;nan;nan;nan;nan,nan;nan;nan
fbk_vineyard,outliers,vineyard_split_1_frame_1105.png,nan;nan;nan;nan;nan;nan;nan;nan;nan,nan;nan;nan
fbk_vineyard,outliers,vineyard_split_1_frame_0925.png,nan;nan;nan;nan;nan;nan;nan;nan;nan,nan;nan;nan
fbk_vineyard,outliers,vineyard_split_1_frame_0985.png,nan;nan;nan;nan;nan;nan;nan;nan;nan,nan;nan;nan
fbk_vineyard,outliers,vineyard_split_1_frame_0930.png,nan;nan;nan;nan;nan;nan;nan;nan;nan,nan;nan;nan
fbk_vineyard,outliers,vineyard_split_1_frame_1030.png,nan;nan;nan;nan;nan;nan;nan;nan;nan,nan;nan;nan
fbk_vineyard,outliers,vineyard_split_1_frame_1025.png,nan;nan;nan;nan;nan;nan;nan;nan;nan,nan;nan;nan
fbk_vineyard,outliers,vineyard_split_1_frame_0920.png,nan;nan;nan;nan;nan;nan;nan;nan;nan,nan;nan;nan
fbk_vineyard,outliers,vineyard_split_1_frame_1060.png,nan;nan;nan;nan;nan;nan;nan;nan;nan,nan;nan;nan
fbk_vineyard,outliers,vineyard_split_1_frame_1050.png,nan;nan;nan;nan;nan;nan;nan;nan;nan,nan;nan;nan
fbk_vineyard,outliers,vineyard_split_1_frame_1090.png,nan;nan;nan;nan;nan;nan;nan;nan;nan,nan;nan;nan
fbk_vineyard,outliers,vineyard_split_1_frame_0975.png,nan;nan;nan;nan;nan;nan;nan;nan;nan,nan;nan;nan
ETs,outliers,outliers_out_et001.png,nan;nan;nan;nan;nan;nan;nan;nan;nan,nan;nan;nan
ETs,outliers,outliers_out_et003.png,nan;nan;nan;nan;nan;nan;nan;nan;nan,nan;nan;nan
ETs,outliers,outliers_out_et002.png,nan;nan;nan;nan;nan;nan;nan;nan;nan,nan;nan;nan
ETs,cluster3,et_et007.png,0.740193008;-0.122153809;0.661205534;0.187325303;0.981890050;-0.028304770;-0.645773599;0.144811520;0.749670649,-2.875871211;-0.287814347;2.528118694
ETs,cluster3,et_et003.png,0.832190088;0.072802329;-0.549690348;-0.054219763;0.997276547;0.049997068;0.551833195;-0.011802984;0.833870982,3.892528125;-1.102415950;1.861813291
ETs,cluster3,et_et006.png,0.784621435;-0.100572095;0.611763400;0.121454243;0.992569421;0.007403490;-0.607962229;0.068492324;0.791006151,-2.303862667;-0.808411876;1.992768645
ETs,cluster3,et_et001.png,0.956835406;0.173781785;-0.232950418;-0.152579286;0.982560073;0.106279183;0.247357165;-0.066148277;0.966663767,2.088345740;-1.291611818;1.933724566
ETs,cluster3,et_et004.png,0.979818942;-0.019475208;-0.198936065;-0.047507777;0.944034400;-0.326407816;0.194159349;0.329271571;0.924057563,2.024258276;1.352624691;0.715202927
ETs,cluster3,et_et002.png,0.998908445;0.028325918;-0.037142436;-0.025456294;0.996814824;0.075578990;0.039164975;-0.074550983;0.996447819,1.308204465;-0.935443823;1.959637550
ETs,cluster3,et_et008.png,0.500150929;-0.271920743;0.822136338;0.457631260;0.889004599;0.015634987;-0.735134463;0.368415435;0.569075908,-3.999713847;-1.174043456;2.961089249
ETs,cluster3,et_et005.png,0.745690304;-0.140535673;0.651303075;0.304903990;0.941122736;-0.146019012;-0.592435252;0.307469868;0.744635987,-2.514695559;0.056864814;1.653006475
ETs,cluster3,et_et000.png,0.866650006;0.131696914;-0.481221040;-0.124522145;0.991103944;0.046980931;0.483127314;0.019206652;0.875339422,3.585059062;-1.122774234;1.597943419
ETs,cluster2,another_et_another_et006.png,0.943994383;0.140592832;-0.298510067;-0.145332017;0.989362367;0.006380518;0.296231682;0.037359897;0.954385158,-0.294779491;-0.329197598;1.493722457
ETs,cluster2,another_et_another_et002.png,0.998136297;-0.028975217;0.053706334;0.027734354;0.999334152;0.023707779;-0.054357512;-0.022174084;0.998275298,-1.805229443;-0.540214981;1.643271275
ETs,cluster2,another_et_another_et010.png,-0.147222601;0.324849353;-0.934236803;-0.414424670;0.837364522;0.356472791;0.898096709;0.439651630;0.011346603,4.531197520;-1.132404718;3.632107303
ETs,cluster2,another_et_another_et004.png,0.995361853;-0.044297015;0.085396464;0.030579077;0.987326971;0.155725314;-0.091212398;-0.152391692;0.984102165,-1.959293179;-0.923784168;0.611784029
ETs,cluster2,another_et_another_et007.png,0.817711825;0.201701333;-0.539132585;-0.210119792;0.976561543;0.046660742;0.535907683;0.075127386;0.840927364,0.946290238;-0.152852485;1.027050637
ETs,cluster2,another_et_another_et008.png,0.617387532;0.244651642;-0.747648453;-0.262346474;0.960034262;0.097511760;0.741624543;0.135940390;0.656896680,2.248152150;-0.347431770;1.604985317
ETs,cluster2,another_et_another_et003.png,0.992928549;-0.054666111;0.105377948;0.060475970;0.996774936;-0.052748309;-0.102154553;0.058748136;0.993032277,-2.078217475;0.472675890;0.111524020
ETs,cluster2,another_et_another_et005.png,0.989345476;-0.023570366;0.143666162;0.009412018;0.995098070;0.098444121;-0.145282285;-0.096043057;0.984717619,-2.258051327;-1.332084395;1.768343054
ETs,cluster2,another_et_another_et001.png,0.997019116;-0.033487818;0.069508621;0.029705950;0.998058272;0.054747078;-0.071207014;-0.052519064;0.996077963,-1.813209768;-0.959621691;2.967953671
ETs,cluster2,another_et_another_et009.png,0.364831123;0.282880437;-0.887060827;-0.341639003;0.926946495;0.155090253;0.866129923;0.246472825;0.434821921,3.546644426;-0.558769299;2.021679738
stairs,outliers,stairs_split_1_1710453963274.png,nan;nan;nan;nan;nan;nan;nan;nan;nan,nan;nan;nan
stairs,outliers,stairs_split_1_1710453947066.png,nan;nan;nan;nan;nan;nan;nan;nan;nan,nan;nan;nan
stairs,outliers,stairs_split_1_1710453985484.png,nan;nan;nan;nan;nan;nan;nan;nan;nan,nan;nan;nan
stairs,outliers,stairs_split_1_1710453930259.png,nan;nan;nan;nan;nan;nan;nan;nan;nan,nan;nan;nan
stairs,outliers,stairs_split_1_1710453901046.png,nan;nan;nan;nan;nan;nan;nan;nan;nan,nan;nan;nan
stairs,outliers,stairs_split_1_1710453693529.png,nan;nan;nan;nan;nan;nan;nan;nan;nan,nan;nan;nan
stairs,outliers,stairs_split_1_1710453689727.png,nan;nan;nan;nan;nan;nan;nan;nan;nan,nan;nan;nan
stairs,outliers,stairs_split_1_1710453704934.png,nan;nan;nan;nan;nan;nan;nan;nan;nan,nan;nan;nan
stairs,outliers,stairs_split_1_1710453675921.png,nan;nan;nan;nan;nan;nan;nan;nan;nan,nan;nan;nan
stairs,outliers,stairs_split_1_1710453606287.png,nan;nan;nan;nan;nan;nan;nan;nan;nan,nan;nan;nan
stairs,outliers,stairs_split_1_1710453990286.png,nan;nan;nan;nan;nan;nan;nan;nan;nan,nan;nan;nan
stairs,outliers,stairs_split_1_1710453663515.png,nan;nan;nan;nan;nan;nan;nan;nan;nan,nan;nan;nan
stairs,outliers,stairs_split_1_1710453912451.png,nan;nan;nan;nan;nan;nan;nan;nan;nan,nan;nan;nan
stairs,outliers,stairs_split_1_1710453668718.png,nan;nan;nan;nan;nan;nan;nan;nan;nan,nan;nan;nan
stairs,outliers,stairs_split_1_1710453601885.png,nan;nan;nan;nan;nan;nan;nan;nan;nan,nan;nan;nan
stairs,outliers,stairs_split_1_1710453955270.png,nan;nan;nan;nan;nan;nan;nan;nan;nan,nan;nan;nan
stairs,outliers,stairs_split_1_1710453616892.png,nan;nan;nan;nan;nan;nan;nan;nan;nan,nan;nan;nan
stairs,outliers,stairs_split_1_1710453678922.png,nan;nan;nan;nan;nan;nan;nan;nan;nan,nan;nan;nan
stairs,outliers,stairs_split_1_1710453626698.png,nan;nan;nan;nan;nan;nan;nan;nan;nan,nan;nan;nan
stairs,outliers,stairs_split_1_1710453683725.png,nan;nan;nan;nan;nan;nan;nan;nan;nan,nan;nan;nan
stairs,outliers,stairs_split_1_1710453576271.png,nan;nan;nan;nan;nan;nan;nan;nan;nan,nan;nan;nan
stairs,outliers,stairs_split_1_1710453643106.png,nan;nan;nan;nan;nan;nan;nan;nan;nan,nan;nan;nan
stairs,outliers,stairs_split_1_1710453697531.png,nan;nan;nan;nan;nan;nan;nan;nan;nan,nan;nan;nan
stairs,outliers,stairs_split_1_1710453651110.png,nan;nan;nan;nan;nan;nan;nan;nan;nan,nan;nan;nan
stairs,outliers,stairs_split_1_1710453612890.png,nan;nan;nan;nan;nan;nan;nan;nan;nan,nan;nan;nan
stairs,outliers,stairs_split_1_1710453659313.png,nan;nan;nan;nan;nan;nan;nan;nan;nan,nan;nan;nan
stairs,outliers,stairs_split_1_1710453620694.png,nan;nan;nan;nan;nan;nan;nan;nan;nan,nan;nan;nan
stairs,outliers,stairs_split_1_1710453667117.png,nan;nan;nan;nan;nan;nan;nan;nan;nan,nan;nan;nan
stairs,outliers,stairs_split_2_1710453862225.png,nan;nan;nan;nan;nan;nan;nan;nan;nan,nan;nan;nan
stairs,outliers,stairs_split_2_1710453871430.png,nan;nan;nan;nan;nan;nan;nan;nan;nan,nan;nan;nan
stairs,outliers,stairs_split_2_1710453801783.png,nan;nan;nan;nan;nan;nan;nan;nan;nan,nan;nan;nan
stairs,outliers,stairs_split_2_1710453798181.png,nan;nan;nan;nan;nan;nan;nan;nan;nan,nan;nan;nan
stairs,outliers,stairs_split_2_1710453793579.png,nan;nan;nan;nan;nan;nan;nan;nan;nan,nan;nan;nan
stairs,outliers,stairs_split_2_1710453786375.png,nan;nan;nan;nan;nan;nan;nan;nan;nan,nan;nan;nan
stairs,outliers,stairs_split_2_1710453783374.png,nan;nan;nan;nan;nan;nan;nan;nan;nan,nan;nan;nan
stairs,outliers,stairs_split_2_1710453790978.png,nan;nan;nan;nan;nan;nan;nan;nan;nan,nan;nan;nan
stairs,outliers,stairs_split_2_1710453779372.png,nan;nan;nan;nan;nan;nan;nan;nan;nan,nan;nan;nan
stairs,outliers,stairs_split_2_1710453720741.png,nan;nan;nan;nan;nan;nan;nan;nan;nan,nan;nan;nan
stairs,outliers,stairs_split_2_1710453728949.png,nan;nan;nan;nan;nan;nan;nan;nan;nan,nan;nan;nan
stairs,outliers,stairs_split_2_1710453740954.png,nan;nan;nan;nan;nan;nan;nan;nan;nan,nan;nan;nan
stairs,outliers,stairs_split_2_1710453753160.png,nan;nan;nan;nan;nan;nan;nan;nan;nan,nan;nan;nan
stairs,outliers,stairs_split_2_1710453739354.png,nan;nan;nan;nan;nan;nan;nan;nan;nan,nan;nan;nan
stairs,outliers,stairs_split_2_1710453745156.png,nan;nan;nan;nan;nan;nan;nan;nan;nan,nan;nan;nan
stairs,outliers,stairs_split_2_1710453756762.png,nan;nan;nan;nan;nan;nan;nan;nan;nan,nan;nan;nan
stairs,outliers,stairs_split_2_1710453725143.png,nan;nan;nan;nan;nan;nan;nan;nan;nan,nan;nan;nan
stairs,outliers,stairs_split_2_1710453736752.png,nan;nan;nan;nan;nan;nan;nan;nan;nan,nan;nan;nan
stairs,outliers,stairs_split_2_1710453733751.png,nan;nan;nan;nan;nan;nan;nan;nan;nan,nan;nan;nan
stairs,outliers,stairs_split_2_1710453759963.png,nan;nan;nan;nan;nan;nan;nan;nan;nan,nan;nan;nan
stairs,outliers,stairs_split_2_1710453805788.png,nan;nan;nan;nan;nan;nan;nan;nan;nan,nan;nan;nan
stairs,outliers,stairs_split_2_1710453765165.png,nan;nan;nan;nan;nan;nan;nan;nan;nan,nan;nan;nan
stairs,outliers,stairs_split_2_1710453774370.png,nan;nan;nan;nan;nan;nan;nan;nan;nan,nan;nan;nan
