image_id,dataset,scene,image,rotation_matrix,translation_vector
imc2023_haiper_fountain_image_116.png,imc2023_haiper,cluster0,fountain_image_116.png,-0.491377107;-0.529301494;0.691656321;0.741499033;0.162337879;0.651018892;-0.456867292;0.832758273;0.312707428,0.401750010;-0.749449126;1.982976295
imc2023_haiper_fountain_image_108.png,imc2023_haiper,cluster0,fountain_image_108.png,-0.980710368;-0.038668387;0.191603574;0.194815280;-0.113411614;0.974261162;-0.015943037;0.992795327;0.118757138,0.425984273;-0.588847667;1.742280757
imc2023_haiper_fountain_image_101.png,imc2023_haiper,cluster0,fountain_image_101.png,-0.933768040;0.318724176;-0.162764084;-0.186524204;-0.045282580;0.981406241;0.305427517;0.946765223;0.101733199,0.023086683;-0.802014194;1.860172928
imc2023_haiper_fountain_image_082.png,imc2023_haiper,cluster0,fountain_image_082.png,0.743258162;0.354867887;-0.567129692;-0.154924086;0.915977358;0.370113505;0.650819354;-0.187227835;0.735785231,0.000383445;-1.416855138;4.088817491
imc2023_haiper_fountain_image_071.png,imc2023_haiper,cluster0,fountain_image_071.png,0.983845137;-0.176858627;-0.027744775;0.178068145;0.950807027;0.253491089;-0.018452159;-0.254336436;0.966939758,0.043409150;-1.619300472;3.955203625
imc2023_haiper_fountain_image_025.png,imc2023_haiper,cluster0,fountain_image_025.png,-0.997428302;0.023719983;0.067632428;0.071558918;0.382422325;0.921212509;-0.004013006;0.923683132;-0.383136226,-0.296111110;-1.525050211;3.372717617
imc2023_haiper_fountain_image_000.png,imc2023_haiper,cluster0,fountain_image_000.png,0.217353052;0.634657689;-0.741597781;-0.295715658;0.766870547;0.569615496;0.930220351;0.095494409;0.354359870,-0.516784188;-1.795461349;5.162995223
imc2023_haiper_fountain_image_007.png,imc2023_haiper,cluster0,fountain_image_007.png,-0.286686162;0.592032175;-0.753199143;-0.413388338;0.632794734;0.654737280;0.864245988;0.499067860;0.063325703,-0.618615242;-2.145457194;3.952524238
imc2023_haiper_fountain_image_012.png,imc2023_haiper,cluster0,fountain_image_012.png,-0.573667470;0.538127610;-0.617514623;-0.318136193;0.548330344;0.773384249;0.754781423;0.640119136;-0.143361412,-0.434769145;-1.656854756;3.369258767
imc2023_haiper_fountain_image_033.png,imc2023_haiper,cluster0,fountain_image_033.png,-0.857249360;-0.286641361;0.427738548;0.289424085;0.418819085;0.860711492;-0.425860581;0.861642214;-0.276071479,0.233313031;-1.461143932;3.595383704
imc2023_haiper_fountain_image_173.png,imc2023_haiper,cluster0,fountain_image_173.png,-0.260884945;-0.648797244;0.714843467;0.150400707;0.704128497;0.693961589;-0.953582022;0.288557094;-0.086116960,0.408671785;-2.029578116;3.729972689
imc2023_haiper_fountain_image_056.png,imc2023_haiper,cluster0,fountain_image_056.png,0.460201403;-0.647130753;0.607812847;0.489614673;0.756088602;0.434289648;-0.740602553;0.097733383;0.664797747,0.317449668;-1.583281535;3.924690401
imc2023_haiper_fountain_image_186.png,imc2023_haiper,cluster0,fountain_image_186.png,0.671355664;-0.587699556;0.451542694;0.225606568;0.742399869;0.630828115;-0.705962640;-0.321639030;0.631003237,-0.007302747;-2.117709132;3.796222547
imc2023_haiper_fountain_image_199.png,imc2023_haiper,cluster0,fountain_image_199.png,0.981654886;-0.070938172;-0.176978699;0.162571726;0.796386132;0.582528594;0.099619868;-0.600613773;0.793308879,-0.166642222;-2.095649423;4.058057883
imc2023_haiper_fountain_image_230.png,imc2023_haiper,cluster0,fountain_image_230.png,0.656592907;-0.588711026;0.471492398;0.705383854;0.700627173;-0.107495038;-0.267056872;0.403163605;0.875294085,-0.005407760;-1.054560624;1.957115468
imc2023_haiper_fountain_image_214.png,imc2023_haiper,cluster0,fountain_image_214.png,0.209467200;0.559670057;-0.801806036;0.045416823;0.813543472;0.579727808;0.976760362;-0.157849443;0.144992237,-0.026416252;-2.011465365;3.733762099
imc2023_haiper_fountain_image_041.png,imc2023_haiper,cluster0,fountain_image_041.png,-0.429779059;-0.547917589;0.717688147;0.465985910;0.546220145;0.696060834;-0.773399698;0.633584935;0.020567896,0.217539180;-1.515412049;3.765376231
imc2023_haiper_fountain_image_166.png,imc2023_haiper,cluster0,fountain_image_166.png,-0.669897643;-0.459551334;0.583137821;0.180981529;0.660654286;0.728547597;-0.720057521;0.593589493;-0.359400446,-0.155928237;-2.446353901;3.317989107
imc2023_haiper_fountain_image_163.png,imc2023_haiper,cluster0,fountain_image_163.png,-0.959798420;-0.094563069;0.264281702;0.127166870;0.692876234;0.709754261;-0.250231052;0.714828896;-0.652996225,0.257829887;-2.391565310;3.577395480
imc2023_haiper_fountain_image_155.png,imc2023_haiper,cluster0,fountain_image_155.png,-0.941784795;0.255772691;-0.218224036;-0.004502865;0.639404985;0.768856937;0.336186144;0.725080406;-0.601030183,-0.005159376;-2.696989891;3.174549674
imc2023_haiper_fountain_image_143.png,imc2023_haiper,cluster0,fountain_image_143.png,-0.337224704;0.625970186;-0.703164864;-0.718778541;0.311165645;0.621718063;0.607977720;0.715078505;0.345001195,-0.129439327;-0.426667936;2.480005344
imc2023_haiper_fountain_image_136.png,imc2023_haiper,cluster0,fountain_image_136.png,0.589887498;0.457094948;-0.665655278;-0.580896898;0.812820678;0.043374413;0.560884599;0.361091062;0.744997793,-0.031095946;-1.467429284;2.848021162
imc2023_haiper_fountain_image_129.png,imc2023_haiper,cluster0,fountain_image_129.png,0.975703037;-0.021520074;-0.218037771;-0.018794415;0.983275548;-0.181151780;0.218289608;0.180848234;0.958980481,0.218494404;-1.809742357;3.180309493
imc2023_haiper_bike_image_119.png,imc2023_haiper,outliers,bike_image_119.png,nan;nan;nan;nan;nan;nan;nan;nan;nan,nan;nan;nan
imc2023_haiper_bike_image_115.png,imc2023_haiper,outliers,bike_image_115.png,nan;nan;nan;nan;nan;nan;nan;nan;nan,nan;nan;nan
imc2023_haiper_bike_image_038.png,imc2023_haiper,outliers,bike_image_038.png,nan;nan;nan;nan;nan;nan;nan;nan;nan,nan;nan;nan
imc2023_haiper_bike_image_049.png,imc2023_haiper,outliers,bike_image_049.png,nan;nan;nan;nan;nan;nan;nan;nan;nan,nan;nan;nan
imc2023_haiper_bike_image_139.png,imc2023_haiper,outliers,bike_image_139.png,nan;nan;nan;nan;nan;nan;nan;nan;nan,nan;nan;nan
imc2023_haiper_bike_image_029.png,imc2023_haiper,outliers,bike_image_029.png,nan;nan;nan;nan;nan;nan;nan;nan;nan,nan;nan;nan
imc2023_haiper_bike_image_150.png,imc2023_haiper,outliers,bike_image_150.png,nan;nan;nan;nan;nan;nan;nan;nan;nan,nan;nan;nan
imc2023_haiper_bike_image_137.png,imc2023_haiper,outliers,bike_image_137.png,nan;nan;nan;nan;nan;nan;nan;nan;nan,nan;nan;nan
imc2023_haiper_bike_image_004.png,imc2023_haiper,outliers,bike_image_004.png,nan;nan;nan;nan;nan;nan;nan;nan;nan,nan;nan;nan
imc2023_haiper_bike_image_128.png,imc2023_haiper,outliers,bike_image_128.png,nan;nan;nan;nan;nan;nan;nan;nan;nan,nan;nan;nan
imc2023_haiper_bike_image_062.png,imc2023_haiper,outliers,bike_image_062.png,nan;nan;nan;nan;nan;nan;nan;nan;nan,nan;nan;nan
imc2023_haiper_bike_image_076.png,imc2023_haiper,outliers,bike_image_076.png,nan;nan;nan;nan;nan;nan;nan;nan;nan,nan;nan;nan
imc2023_haiper_bike_image_088.png,imc2023_haiper,outliers,bike_image_088.png,nan;nan;nan;nan;nan;nan;nan;nan;nan,nan;nan;nan
imc2023_haiper_bike_image_094.png,imc2023_haiper,outliers,bike_image_094.png,nan;nan;nan;nan;nan;nan;nan;nan;nan,nan;nan;nan
imc2023_haiper_bike_image_101.png,imc2023_haiper,outliers,bike_image_101.png,nan;nan;nan;nan;nan;nan;nan;nan;nan,nan;nan;nan
imc2023_haiper_chairs_image_122.png,imc2023_haiper,outliers,chairs_image_122.png,nan;nan;nan;nan;nan;nan;nan;nan;nan,nan;nan;nan
imc2023_haiper_chairs_image_115.png,imc2023_haiper,outliers,chairs_image_115.png,nan;nan;nan;nan;nan;nan;nan;nan;nan,nan;nan;nan
imc2023_haiper_chairs_image_103.png,imc2023_haiper,outliers,chairs_image_103.png,nan;nan;nan;nan;nan;nan;nan;nan;nan,nan;nan;nan
imc2023_haiper_chairs_image_094.png,imc2023_haiper,outliers,chairs_image_094.png,nan;nan;nan;nan;nan;nan;nan;nan;nan,nan;nan;nan
imc2023_haiper_chairs_image_051.png,imc2023_haiper,outliers,chairs_image_051.png,nan;nan;nan;nan;nan;nan;nan;nan;nan,nan;nan;nan
imc2023_haiper_chairs_image_131.png,imc2023_haiper,outliers,chairs_image_131.png,nan;nan;nan;nan;nan;nan;nan;nan;nan,nan;nan;nan
imc2023_haiper_chairs_image_004.png,imc2023_haiper,outliers,chairs_image_004.png,nan;nan;nan;nan;nan;nan;nan;nan;nan,nan;nan;nan
imc2023_haiper_chairs_image_160.png,imc2023_haiper,outliers,chairs_image_160.png,nan;nan;nan;nan;nan;nan;nan;nan;nan,nan;nan;nan
imc2023_haiper_chairs_image_035.png,imc2023_haiper,outliers,chairs_image_035.png,nan;nan;nan;nan;nan;nan;nan;nan;nan,nan;nan;nan
imc2023_haiper_chairs_image_045.png,imc2023_haiper,outliers,chairs_image_045.png,nan;nan;nan;nan;nan;nan;nan;nan;nan,nan;nan;nan
imc2023_haiper_chairs_image_155.png,imc2023_haiper,outliers,chairs_image_155.png,nan;nan;nan;nan;nan;nan;nan;nan;nan,nan;nan;nan
imc2023_haiper_chairs_image_152.png,imc2023_haiper,outliers,chairs_image_152.png,nan;nan;nan;nan;nan;nan;nan;nan;nan,nan;nan;nan
imc2023_haiper_chairs_image_020.png,imc2023_haiper,outliers,chairs_image_020.png,nan;nan;nan;nan;nan;nan;nan;nan;nan,nan;nan;nan
imc2023_haiper_chairs_image_144.png,imc2023_haiper,outliers,chairs_image_144.png,nan;nan;nan;nan;nan;nan;nan;nan;nan,nan;nan;nan
imc2023_haiper_chairs_image_141.png,imc2023_haiper,outliers,chairs_image_141.png,nan;nan;nan;nan;nan;nan;nan;nan;nan,nan;nan;nan
imc2023_haiper_chairs_image_073.png,imc2023_haiper,outliers,chairs_image_073.png,nan;nan;nan;nan;nan;nan;nan;nan;nan,nan;nan;nan
imc2023_heritage_outliers_dsc_4115_thumb.png,imc2023_heritage,outliers,outliers_dsc_4115_thumb.png,nan;nan;nan;nan;nan;nan;nan;nan;nan,nan;nan;nan
imc2023_heritage_outliers_dsc_4120_thumb.png,imc2023_heritage,outliers,outliers_dsc_4120_thumb.png,nan;nan;nan;nan;nan;nan;nan;nan;nan,nan;nan;nan
imc2023_heritage_outliers_dsc_4122_thumb.png,imc2023_heritage,outliers,outliers_dsc_4122_thumb.png,nan;nan;nan;nan;nan;nan;nan;nan;nan,nan;nan;nan
imc2023_heritage_outliers_dsc_4125_thumb.png,imc2023_heritage,outliers,outliers_dsc_4125_thumb.png,nan;nan;nan;nan;nan;nan;nan;nan;nan,nan;nan;nan
imc2023_heritage_outliers_dsc_4127_thumb.png,imc2023_heritage,outliers,outliers_dsc_4127_thumb.png,nan;nan;nan;nan;nan;nan;nan;nan;nan,nan;nan;nan
imc2023_heritage_outliers_dsc_4128_thumb.png,imc2023_heritage,outliers,outliers_dsc_4128_thumb.png,nan;nan;nan;nan;nan;nan;nan;nan;nan,nan;nan;nan
imc2023_heritage_outliers_dsc_4129_thumb.png,imc2023_heritage,outliers,outliers_dsc_4129_thumb.png,nan;nan;nan;nan;nan;nan;nan;nan;nan,nan;nan;nan
imc2023_heritage_outliers_dsc_4165_thumb.png,imc2023_heritage,outliers,outliers_dsc_4165_thumb.png,nan;nan;nan;nan;nan;nan;nan;nan;nan,nan;nan;nan
imc2023_heritage_outliers_dsc_4167_thumb.png,imc2023_heritage,outliers,outliers_dsc_4167_thumb.png,nan;nan;nan;nan;nan;nan;nan;nan;nan,nan;nan;nan
imc2023_heritage_outliers_dsc_4176_thumb.png,imc2023_heritage,outliers,outliers_dsc_4176_thumb.png,nan;nan;nan;nan;nan;nan;nan;nan;nan,nan;nan;nan
imc2023_heritage_outliers_dsc_4177_thumb.png,imc2023_heritage,outliers,outliers_dsc_4177_thumb.png,nan;nan;nan;nan;nan;nan;nan;nan;nan,nan;nan;nan
imc2023_heritage_outliers_dsc_4178_thumb.png,imc2023_heritage,outliers,outliers_dsc_4178_thumb.png,nan;nan;nan;nan;nan;nan;nan;nan;nan,nan;nan;nan
imc2023_heritage_outliers_dsc_4473_thumb.png,imc2023_heritage,outliers,outliers_dsc_4473_thumb.png,nan;nan;nan;nan;nan;nan;nan;nan;nan,nan;nan;nan
imc2023_heritage_outliers_dsc_4474_thumb.png,imc2023_heritage,outliers,outliers_dsc_4474_thumb.png,nan;nan;nan;nan;nan;nan;nan;nan;nan,nan;nan;nan
imc2023_heritage_outliers_img_3222.png,imc2023_heritage,outliers,outliers_img_3222.png,nan;nan;nan;nan;nan;nan;nan;nan;nan,nan;nan;nan
imc2023_heritage_outliers_img_3225.png,imc2023_heritage,outliers,outliers_img_3225.png,nan;nan;nan;nan;nan;nan;nan;nan;nan,nan;nan;nan
imc2023_heritage_outliers_img_3229.png,imc2023_heritage,outliers,outliers_img_3229.png,nan;nan;nan;nan;nan;nan;nan;nan;nan,nan;nan;nan
imc2023_heritage_outliers_img_3233.png,imc2023_heritage,outliers,outliers_img_3233.png,nan;nan;nan;nan;nan;nan;nan;nan;nan,nan;nan;nan
imc2023_heritage_outliers_img_3237.png,imc2023_heritage,outliers,outliers_img_3237.png,nan;nan;nan;nan;nan;nan;nan;nan;nan,nan;nan;nan
imc2023_heritage_outliers_img_3240.png,imc2023_heritage,outliers,outliers_img_3240.png,nan;nan;nan;nan;nan;nan;nan;nan;nan,nan;nan;nan
imc2023_heritage_outliers_img_3249.png,imc2023_heritage,outliers,outliers_img_3249.png,nan;nan;nan;nan;nan;nan;nan;nan;nan,nan;nan;nan
imc2023_heritage_outliers_img_3250.png,imc2023_heritage,outliers,outliers_img_3250.png,nan;nan;nan;nan;nan;nan;nan;nan;nan,nan;nan;nan
imc2023_heritage_outliers_img_3251.png,imc2023_heritage,outliers,outliers_img_3251.png,nan;nan;nan;nan;nan;nan;nan;nan;nan,nan;nan;nan
imc2023_heritage_outliers_img_3253.png,imc2023_heritage,outliers,outliers_img_3253.png,nan;nan;nan;nan;nan;nan;nan;nan;nan,nan;nan;nan
imc2023_heritage_outliers_img_3254.png,imc2023_heritage,outliers,outliers_img_3254.png,nan;nan;nan;nan;nan;nan;nan;nan;nan,nan;nan;nan
imc2023_heritage_outliers_img_3255.png,imc2023_heritage,outliers,outliers_img_3255.png,nan;nan;nan;nan;nan;nan;nan;nan;nan,nan;nan;nan
imc2023_heritage_outliers_img_3261.png,imc2023_heritage,outliers,outliers_img_3261.png,nan;nan;nan;nan;nan;nan;nan;nan;nan,nan;nan;nan
imc2023_heritage_outliers_img_3262.png,imc2023_heritage,outliers,outliers_img_3262.png,nan;nan;nan;nan;nan;nan;nan;nan;nan,nan;nan;nan
imc2023_heritage_outliers_img_8367.png,imc2023_heritage,outliers,outliers_img_8367.png,nan;nan;nan;nan;nan;nan;nan;nan;nan,nan;nan;nan
imc2023_heritage_outliers_img_8368.png,imc2023_heritage,outliers,outliers_img_8368.png,nan;nan;nan;nan;nan;nan;nan;nan;nan,nan;nan;nan
imc2023_heritage_outliers_img_8372.png,imc2023_heritage,outliers,outliers_img_8372.png,nan;nan;nan;nan;nan;nan;nan;nan;nan,nan;nan;nan
imc2023_heritage_outliers_img_8375.png,imc2023_heritage,outliers,outliers_img_8375.png,nan;nan;nan;nan;nan;nan;nan;nan;nan,nan;nan;nan
imc2023_heritage_outliers_img_8599.png,imc2023_heritage,outliers,outliers_img_8599.png,nan;nan;nan;nan;nan;nan;nan;nan;nan,nan;nan;nan
imc2023_heritage_outliers_img_8600.png,imc2023_heritage,outliers,outliers_img_8600.png,nan;nan;nan;nan;nan;nan;nan;nan;nan,nan;nan;nan
imc2023_heritage_outliers_img_8630_thumb.png,imc2023_heritage,outliers,outliers_img_8630_thumb.png,nan;nan;nan;nan;nan;nan;nan;nan;nan,nan;nan;nan
imc2023_heritage_outliers_img_8632.png,imc2023_heritage,outliers,outliers_img_8632.png,nan;nan;nan;nan;nan;nan;nan;nan;nan,nan;nan;nan
imc2023_heritage_outliers_img_8634.png,imc2023_heritage,outliers,outliers_img_8634.png,nan;nan;nan;nan;nan;nan;nan;nan;nan,nan;nan;nan
imc2023_heritage_outliers_img_8641.png,imc2023_heritage,outliers,outliers_img_8641.png,nan;nan;nan;nan;nan;nan;nan;nan;nan,nan;nan;nan
imc2023_heritage_outliers_img_8648.png,imc2023_heritage,outliers,outliers_img_8648.png,nan;nan;nan;nan;nan;nan;nan;nan;nan,nan;nan;nan
imc2023_heritage_outliers_img_8656_thumb.png,imc2023_heritage,outliers,outliers_img_8656_thumb.png,nan;nan;nan;nan;nan;nan;nan;nan;nan,nan;nan;nan
imc2023_heritage_outliers_img_8662.png,imc2023_heritage,outliers,outliers_img_8662.png,nan;nan;nan;nan;nan;nan;nan;nan;nan,nan;nan;nan
imc2023_heritage_outliers_img_8665_thumb.png,imc2023_heritage,outliers,outliers_img_8665_thumb.png,nan;nan;nan;nan;nan;nan;nan;nan;nan,nan;nan;nan
imc2023_heritage_outliers_img_8838_thumb.png,imc2023_heritage,outliers,outliers_img_8838_thumb.png,nan;nan;nan;nan;nan;nan;nan;nan;nan,nan;nan;nan
imc2023_heritage_outliers_img_8849_thumb.png,imc2023_heritage,outliers,outliers_img_8849_thumb.png,nan;nan;nan;nan;nan;nan;nan;nan;nan,nan;nan;nan
imc2023_heritage_outliers_img_8871.png,imc2023_heritage,outliers,outliers_img_8871.png,nan;nan;nan;nan;nan;nan;nan;nan;nan,nan;nan;nan
imc2023_heritage_outliers_img_8890.png,imc2023_heritage,outliers,outliers_img_8890.png,nan;nan;nan;nan;nan;nan;nan;nan;nan,nan;nan;nan
imc2023_heritage_outliers_img_8894.png,imc2023_heritage,outliers,outliers_img_8894.png,nan;nan;nan;nan;nan;nan;nan;nan;nan,nan;nan;nan
imc2023_heritage_outliers_img_8904.png,imc2023_heritage,outliers,outliers_img_8904.png,nan;nan;nan;nan;nan;nan;nan;nan;nan,nan;nan;nan
imc2023_heritage_outliers_img_8916.png,imc2023_heritage,outliers,outliers_img_8916.png,nan;nan;nan;nan;nan;nan;nan;nan;nan,nan;nan;nan
imc2023_heritage_outliers_img_8948_thumb.png,imc2023_heritage,outliers,outliers_img_8948_thumb.png,nan;nan;nan;nan;nan;nan;nan;nan;nan,nan;nan;nan
imc2023_heritage_outliers_img_8978_thumb.png,imc2023_heritage,outliers,outliers_img_8978_thumb.png,nan;nan;nan;nan;nan;nan;nan;nan;nan,nan;nan;nan
imc2023_heritage_outliers_img_9065.png,imc2023_heritage,outliers,outliers_img_9065.png,nan;nan;nan;nan;nan;nan;nan;nan;nan,nan;nan;nan
imc2023_heritage_outliers_img_9068.png,imc2023_heritage,outliers,outliers_img_9068.png,nan;nan;nan;nan;nan;nan;nan;nan;nan,nan;nan;nan
imc2023_heritage_outliers_img_9070.png,imc2023_heritage,outliers,outliers_img_9070.png,nan;nan;nan;nan;nan;nan;nan;nan;nan,nan;nan;nan
imc2023_heritage_outliers_img_9072.png,imc2023_heritage,outliers,outliers_img_9072.png,nan;nan;nan;nan;nan;nan;nan;nan;nan,nan;nan;nan
imc2023_heritage_outliers_img_9075.png,imc2023_heritage,outliers,outliers_img_9075.png,nan;nan;nan;nan;nan;nan;nan;nan;nan,nan;nan;nan
imc2023_heritage_outliers_img_9076.png,imc2023_heritage,outliers,outliers_img_9076.png,nan;nan;nan;nan;nan;nan;nan;nan;nan,nan;nan;nan
imc2023_heritage_outliers_img_9078.png,imc2023_heritage,outliers,outliers_img_9078.png,nan;nan;nan;nan;nan;nan;nan;nan;nan,nan;nan;nan
imc2023_heritage_outliers_img_9078_thumb.png,imc2023_heritage,outliers,outliers_img_9078_thumb.png,nan;nan;nan;nan;nan;nan;nan;nan;nan,nan;nan;nan
imc2023_heritage_outliers_img_9084.png,imc2023_heritage,outliers,outliers_img_9084.png,nan;nan;nan;nan;nan;nan;nan;nan;nan,nan;nan;nan
imc2023_heritage_outliers_img_9085.png,imc2023_heritage,outliers,outliers_img_9085.png,nan;nan;nan;nan;nan;nan;nan;nan;nan,nan;nan;nan
imc2023_heritage_dioscuri_archive_0069.png,imc2023_heritage,outliers,dioscuri_archive_0069.png,nan;nan;nan;nan;nan;nan;nan;nan;nan,nan;nan;nan
imc2023_heritage_dioscuri_img_0055.png,imc2023_heritage,outliers,dioscuri_img_0055.png,nan;nan;nan;nan;nan;nan;nan;nan;nan,nan;nan;nan
imc2023_heritage_dioscuri_3dom_fbk_img_1541.png,imc2023_heritage,outliers,dioscuri_3dom_fbk_img_1541.png,nan;nan;nan;nan;nan;nan;nan;nan;nan,nan;nan;nan
imc2023_heritage_dioscuri_img_0258.png,imc2023_heritage,cluster3,dioscuri_img_0258.png,0.007758446;-0.974964145;0.222226738;0.956575669;0.071992684;0.282453612;-0.291380844;0.210385290;0.933185530,0.952673277;0.056828754;-0.528459995
imc2023_heritage_dioscuri_archive_0171.png,imc2023_heritage,outliers,dioscuri_archive_0171.png,nan;nan;nan;nan;nan;nan;nan;nan;nan,nan;nan;nan
imc2023_heritage_dioscuri_img_0163.png,imc2023_heritage,outliers,dioscuri_img_0163.png,nan;nan;nan;nan;nan;nan;nan;nan;nan,nan;nan;nan
imc2023_heritage_dioscuri_3dom_fbk_img_1563.png,imc2023_heritage,outliers,dioscuri_3dom_fbk_img_1563.png,nan;nan;nan;nan;nan;nan;nan;nan;nan,nan;nan;nan
imc2023_heritage_dioscuri_img_0161.png,imc2023_heritage,outliers,dioscuri_img_0161.png,nan;nan;nan;nan;nan;nan;nan;nan;nan,nan;nan;nan
imc2023_heritage_dioscuri_img_0188.png,imc2023_heritage,cluster3,dioscuri_img_0188.png,0.003516444;-0.588401479;0.808561274;0.987040034;0.131765969;0.091595308;-0.160435675;0.797760258;0.581239163,-2.828607114;0.491742859;3.224321826
imc2023_heritage_dioscuri_img_0314.png,imc2023_heritage,cluster3,dioscuri_img_0314.png,0.073858159;-0.789649037;-0.609097177;0.894017381;-0.218211061;0.391301489;-0.441902585;-0.573444271;0.689843296,5.040185261;0.495788506;2.605138732
imc2023_heritage_dioscuri_img_0460.png,imc2023_heritage,outliers,dioscuri_img_0460.png,nan;nan;nan;nan;nan;nan;nan;nan;nan,nan;nan;nan
imc2023_heritage_dioscuri_img_0364.png,imc2023_heritage,outliers,dioscuri_img_0364.png,nan;nan;nan;nan;nan;nan;nan;nan;nan,nan;nan;nan
imc2023_heritage_dioscuri_3dom_fbk_img_1516.png,imc2023_heritage,outliers,dioscuri_3dom_fbk_img_1516.png,nan;nan;nan;nan;nan;nan;nan;nan;nan,nan;nan;nan
imc2023_heritage_dioscuri_3dom_fbk_img_1561.png,imc2023_heritage,outliers,dioscuri_3dom_fbk_img_1561.png,nan;nan;nan;nan;nan;nan;nan;nan;nan,nan;nan;nan
imc2023_heritage_dioscuri_img_0187.png,imc2023_heritage,cluster3,dioscuri_img_0187.png,0.002326697;-0.587537180;0.809193826;0.976013329;0.177495346;0.126068965;-0.217698343;0.789490636;0.573857097,-2.835127546;0.684338576;3.177731435
imc2023_heritage_dioscuri_img_0348.png,imc2023_heritage,cluster8,dioscuri_img_0348.png,0.048321521;-0.920387406;0.388010378;0.965560616;0.142470974;0.217703281;-0.255651575;0.364127786;0.895574245,-1.313867734;-0.113543762;-1.654320172
imc2023_heritage_dioscuri_archive_0036.png,imc2023_heritage,outliers,dioscuri_archive_0036.png,nan;nan;nan;nan;nan;nan;nan;nan;nan,nan;nan;nan
imc2023_heritage_dioscuri_img_0238.png,imc2023_heritage,cluster3,dioscuri_img_0238.png,0.960889499;0.074774758;0.266646033;0.008826611;0.954098550;-0.299362737;-0.276791370;0.290008091;0.916123269,0.221225997;-0.012162342;1.011065800
imc2023_heritage_dioscuri_img_0369.png,imc2023_heritage,outliers,dioscuri_img_0369.png,nan;nan;nan;nan;nan;nan;nan;nan;nan,nan;nan;nan
imc2023_heritage_dioscuri_img_0276.png,imc2023_heritage,cluster3,dioscuri_img_0276.png,0.979241397;-0.003046510;0.202674629;-0.058371981;0.953291137;0.296359106;-0.194110788;-0.302037625;0.933324314,0.052619610;-3.537762391;2.361079444
imc2023_heritage_dioscuri_3dom_fbk_img_1566.png,imc2023_heritage,cluster8,dioscuri_3dom_fbk_img_1566.png,0.044536828;-0.984289126;0.170854870;0.934641358;0.101449394;0.340813075;-0.352791726;0.144509294;0.924475560,-0.354507675;-0.795350484;1.245438285
imc2023_heritage_dioscuri_archive_0070.png,imc2023_heritage,outliers,dioscuri_archive_0070.png,nan;nan;nan;nan;nan;nan;nan;nan;nan,nan;nan;nan
imc2023_heritage_dioscuri_img_0068.png,imc2023_heritage,outliers,dioscuri_img_0068.png,nan;nan;nan;nan;nan;nan;nan;nan;nan,nan;nan;nan
imc2023_heritage_dioscuri_archive_0022.png,imc2023_heritage,outliers,dioscuri_archive_0022.png,nan;nan;nan;nan;nan;nan;nan;nan;nan,nan;nan;nan
imc2023_heritage_dioscuri_archive_0230.png,imc2023_heritage,outliers,dioscuri_archive_0230.png,nan;nan;nan;nan;nan;nan;nan;nan;nan,nan;nan;nan
imc2023_heritage_dioscuri_img_0354.png,imc2023_heritage,cluster8,dioscuri_img_0354.png,0.999440802;0.011737593;0.031309932;-0.009507065;0.997469208;-0.070461294;-0.032057739;0.070124226;0.997023016,0.246756208;-0.292958697;7.008559651
imc2023_heritage_dioscuri_img_0246.png,imc2023_heritage,cluster3,dioscuri_img_0246.png,0.050289193;-0.950022765;0.308103462;0.945552786;0.144614138;0.291576200;-0.321560144;0.276664955;0.905569200,0.367132806;0.000944689;1.457646623
imc2023_heritage_dioscuri_archive_0004.png,imc2023_heritage,outliers,dioscuri_archive_0004.png,nan;nan;nan;nan;nan;nan;nan;nan;nan,nan;nan;nan
imc2023_heritage_dioscuri_archive_0034.png,imc2023_heritage,outliers,dioscuri_archive_0034.png,nan;nan;nan;nan;nan;nan;nan;nan;nan,nan;nan;nan
imc2023_heritage_dioscuri_img_0115.png,imc2023_heritage,outliers,dioscuri_img_0115.png,nan;nan;nan;nan;nan;nan;nan;nan;nan,nan;nan;nan
imc2023_heritage_dioscuri_archive_0068.png,imc2023_heritage,outliers,dioscuri_archive_0068.png,nan;nan;nan;nan;nan;nan;nan;nan;nan,nan;nan;nan
imc2023_heritage_dioscuri_3dom_fbk_img_1548.png,imc2023_heritage,outliers,dioscuri_3dom_fbk_img_1548.png,nan;nan;nan;nan;nan;nan;nan;nan;nan,nan;nan;nan
imc2023_heritage_dioscuri_archive_0092.png,imc2023_heritage,outliers,dioscuri_archive_0092.png,nan;nan;nan;nan;nan;nan;nan;nan;nan,nan;nan;nan
imc2023_heritage_dioscuri_img_0418.png,imc2023_heritage,outliers,dioscuri_img_0418.png,nan;nan;nan;nan;nan;nan;nan;nan;nan,nan;nan;nan
imc2023_heritage_dioscuri_img_0079.png,imc2023_heritage,outliers,dioscuri_img_0079.png,nan;nan;nan;nan;nan;nan;nan;nan;nan,nan;nan;nan
imc2023_heritage_dioscuri_img_0095.png,imc2023_heritage,outliers,dioscuri_img_0095.png,nan;nan;nan;nan;nan;nan;nan;nan;nan,nan;nan;nan
imc2023_heritage_dioscuri_archive_0003.png,imc2023_heritage,outliers,dioscuri_archive_0003.png,nan;nan;nan;nan;nan;nan;nan;nan;nan,nan;nan;nan
imc2023_heritage_dioscuri_3dom_fbk_img_1580.png,imc2023_heritage,outliers,dioscuri_3dom_fbk_img_1580.png,nan;nan;nan;nan;nan;nan;nan;nan;nan,nan;nan;nan
imc2023_heritage_dioscuri_img_0181.png,imc2023_heritage,cluster3,dioscuri_img_0181.png,-0.049461122;-0.509177436;0.859239161;0.989024431;0.094953865;0.113200874;-0.139227410;0.855407565;0.498892400,-3.192134820;0.331451849;1.036451285
imc2023_heritage_dioscuri_archive_0095.png,imc2023_heritage,outliers,dioscuri_archive_0095.png,nan;nan;nan;nan;nan;nan;nan;nan;nan,nan;nan;nan
imc2023_heritage_dioscuri_archive_0033.png,imc2023_heritage,outliers,dioscuri_archive_0033.png,nan;nan;nan;nan;nan;nan;nan;nan;nan,nan;nan;nan
imc2023_heritage_dioscuri_archive_0010.png,imc2023_heritage,outliers,dioscuri_archive_0010.png,nan;nan;nan;nan;nan;nan;nan;nan;nan,nan;nan;nan
imc2023_heritage_dioscuri_img_0424.png,imc2023_heritage,outliers,dioscuri_img_0424.png,nan;nan;nan;nan;nan;nan;nan;nan;nan,nan;nan;nan
imc2023_heritage_dioscuri_img_0092.png,imc2023_heritage,outliers,dioscuri_img_0092.png,nan;nan;nan;nan;nan;nan;nan;nan;nan,nan;nan;nan
imc2023_heritage_dioscuri_archive_0160.png,imc2023_heritage,outliers,dioscuri_archive_0160.png,nan;nan;nan;nan;nan;nan;nan;nan;nan,nan;nan;nan
imc2023_heritage_dioscuri_img_0339.png,imc2023_heritage,cluster8,dioscuri_img_0339.png,0.983285163;0.107341477;0.147064933;-0.041162209;0.917872681;-0.394734612;-0.177358281;0.382083170;0.906949001,0.014178972;1.520596426;-2.054188557
imc2023_heritage_dioscuri_img_0132.png,imc2023_heritage,outliers,dioscuri_img_0132.png,nan;nan;nan;nan;nan;nan;nan;nan;nan,nan;nan;nan
imc2023_heritage_dioscuri_archive_0028.png,imc2023_heritage,outliers,dioscuri_archive_0028.png,nan;nan;nan;nan;nan;nan;nan;nan;nan,nan;nan;nan
imc2023_heritage_dioscuri_img_0200.png,imc2023_heritage,outliers,dioscuri_img_0200.png,nan;nan;nan;nan;nan;nan;nan;nan;nan,nan;nan;nan
imc2023_heritage_dioscuri_3dom_fbk_img_1520.png,imc2023_heritage,outliers,dioscuri_3dom_fbk_img_1520.png,nan;nan;nan;nan;nan;nan;nan;nan;nan,nan;nan;nan
imc2023_heritage_dioscuri_img_0370.png,imc2023_heritage,outliers,dioscuri_img_0370.png,nan;nan;nan;nan;nan;nan;nan;nan;nan,nan;nan;nan
imc2023_heritage_dioscuri_img_0112.png,imc2023_heritage,outliers,dioscuri_img_0112.png,nan;nan;nan;nan;nan;nan;nan;nan;nan,nan;nan;nan
imc2023_heritage_dioscuri_img_0444.png,imc2023_heritage,outliers,dioscuri_img_0444.png,nan;nan;nan;nan;nan;nan;nan;nan;nan,nan;nan;nan
imc2023_heritage_dioscuri_img_0105.png,imc2023_heritage,outliers,dioscuri_img_0105.png,nan;nan;nan;nan;nan;nan;nan;nan;nan,nan;nan;nan
imc2023_heritage_dioscuri_img_0283.png,imc2023_heritage,cluster3,dioscuri_img_0283.png,0.067297234;-0.928944669;-0.364050663;0.955781262;-0.044669783;0.290666114;-0.286274801;-0.367513827;0.884861755,3.812004492;0.354989268;-0.963428538
imc2023_heritage_dioscuri_archive_0026.png,imc2023_heritage,outliers,dioscuri_archive_0026.png,nan;nan;nan;nan;nan;nan;nan;nan;nan,nan;nan;nan
imc2023_heritage_dioscuri_archive_0015.png,imc2023_heritage,outliers,dioscuri_archive_0015.png,nan;nan;nan;nan;nan;nan;nan;nan;nan,nan;nan;nan
imc2023_heritage_dioscuri_img_0359.png,imc2023_heritage,cluster8,dioscuri_img_0359.png,0.995503404;0.012715453;0.093868466;-0.007846796;0.998613398;-0.052054858;-0.094400209;0.051084222;0.994222813,0.313549402;-0.326957444;-0.434450646
imc2023_heritage_dioscuri_archive_0116.png,imc2023_heritage,outliers,dioscuri_archive_0116.png,nan;nan;nan;nan;nan;nan;nan;nan;nan,nan;nan;nan
imc2023_heritage_dioscuri_img_0277.png,imc2023_heritage,cluster3,dioscuri_img_0277.png,0.958091041;-0.028237673;0.285068749;-0.059735020;0.953560203;0.295219693;-0.280166531;-0.299875931;0.911910709,0.246129522;-3.549890813;2.328757748
imc2023_heritage_dioscuri_img_0376.png,imc2023_heritage,cluster8,dioscuri_img_0376.png,0.965627529;-0.179175804;0.188306949;0.119741227;0.949639213;0.289564162;-0.230706554;-0.257063021;0.938452497,0.230278988;-2.180489007;0.089195904
imc2023_heritage_dioscuri_img_0412.png,imc2023_heritage,outliers,dioscuri_img_0412.png,nan;nan;nan;nan;nan;nan;nan;nan;nan,nan;nan;nan
imc2023_heritage_dioscuri_img_0230.png,imc2023_heritage,cluster3,dioscuri_img_0230.png,0.968031978;0.149354309;0.201512728;-0.011969180;0.829984449;-0.557658097;-0.250541070;0.537418929;0.805239137,0.172149626;1.071248958;-2.162955660
imc2023_heritage_dioscuri_img_0266.png,imc2023_heritage,cluster3,dioscuri_img_0266.png,0.953640295;0.127761747;0.272483252;-0.135624232;0.990708491;0.010136713;-0.268656388;-0.046622109;0.962107127,-0.159708433;-2.109497237;9.266245522
imc2023_heritage_dioscuri_img_0237.png,imc2023_heritage,cluster3,dioscuri_img_0237.png,0.976544934;0.055950776;0.207917055;0.009217001;0.953899071;-0.299986015;-0.215116336;0.294866195;0.931009607,0.139502113;0.003049684;1.025608423
imc2023_heritage_dioscuri_3dom_fbk_img_1524.png,imc2023_heritage,outliers,dioscuri_3dom_fbk_img_1524.png,nan;nan;nan;nan;nan;nan;nan;nan;nan,nan;nan;nan
imc2023_heritage_dioscuri_img_0081.png,imc2023_heritage,outliers,dioscuri_img_0081.png,nan;nan;nan;nan;nan;nan;nan;nan;nan,nan;nan;nan
imc2023_heritage_dioscuri_img_0209.png,imc2023_heritage,cluster3,dioscuri_img_0209.png,0.980199247;0.145580039;0.134223281;-0.013623747;0.725823867;-0.687745671;-0.197544502;0.672299165;0.713435353,0.731818834;2.528603685;-0.761772443
imc2023_heritage_dioscuri_img_0401.png,imc2023_heritage,outliers,dioscuri_img_0401.png,nan;nan;nan;nan;nan;nan;nan;nan;nan,nan;nan;nan
imc2023_heritage_dioscuri_img_0213.png,imc2023_heritage,cluster3,dioscuri_img_0213.png,0.955960980;0.148431937;0.253192741;0.018561562;0.830381943;-0.556885354;-0.292906252;0.537060321;0.791057608,0.451853636;1.265235995;3.628004013
imc2023_heritage_dioscuri_img_0338.png,imc2023_heritage,cluster8,dioscuri_img_0338.png,0.985537848;0.020929720;0.168157952;0.026119651;0.961721242;-0.272781994;-0.167430325;0.273229207;0.947266006,-0.094625033;1.283732882;-2.219685605
imc2023_heritage_dioscuri_img_0216.png,imc2023_heritage,cluster3,dioscuri_img_0216.png,-0.005920147;-0.819325591;0.573297940;0.979437954;0.110863632;0.168554290;-0.201658735;0.562507627;0.801822252,-1.097319787;0.152590351;4.386497952
imc2023_heritage_dioscuri_archive_0071.png,imc2023_heritage,outliers,dioscuri_archive_0071.png,nan;nan;nan;nan;nan;nan;nan;nan;nan,nan;nan;nan
imc2023_heritage_dioscuri_archive_0072.png,imc2023_heritage,outliers,dioscuri_archive_0072.png,nan;nan;nan;nan;nan;nan;nan;nan;nan,nan;nan;nan
imc2023_heritage_dioscuri_img_0227.png,imc2023_heritage,cluster3,dioscuri_img_0227.png,0.983866744;0.105474456;0.144503873;-0.014929632;0.853311029;-0.521188444;-0.178278816;0.510622588;0.841119038,0.300120921;1.040812220;-2.153368940
imc2023_heritage_cyprus_dsc_6585.png,imc2023_heritage,outliers,cyprus_dsc_6585.png,nan;nan;nan;nan;nan;nan;nan;nan;nan,nan;nan;nan
imc2023_heritage_cyprus_dsc_6577.png,imc2023_heritage,outliers,cyprus_dsc_6577.png,nan;nan;nan;nan;nan;nan;nan;nan;nan,nan;nan;nan
imc2023_heritage_cyprus_dsc_6573.png,imc2023_heritage,outliers,cyprus_dsc_6573.png,nan;nan;nan;nan;nan;nan;nan;nan;nan,nan;nan;nan
imc2023_heritage_cyprus_dsc_6569.png,imc2023_heritage,outliers,cyprus_dsc_6569.png,nan;nan;nan;nan;nan;nan;nan;nan;nan,nan;nan;nan
imc2023_heritage_cyprus_dsc_6565.png,imc2023_heritage,outliers,cyprus_dsc_6565.png,nan;nan;nan;nan;nan;nan;nan;nan;nan,nan;nan;nan
imc2023_heritage_cyprus_dsc_6557.png,imc2023_heritage,outliers,cyprus_dsc_6557.png,nan;nan;nan;nan;nan;nan;nan;nan;nan,nan;nan;nan
imc2023_heritage_cyprus_dsc_6548.png,imc2023_heritage,outliers,cyprus_dsc_6548.png,nan;nan;nan;nan;nan;nan;nan;nan;nan,nan;nan;nan
imc2023_heritage_cyprus_dsc_6540.png,imc2023_heritage,outliers,cyprus_dsc_6540.png,nan;nan;nan;nan;nan;nan;nan;nan;nan,nan;nan;nan
imc2023_heritage_cyprus_dsc_6589.png,imc2023_heritage,outliers,cyprus_dsc_6589.png,nan;nan;nan;nan;nan;nan;nan;nan;nan,nan;nan;nan
imc2023_heritage_cyprus_dsc_6593.png,imc2023_heritage,outliers,cyprus_dsc_6593.png,nan;nan;nan;nan;nan;nan;nan;nan;nan,nan;nan;nan
imc2023_heritage_cyprus_dsc_6597.png,imc2023_heritage,outliers,cyprus_dsc_6597.png,nan;nan;nan;nan;nan;nan;nan;nan;nan,nan;nan;nan
imc2023_heritage_cyprus_dsc_6601.png,imc2023_heritage,outliers,cyprus_dsc_6601.png,nan;nan;nan;nan;nan;nan;nan;nan;nan,nan;nan;nan
imc2023_heritage_cyprus_dsc_6605.png,imc2023_heritage,outliers,cyprus_dsc_6605.png,nan;nan;nan;nan;nan;nan;nan;nan;nan,nan;nan;nan
imc2023_heritage_cyprus_dsc_6480.png,imc2023_heritage,outliers,cyprus_dsc_6480.png,nan;nan;nan;nan;nan;nan;nan;nan;nan,nan;nan;nan
imc2023_heritage_cyprus_dsc_6625.png,imc2023_heritage,outliers,cyprus_dsc_6625.png,nan;nan;nan;nan;nan;nan;nan;nan;nan,nan;nan;nan
imc2023_heritage_cyprus_dsc_6500.png,imc2023_heritage,outliers,cyprus_dsc_6500.png,nan;nan;nan;nan;nan;nan;nan;nan;nan,nan;nan;nan
imc2023_heritage_cyprus_dsc_6629.png,imc2023_heritage,outliers,cyprus_dsc_6629.png,nan;nan;nan;nan;nan;nan;nan;nan;nan,nan;nan;nan
imc2023_heritage_cyprus_dsc_6512.png,imc2023_heritage,outliers,cyprus_dsc_6512.png,nan;nan;nan;nan;nan;nan;nan;nan;nan,nan;nan;nan
imc2023_heritage_cyprus_dsc_6633.png,imc2023_heritage,outliers,cyprus_dsc_6633.png,nan;nan;nan;nan;nan;nan;nan;nan;nan,nan;nan;nan
imc2023_heritage_cyprus_dsc_6508.png,imc2023_heritage,outliers,cyprus_dsc_6508.png,nan;nan;nan;nan;nan;nan;nan;nan;nan,nan;nan;nan
imc2023_heritage_cyprus_dsc_6496.png,imc2023_heritage,cluster9,cyprus_dsc_6496.png,0.968017440;0.191595596;0.161967168;-0.176741888;0.978984014;-0.101747759;-0.178057690;0.069867222;0.981536566,-1.592173361;-0.006341770;-0.884885483
imc2023_heritage_cyprus_dsc_6621.png,imc2023_heritage,outliers,cyprus_dsc_6621.png,nan;nan;nan;nan;nan;nan;nan;nan;nan,nan;nan;nan
imc2023_heritage_cyprus_dsc_6492.png,imc2023_heritage,cluster9,cyprus_dsc_6492.png,0.983281834;0.181983156;-0.006242226;-0.181708419;0.978424916;-0.098319550;-0.011784952;0.097810093;0.995135318,-3.814046131;-0.017095569;-1.558407979
imc2023_heritage_cyprus_dsc_6617.png,imc2023_heritage,outliers,cyprus_dsc_6617.png,nan;nan;nan;nan;nan;nan;nan;nan;nan,nan;nan;nan
imc2023_heritage_cyprus_dsc_6488.png,imc2023_heritage,cluster9,cyprus_dsc_6488.png,0.975994044;0.192300246;0.102255767;-0.182463072;0.978294602;-0.098218633;-0.118923732;0.077202900;0.989897398,5.497516085;0.016470700;2.111920761
imc2023_heritage_cyprus_dsc_6613.png,imc2023_heritage,outliers,cyprus_dsc_6613.png,nan;nan;nan;nan;nan;nan;nan;nan;nan,nan;nan;nan
imc2023_heritage_cyprus_dsc_6609.png,imc2023_heritage,outliers,cyprus_dsc_6609.png,nan;nan;nan;nan;nan;nan;nan;nan;nan,nan;nan;nan
imc2023_heritage_cyprus_dsc_6520.png,imc2023_heritage,outliers,cyprus_dsc_6520.png,nan;nan;nan;nan;nan;nan;nan;nan;nan,nan;nan;nan
imc2023_heritage_cyprus_dsc_6524.png,imc2023_heritage,outliers,cyprus_dsc_6524.png,nan;nan;nan;nan;nan;nan;nan;nan;nan,nan;nan;nan
imc2023_heritage_cyprus_dsc_6528.png,imc2023_heritage,outliers,cyprus_dsc_6528.png,nan;nan;nan;nan;nan;nan;nan;nan;nan,nan;nan;nan
imc2023_heritage_wall_dsc_5063_acr.png,imc2023_heritage,cluster1,wall_dsc_5063_acr.png,0.994621076;-0.103572840;0.001257962;0.103555444;0.994574344;0.009906832;-0.002277215;-0.009723276;0.999950135,-4.730391396;0.021817485;0.000003021
imc2023_heritage_wall_dsc_5060_acr.png,imc2023_heritage,cluster1,wall_dsc_5060_acr.png,0.994473942;-0.104976363;0.001241723;0.104959079;0.994427283;0.009898006;-0.002273860;-0.009712979;0.999950243,-3.418667876;0.027629218;0.000013771
imc2023_heritage_wall_dsc_5057_acr.png,imc2023_heritage,cluster1,wall_dsc_5057_acr.png,0.994815575;-0.101687450;0.001278585;0.101669965;0.994768956;0.009896536;-0.002278250;-0.009715235;0.999950211,-1.154536449;0.015036728;0.000028054
imc2023_heritage_wall_dsc_5054_acr.png,imc2023_heritage,cluster2,wall_dsc_5054_acr.png,0.995630819;0.020486921;0.091101908;-0.024777867;0.998623862;0.046221638;-0.090029600;-0.048276998;0.994768316,-4.357017875;0.148070736;0.494085450
imc2023_heritage_wall_dsc_5051_acr.png,imc2023_heritage,cluster2,wall_dsc_5051_acr.png,0.999749581;-0.007648959;0.021030165;0.006422759;0.998309357;0.057768301;-0.021436478;-0.057618763;0.998108489,-1.215265162;-0.078574112;0.176213674
imc2023_heritage_wall_dsc_5048_acr.png,imc2023_heritage,cluster1,wall_dsc_5048_acr.png,0.994577377;-0.103991764;0.001246986;0.103974473;0.994530704;0.009898842;-0.002269564;-0.009715509;0.999950228,3.435513442;-0.022928580;-0.000012459
imc2023_heritage_wall_dsc_5045_acr.png,imc2023_heritage,cluster1,wall_dsc_5045_acr.png,0.994424888;-0.105440170;0.001230155;0.105422979;0.994378224;0.009896573;-0.002266736;-0.009711712;0.999950271,5.269511759;-0.022902723;0.000010109
imc2023_heritage_wall_dsc_5042_acr.png,imc2023_heritage,cluster2,wall_dsc_5042_acr.png,0.999486633;0.011080986;-0.030061324;-0.009603768;0.998760094;0.048847127;0.030565325;-0.048533348;0.998353783,5.610422414;-0.021415928;-0.077620977
imc2023_heritage_wall_dsc_5039_acr.png,imc2023_heritage,outliers,wall_dsc_5039_acr.png,nan;nan;nan;nan;nan;nan;nan;nan;nan,nan;nan;nan
imc2023_heritage_wall_dsc_5033_acr.png,imc2023_heritage,cluster4,wall_dsc_5033_acr.png,0.975804549;0.009520599;0.218437266;-0.037993156;0.991236174;0.126520227;-0.215318372;-0.131758134;0.967614486,-4.186342639;-0.146644747;0.851105619
imc2023_heritage_wall_dsc_4970_acr.png,imc2023_heritage,cluster5,wall_dsc_4970_acr.png,0.999215334;-0.001630170;-0.039573461;0.005828821;0.994326017;0.106215802;0.039175772;-0.106363125;0.993555305,2.092924856;0.180738111;-0.015757698
imc2023_heritage_wall_dsc_4973_acr.png,imc2023_heritage,cluster5,wall_dsc_4973_acr.png,0.999839488;0.004683604;-0.017293440;-0.002286061;0.990687257;0.136137915;0.017770007;-0.136076529;0.990538947,-0.378113782;-0.433098554;-0.026176726
imc2023_heritage_wall_dsc_4976_acr.png,imc2023_heritage,cluster5,wall_dsc_4976_acr.png,0.991086944;-0.005997317;0.133081560;-0.009455963;0.993299212;0.115183592;-0.132880601;-0.115415368;0.984389170,-5.821714238;0.073171945;0.465447426
imc2023_heritage_wall_dsc_4979_acr.png,imc2023_heritage,outliers,wall_dsc_4979_acr.png,nan;nan;nan;nan;nan;nan;nan;nan;nan,nan;nan;nan
imc2023_heritage_wall_dsc_4982_acr.png,imc2023_heritage,cluster6,wall_dsc_4982_acr.png,0.996060989;-0.074767397;0.047669101;0.080195690;0.988966735;-0.124552995;-0.037830652;0.127885236;0.991067207,5.267421747;-0.250581987;-0.076613230
imc2023_heritage_wall_dsc_4985_acr.png,imc2023_heritage,outliers,wall_dsc_4985_acr.png,nan;nan;nan;nan;nan;nan;nan;nan;nan,nan;nan;nan
imc2023_heritage_wall_dsc_4991_acr.png,imc2023_heritage,cluster6,wall_dsc_4991_acr.png,0.997110358;-0.073576683;0.018905173;0.075399006;0.988890171;-0.128106282;-0.009269504;0.129161532;0.991580241,2.205942775;-0.165524665;-0.161427933
imc2023_heritage_wall_dsc_4943_acr.png,imc2023_heritage,cluster7,wall_dsc_4943_acr.png,0.998639151;0.032645744;0.040670644;-0.034061106;0.998820377;0.034607742;-0.039492872;-0.035945933;0.998573083,2.014243059;0.004277075;-0.167185234
imc2023_heritage_wall_dsc_4946_acr.png,imc2023_heritage,cluster7,wall_dsc_4946_acr.png,0.999743952;0.020973087;0.008494741;-0.021337434;0.998743226;0.045350655;-0.007532922;-0.045520299;0.998935012,0.874135805;-0.116253129;-0.337547707
imc2023_heritage_wall_dsc_4961_acr.png,imc2023_heritage,cluster7,wall_dsc_4961_acr.png,0.997457065;0.027544651;0.065731999;-0.030251792;0.998719410;0.040550817;-0.064530866;-0.042436209;0.997013007,-3.236814823;-0.003303217;0.569098144
imc2023_heritage_wall_dsc_4952_acr.png,imc2023_heritage,cluster7,wall_dsc_4952_acr.png,0.998945875;0.028466300;0.036011215;-0.029954647;0.998689835;0.041488943;-0.034782998;-0.042523912;0.998489790,-0.098847613;-0.038633274;0.026328732
imc2023_heritage_wall_dsc_4964_acr.png,imc2023_heritage,cluster7,wall_dsc_4964_acr.png,0.992875972;0.025837107;0.116317446;-0.031587407;0.998354127;0.047867240;-0.114889252;-0.051200399;0.992057951,-4.493694269;-0.029997270;0.935049879
imc2023_heritage_wall_dsc_4955_acr.png,imc2023_heritage,cluster7,wall_dsc_4955_acr.png,0.999548780;0.021412405;0.021065253;-0.022109559;0.999196196;0.033438427;-0.020332323;-0.033889083;0.999218758,-1.031654516;0.008008052;0.108245969
imc2023_heritage_wall_dsc_4967_acr.png,imc2023_heritage,cluster5,wall_dsc_4967_acr.png,0.998992490;-0.000846028;-0.044869689;0.005717736;0.994073679;0.108557946;0.044511934;-0.108705126;0.993076978,4.092961018;0.268374246;0.624627736
imc2023_heritage_wall_dsc_4958_acr.png,imc2023_heritage,cluster7,wall_dsc_4958_acr.png,0.998208663;0.017638314;0.057169528;-0.019518457;0.999281218;0.032497331;-0.056555238;-0.033554979;0.997835442,-2.171396755;0.047402318;0.442020519
imc2023_heritage_wall_dsc_4940_acr.png,imc2023_heritage,cluster7,wall_dsc_4940_acr.png,0.999044310;0.028231546;0.033368332;-0.029387228;0.998966775;0.034666615;-0.032355163;-0.035614087;0.998841719,2.882361991;0.079757736;-0.287032862
imc2023_heritage_wall_dsc_4937_acr.png,imc2023_heritage,outliers,wall_dsc_4937_acr.png,nan;nan;nan;nan;nan;nan;nan;nan;nan,nan;nan;nan
imc2023_heritage_wall_dsc_4934_acr.png,imc2023_heritage,cluster7,wall_dsc_4934_acr.png,0.998890357;0.028848648;-0.037226478;-0.027714189;0.999146224;0.030638978;0.038078588;-0.029573278;0.998837045,5.397031044;0.044845590;-0.377516635
imc2023_heritage_wall_dsc_4931_acr.png,imc2023_heritage,outliers,wall_dsc_4931_acr.png,nan;nan;nan;nan;nan;nan;nan;nan;nan,nan;nan;nan
imc2023_heritage_wall_dsc_4928_acr.png,imc2023_heritage,outliers,wall_dsc_4928_acr.png,nan;nan;nan;nan;nan;nan;nan;nan;nan,nan;nan;nan
imc2023_heritage_wall_dsc_4994_acr.png,imc2023_heritage,cluster6,wall_dsc_4994_acr.png,0.996223831;-0.085952983;-0.012254126;0.083624785;0.987881150;-0.130758286;0.023344685;0.129239772;0.991338543,0.724014312;-0.138192239;-0.032461996
imc2023_heritage_wall_dsc_4997_acr.png,imc2023_heritage,cluster6,wall_dsc_4997_acr.png,0.995759556;-0.066042696;0.064041153;0.074741912;0.986655983;-0.144649985;-0.053633512;0.148823163;0.987408281,-1.017457050;0.197069010;0.464009765
imc2023_heritage_wall_dsc_5000_acr.png,imc2023_heritage,cluster6,wall_dsc_5000_acr.png,0.997104215;-0.069351204;0.031202488;0.072763122;0.989314082;-0.126345458;-0.022106851;0.128249979;0.991495451,-2.470052617;-0.055135104;0.151791774
imc2023_heritage_wall_dsc_5003_acr.png,imc2023_heritage,cluster6,wall_dsc_5003_acr.png,0.996379386;-0.079676250;0.029661677;0.083432897;0.983422078;-0.160996794;-0.016342327;0.162888646;0.986509107,-4.690945573;0.421073160;-0.328629488
imc2023_heritage_wall_dsc_5006_acr.png,imc2023_heritage,cluster10,wall_dsc_5006_acr.png,0.999950914;-0.006678221;-0.007319213;0.006648944;0.999969827;-0.004017112;0.007345819;0.003968250;0.999965145,4.547002081;-0.067405715;-0.167853116
imc2023_heritage_wall_dsc_5009_acr.png,imc2023_heritage,cluster10,wall_dsc_5009_acr.png,0.999057476;-0.005006210;0.043117244;0.005273037;0.999967633;-0.006076902;-0.043085426;0.006298534;0.999051537,2.643512838;-0.045563595;0.061147862
imc2023_heritage_wall_dsc_5012_acr.png,imc2023_heritage,cluster10,wall_dsc_5012_acr.png,0.999138007;-0.010649223;0.040122776;0.010760349;0.999938842;-0.002554709;-0.040093116;0.002984242;0.999191491,-1.784689226;-0.130251795;-0.336664373
imc2023_heritage_wall_dsc_5015_acr.png,imc2023_heritage,cluster10,wall_dsc_5015_acr.png,0.997762902;-0.004968065;0.066667160;0.004882705;0.999987038;0.001443275;-0.066673466;-0.001114530;0.997774226,-5.372540333;0.243285149;0.792760722
imc2023_heritage_wall_dsc_5018_acr.png,imc2023_heritage,cluster11,wall_dsc_5018_acr.png,0.999641428;0.026239123;0.005340718;-0.026250195;0.999653376;0.002013687;-0.005286030;-0.002153160;0.999983711,4.129398487;-0.152832060;-0.493151504
imc2023_heritage_wall_dsc_5021_acr.png,imc2023_heritage,cluster11,wall_dsc_5021_acr.png,0.999581941;0.025795495;-0.013058949;-0.025919835;0.999619419;-0.009443492;0.012810380;0.009778030;0.999870134,1.670647525;-0.280526710;0.075913257
imc2023_heritage_wall_dsc_5024_acr.png,imc2023_heritage,cluster4,wall_dsc_5024_acr.png,0.999598539;0.010997295;0.026111675;-0.013934399;0.993255149;0.115108823;-0.024669670;-0.115426462;0.993009637,1.930258456;-0.078962271;0.039562501
imc2023_heritage_wall_dsc_5027_acr.png,imc2023_heritage,cluster11,wall_dsc_5027_acr.png,0.996485252;0.010235496;0.083140708;-0.010046062;0.999945901;-0.002696503;-0.083163810;0.001851789;0.996534170,-5.754958320;0.337209701;0.897151597
imc2023_heritage_wall_dsc_5030_acr.png,imc2023_heritage,cluster4,wall_dsc_5030_acr.png,0.995372663;0.007470762;0.095799004;-0.019284396;0.992220267;0.122992089;-0.094134868;-0.124270389;0.987772999,-1.404303718;-0.157090178;0.218925009
imc2023_theather_imc2024_church_church_00020.png,imc2023_theather_imc2024_church,outliers,church_00020.png,nan;nan;nan;nan;nan;nan;nan;nan;nan,nan;nan;nan
imc2023_theather_imc2024_church_church_00046.png,imc2023_theather_imc2024_church,outliers,church_00046.png,nan;nan;nan;nan;nan;nan;nan;nan;nan,nan;nan;nan
imc2023_theather_imc2024_church_church_00080.png,imc2023_theather_imc2024_church,outliers,church_00080.png,nan;nan;nan;nan;nan;nan;nan;nan;nan,nan;nan;nan
imc2023_theather_imc2024_church_church_00063.png,imc2023_theather_imc2024_church,outliers,church_00063.png,nan;nan;nan;nan;nan;nan;nan;nan;nan,nan;nan;nan
imc2023_theather_imc2024_church_church_00045.png,imc2023_theather_imc2024_church,outliers,church_00045.png,nan;nan;nan;nan;nan;nan;nan;nan;nan,nan;nan;nan
imc2023_theather_imc2024_church_church_00071.png,imc2023_theather_imc2024_church,outliers,church_00071.png,nan;nan;nan;nan;nan;nan;nan;nan;nan,nan;nan;nan
imc2023_theather_imc2024_church_church_00039.png,imc2023_theather_imc2024_church,outliers,church_00039.png,nan;nan;nan;nan;nan;nan;nan;nan;nan,nan;nan;nan
imc2023_theather_imc2024_church_church_00069.png,imc2023_theather_imc2024_church,outliers,church_00069.png,nan;nan;nan;nan;nan;nan;nan;nan;nan,nan;nan;nan
imc2023_theather_imc2024_church_church_00026.png,imc2023_theather_imc2024_church,outliers,church_00026.png,nan;nan;nan;nan;nan;nan;nan;nan;nan,nan;nan;nan
imc2023_theather_imc2024_church_church_00038.png,imc2023_theather_imc2024_church,outliers,church_00038.png,nan;nan;nan;nan;nan;nan;nan;nan;nan,nan;nan;nan
imc2023_theather_imc2024_church_church_00110.png,imc2023_theather_imc2024_church,outliers,church_00110.png,nan;nan;nan;nan;nan;nan;nan;nan;nan,nan;nan;nan
imc2023_theather_imc2024_church_church_00017.png,imc2023_theather_imc2024_church,outliers,church_00017.png,nan;nan;nan;nan;nan;nan;nan;nan;nan,nan;nan;nan
imc2023_theather_imc2024_church_church_00035.png,imc2023_theather_imc2024_church,outliers,church_00035.png,nan;nan;nan;nan;nan;nan;nan;nan;nan,nan;nan;nan
imc2023_theather_imc2024_church_church_00047.png,imc2023_theather_imc2024_church,outliers,church_00047.png,nan;nan;nan;nan;nan;nan;nan;nan;nan,nan;nan;nan
imc2023_theather_imc2024_church_church_00041.png,imc2023_theather_imc2024_church,outliers,church_00041.png,nan;nan;nan;nan;nan;nan;nan;nan;nan,nan;nan;nan
imc2023_theather_imc2024_church_church_00055.png,imc2023_theather_imc2024_church,outliers,church_00055.png,nan;nan;nan;nan;nan;nan;nan;nan;nan,nan;nan;nan
imc2023_theather_imc2024_church_church_00013.png,imc2023_theather_imc2024_church,outliers,church_00013.png,nan;nan;nan;nan;nan;nan;nan;nan;nan,nan;nan;nan
imc2023_theather_imc2024_church_church_00019.png,imc2023_theather_imc2024_church,cluster12,church_00019.png,0.988277642;-0.058192276;0.141141633;0.034208858;0.985405847;0.166748526;-0.148785266;-0.159965546;0.975845259,4.995906178;-0.187636296;-0.075591522
imc2023_theather_imc2024_church_church_00012.png,imc2023_theather_imc2024_church,cluster12,church_00012.png,0.999607173;-0.017555526;0.021847274;0.016130624;0.997834204;0.063770713;-0.022919485;-0.063393252;0.997725410,-4.961476577;0.344537496;-0.514824330
imc2023_theather_imc2024_church_church_00048.png,imc2023_theather_imc2024_church,outliers,church_00048.png,nan;nan;nan;nan;nan;nan;nan;nan;nan,nan;nan;nan
imc2023_theather_imc2024_church_church_00108.png,imc2023_theather_imc2024_church,outliers,church_00108.png,nan;nan;nan;nan;nan;nan;nan;nan;nan,nan;nan;nan
imc2023_theather_imc2024_church_church_00111.png,imc2023_theather_imc2024_church,outliers,church_00111.png,nan;nan;nan;nan;nan;nan;nan;nan;nan,nan;nan;nan
imc2023_theather_imc2024_church_church_00091.png,imc2023_theather_imc2024_church,outliers,church_00091.png,nan;nan;nan;nan;nan;nan;nan;nan;nan,nan;nan;nan
imc2023_theather_imc2024_church_church_00082.png,imc2023_theather_imc2024_church,outliers,church_00082.png,nan;nan;nan;nan;nan;nan;nan;nan;nan,nan;nan;nan
imc2023_theather_imc2024_church_church_00023.png,imc2023_theather_imc2024_church,outliers,church_00023.png,nan;nan;nan;nan;nan;nan;nan;nan;nan,nan;nan;nan
imc2023_theather_imc2024_church_church_00053.png,imc2023_theather_imc2024_church,outliers,church_00053.png,nan;nan;nan;nan;nan;nan;nan;nan;nan,nan;nan;nan
imc2023_theather_imc2024_church_church_00079.png,imc2023_theather_imc2024_church,outliers,church_00079.png,nan;nan;nan;nan;nan;nan;nan;nan;nan,nan;nan;nan
imc2023_theather_imc2024_church_church_00014.png,imc2023_theather_imc2024_church,outliers,church_00014.png,nan;nan;nan;nan;nan;nan;nan;nan;nan,nan;nan;nan
imc2023_theather_imc2024_church_church_00022.png,imc2023_theather_imc2024_church,outliers,church_00022.png,nan;nan;nan;nan;nan;nan;nan;nan;nan,nan;nan;nan
imc2023_theather_imc2024_church_church_00104.png,imc2023_theather_imc2024_church,outliers,church_00104.png,nan;nan;nan;nan;nan;nan;nan;nan;nan,nan;nan;nan
imc2023_theather_imc2024_church_church_00043.png,imc2023_theather_imc2024_church,outliers,church_00043.png,nan;nan;nan;nan;nan;nan;nan;nan;nan,nan;nan;nan
imc2023_theather_imc2024_church_church_00109.png,imc2023_theather_imc2024_church,outliers,church_00109.png,nan;nan;nan;nan;nan;nan;nan;nan;nan,nan;nan;nan
imc2023_theather_imc2024_church_church_00100.png,imc2023_theather_imc2024_church,outliers,church_00100.png,nan;nan;nan;nan;nan;nan;nan;nan;nan,nan;nan;nan
imc2023_theather_imc2024_church_church_00018.png,imc2023_theather_imc2024_church,outliers,church_00018.png,nan;nan;nan;nan;nan;nan;nan;nan;nan,nan;nan;nan
imc2023_theather_imc2024_church_church_00021.png,imc2023_theather_imc2024_church,outliers,church_00021.png,nan;nan;nan;nan;nan;nan;nan;nan;nan,nan;nan;nan
imc2023_theather_imc2024_church_church_00078.png,imc2023_theather_imc2024_church,outliers,church_00078.png,nan;nan;nan;nan;nan;nan;nan;nan;nan,nan;nan;nan
imc2023_theather_imc2024_church_church_00083.png,imc2023_theather_imc2024_church,outliers,church_00083.png,nan;nan;nan;nan;nan;nan;nan;nan;nan,nan;nan;nan
imc2023_theather_imc2024_church_church_00092.png,imc2023_theather_imc2024_church,outliers,church_00092.png,nan;nan;nan;nan;nan;nan;nan;nan;nan,nan;nan;nan
imc2023_theather_imc2024_church_church_00093.png,imc2023_theather_imc2024_church,outliers,church_00093.png,nan;nan;nan;nan;nan;nan;nan;nan;nan,nan;nan;nan
imc2023_theather_imc2024_church_church_00073.png,imc2023_theather_imc2024_church,outliers,church_00073.png,nan;nan;nan;nan;nan;nan;nan;nan;nan,nan;nan;nan
imc2023_theather_imc2024_church_church_00087.png,imc2023_theather_imc2024_church,outliers,church_00087.png,nan;nan;nan;nan;nan;nan;nan;nan;nan,nan;nan;nan
imc2023_theather_imc2024_church_church_00005.png,imc2023_theather_imc2024_church,outliers,church_00005.png,nan;nan;nan;nan;nan;nan;nan;nan;nan,nan;nan;nan
imc2023_theather_imc2024_church_church_00028.png,imc2023_theather_imc2024_church,outliers,church_00028.png,nan;nan;nan;nan;nan;nan;nan;nan;nan,nan;nan;nan
imc2023_theather_imc2024_church_church_00075.png,imc2023_theather_imc2024_church,outliers,church_00075.png,nan;nan;nan;nan;nan;nan;nan;nan;nan,nan;nan;nan
imc2023_theather_imc2024_church_church_00006.png,imc2023_theather_imc2024_church,outliers,church_00006.png,nan;nan;nan;nan;nan;nan;nan;nan;nan,nan;nan;nan
imc2023_theather_imc2024_church_church_00004.png,imc2023_theather_imc2024_church,outliers,church_00004.png,nan;nan;nan;nan;nan;nan;nan;nan;nan,nan;nan;nan
imc2023_theather_imc2024_church_church_00016.png,imc2023_theather_imc2024_church,outliers,church_00016.png,nan;nan;nan;nan;nan;nan;nan;nan;nan,nan;nan;nan
imc2023_theather_imc2024_church_church_00099.png,imc2023_theather_imc2024_church,outliers,church_00099.png,nan;nan;nan;nan;nan;nan;nan;nan;nan,nan;nan;nan
imc2023_theather_imc2024_church_church_00025.png,imc2023_theather_imc2024_church,outliers,church_00025.png,nan;nan;nan;nan;nan;nan;nan;nan;nan,nan;nan;nan
imc2023_theather_imc2024_church_church_00040.png,imc2023_theather_imc2024_church,outliers,church_00040.png,nan;nan;nan;nan;nan;nan;nan;nan;nan,nan;nan;nan
imc2023_theather_imc2024_church_kyiv_puppet_theater_img_20220127_170709.png,imc2023_theather_imc2024_church,outliers,kyiv_puppet_theater_img_20220127_170709.png,nan;nan;nan;nan;nan;nan;nan;nan;nan,nan;nan;nan
imc2023_theather_imc2024_church_kyiv_puppet_theater_img_20220127_170633.png,imc2023_theather_imc2024_church,outliers,kyiv_puppet_theater_img_20220127_170633.png,nan;nan;nan;nan;nan;nan;nan;nan;nan,nan;nan;nan
imc2023_theather_imc2024_church_kyiv_puppet_theater_img_20220127_170350.png,imc2023_theather_imc2024_church,outliers,kyiv_puppet_theater_img_20220127_170350.png,nan;nan;nan;nan;nan;nan;nan;nan;nan,nan;nan;nan
imc2023_theather_imc2024_church_kyiv_puppet_theater_img_20220127_170339.png,imc2023_theather_imc2024_church,outliers,kyiv_puppet_theater_img_20220127_170339.png,nan;nan;nan;nan;nan;nan;nan;nan;nan,nan;nan;nan
imc2023_theather_imc2024_church_kyiv_puppet_theater_img_20220127_170250.png,imc2023_theather_imc2024_church,outliers,kyiv_puppet_theater_img_20220127_170250.png,nan;nan;nan;nan;nan;nan;nan;nan;nan,nan;nan;nan
imc2023_theather_imc2024_church_kyiv_puppet_theater_img_20220127_165709.png,imc2023_theather_imc2024_church,outliers,kyiv_puppet_theater_img_20220127_165709.png,nan;nan;nan;nan;nan;nan;nan;nan;nan,nan;nan;nan
imc2023_theather_imc2024_church_kyiv_puppet_theater_img_20220127_165703.png,imc2023_theather_imc2024_church,outliers,kyiv_puppet_theater_img_20220127_165703.png,nan;nan;nan;nan;nan;nan;nan;nan;nan,nan;nan;nan
imc2023_theather_imc2024_church_kyiv_puppet_theater_img_20220127_165700.png,imc2023_theather_imc2024_church,outliers,kyiv_puppet_theater_img_20220127_165700.png,nan;nan;nan;nan;nan;nan;nan;nan;nan,nan;nan;nan
imc2023_theather_imc2024_church_kyiv_puppet_theater_img_20220127_165641.png,imc2023_theather_imc2024_church,outliers,kyiv_puppet_theater_img_20220127_165641.png,nan;nan;nan;nan;nan;nan;nan;nan;nan,nan;nan;nan
imc2023_theather_imc2024_church_kyiv_puppet_theater_img_20220127_165612.png,imc2023_theather_imc2024_church,outliers,kyiv_puppet_theater_img_20220127_165612.png,nan;nan;nan;nan;nan;nan;nan;nan;nan,nan;nan;nan
imc2023_theather_imc2024_church_kyiv_puppet_theater_img_20220127_165608.png,imc2023_theather_imc2024_church,outliers,kyiv_puppet_theater_img_20220127_165608.png,nan;nan;nan;nan;nan;nan;nan;nan;nan,nan;nan;nan
imc2023_theather_imc2024_church_kyiv_puppet_theater_img_20220127_165549.png,imc2023_theather_imc2024_church,outliers,kyiv_puppet_theater_img_20220127_165549.png,nan;nan;nan;nan;nan;nan;nan;nan;nan,nan;nan;nan
imc2023_theather_imc2024_church_kyiv_puppet_theater_img_20220127_165418.png,imc2023_theather_imc2024_church,outliers,kyiv_puppet_theater_img_20220127_165418.png,nan;nan;nan;nan;nan;nan;nan;nan;nan,nan;nan;nan
imc2023_theather_imc2024_church_kyiv_puppet_theater_img_20220127_165343.png,imc2023_theather_imc2024_church,outliers,kyiv_puppet_theater_img_20220127_165343.png,nan;nan;nan;nan;nan;nan;nan;nan;nan,nan;nan;nan
imc2023_theather_imc2024_church_kyiv_puppet_theater_img_20220127_165449.png,imc2023_theather_imc2024_church,outliers,kyiv_puppet_theater_img_20220127_165449.png,nan;nan;nan;nan;nan;nan;nan;nan;nan,nan;nan;nan
imc2023_theather_imc2024_church_kyiv_puppet_theater_img_20220127_165722.png,imc2023_theather_imc2024_church,outliers,kyiv_puppet_theater_img_20220127_165722.png,nan;nan;nan;nan;nan;nan;nan;nan;nan,nan;nan;nan
imc2023_theather_imc2024_church_kyiv_puppet_theater_img_20220127_165737.png,imc2023_theather_imc2024_church,outliers,kyiv_puppet_theater_img_20220127_165737.png,nan;nan;nan;nan;nan;nan;nan;nan;nan,nan;nan;nan
imc2023_theather_imc2024_church_kyiv_puppet_theater_img_20220127_165748.png,imc2023_theather_imc2024_church,outliers,kyiv_puppet_theater_img_20220127_165748.png,nan;nan;nan;nan;nan;nan;nan;nan;nan,nan;nan;nan
imc2023_theather_imc2024_church_kyiv_puppet_theater_img_20220127_165811.png,imc2023_theather_imc2024_church,outliers,kyiv_puppet_theater_img_20220127_165811.png,nan;nan;nan;nan;nan;nan;nan;nan;nan,nan;nan;nan
imc2023_theather_imc2024_church_kyiv_puppet_theater_img_20220127_165815.png,imc2023_theather_imc2024_church,outliers,kyiv_puppet_theater_img_20220127_165815.png,nan;nan;nan;nan;nan;nan;nan;nan;nan,nan;nan;nan
imc2023_theather_imc2024_church_kyiv_puppet_theater_img_20220127_165822.png,imc2023_theather_imc2024_church,outliers,kyiv_puppet_theater_img_20220127_165822.png,nan;nan;nan;nan;nan;nan;nan;nan;nan,nan;nan;nan
imc2023_theather_imc2024_church_kyiv_puppet_theater_img_20220127_165845.png,imc2023_theather_imc2024_church,outliers,kyiv_puppet_theater_img_20220127_165845.png,nan;nan;nan;nan;nan;nan;nan;nan;nan,nan;nan;nan
imc2023_theather_imc2024_church_kyiv_puppet_theater_img_20220127_165920.png,imc2023_theather_imc2024_church,outliers,kyiv_puppet_theater_img_20220127_165920.png,nan;nan;nan;nan;nan;nan;nan;nan;nan,nan;nan;nan
imc2023_theather_imc2024_church_kyiv_puppet_theater_img_20220127_165957.png,imc2023_theather_imc2024_church,outliers,kyiv_puppet_theater_img_20220127_165957.png,nan;nan;nan;nan;nan;nan;nan;nan;nan,nan;nan;nan
imc2023_theather_imc2024_church_kyiv_puppet_theater_img_20220127_170001.png,imc2023_theather_imc2024_church,outliers,kyiv_puppet_theater_img_20220127_170001.png,nan;nan;nan;nan;nan;nan;nan;nan;nan,nan;nan;nan
imc2023_theather_imc2024_church_kyiv_puppet_theater_img_20220127_170022.png,imc2023_theather_imc2024_church,outliers,kyiv_puppet_theater_img_20220127_170022.png,nan;nan;nan;nan;nan;nan;nan;nan;nan,nan;nan;nan
imc2024_dioscuri_baalshamin_baalshamin_img_2163.png,imc2024_dioscuri_baalshamin,outliers,baalshamin_img_2163.png,nan;nan;nan;nan;nan;nan;nan;nan;nan,nan;nan;nan
imc2024_dioscuri_baalshamin_baalshamin_8100208.png,imc2024_dioscuri_baalshamin,outliers,baalshamin_8100208.png,nan;nan;nan;nan;nan;nan;nan;nan;nan,nan;nan;nan
imc2024_dioscuri_baalshamin_baalshamin_5821.png,imc2024_dioscuri_baalshamin,outliers,baalshamin_5821.png,nan;nan;nan;nan;nan;nan;nan;nan;nan,nan;nan;nan
imc2024_dioscuri_baalshamin_baalshamin_5748.png,imc2024_dioscuri_baalshamin,outliers,baalshamin_5748.png,nan;nan;nan;nan;nan;nan;nan;nan;nan,nan;nan;nan
imc2024_dioscuri_baalshamin_baalshamin_5747.png,imc2024_dioscuri_baalshamin,outliers,baalshamin_5747.png,nan;nan;nan;nan;nan;nan;nan;nan;nan,nan;nan;nan
imc2024_dioscuri_baalshamin_baalshamin_5741.png,imc2024_dioscuri_baalshamin,outliers,baalshamin_5741.png,nan;nan;nan;nan;nan;nan;nan;nan;nan,nan;nan;nan
imc2024_dioscuri_baalshamin_baalshamin_5740.png,imc2024_dioscuri_baalshamin,outliers,baalshamin_5740.png,nan;nan;nan;nan;nan;nan;nan;nan;nan,nan;nan;nan
imc2024_dioscuri_baalshamin_baalshamin_25.png,imc2024_dioscuri_baalshamin,outliers,baalshamin_25.png,nan;nan;nan;nan;nan;nan;nan;nan;nan,nan;nan;nan
imc2024_dioscuri_baalshamin_baalshamin_2316.png,imc2024_dioscuri_baalshamin,outliers,baalshamin_2316.png,nan;nan;nan;nan;nan;nan;nan;nan;nan,nan;nan;nan
imc2024_dioscuri_baalshamin_baalshamin_19875043841_a36e9ccb18_o.png,imc2024_dioscuri_baalshamin,outliers,baalshamin_19875043841_a36e9ccb18_o.png,nan;nan;nan;nan;nan;nan;nan;nan;nan,nan;nan;nan
imc2024_dioscuri_baalshamin_baalshamin_19770034361_ab8a99f3a9_o.png,imc2024_dioscuri_baalshamin,cluster17,baalshamin_19770034361_ab8a99f3a9_o.png,0.966446866;-0.224790348;-0.124297040;0.228610881;0.973366058;0.017192481;0.117121816;-0.045031275;0.992096096,1.485820522;-0.119496688;-0.679454836
imc2024_dioscuri_baalshamin_baalshamin_19770021361_0a7ef660e2_o.png,imc2024_dioscuri_baalshamin,outliers,baalshamin_19770021361_0a7ef660e2_o.png,nan;nan;nan;nan;nan;nan;nan;nan;nan,nan;nan;nan
imc2024_dioscuri_baalshamin_baalshamin_19765295615_6a8758cc07_o.png,imc2024_dioscuri_baalshamin,cluster19,baalshamin_19765295615_6a8758cc07_o.png,0.990630636;0.113334244;0.076199031;-0.135743975;0.755915761;0.640441204;0.014983871;-0.644784236;0.764217752,-0.054171465;2.125313760;7.190035906
imc2024_dioscuri_baalshamin_baalshamin_19758057422_3b2d8bf005_o.png,imc2024_dioscuri_baalshamin,outliers,baalshamin_19758057422_3b2d8bf005_o.png,nan;nan;nan;nan;nan;nan;nan;nan;nan,nan;nan;nan
imc2024_dioscuri_baalshamin_baalshamin_19758050972_3e8ee37d98_o.png,imc2024_dioscuri_baalshamin,cluster19,baalshamin_19758050972_3e8ee37d98_o.png,0.991043081;0.110497993;0.074992036;-0.118903250;0.985766749;0.118852569;-0.060791685;-0.126704813;0.990075887,-0.002127873;0.716303413;-2.394523978
imc2024_dioscuri_baalshamin_baalshamin_85328479_89f3b31dfa_o.png,imc2024_dioscuri_baalshamin,outliers,baalshamin_85328479_89f3b31dfa_o.png,nan;nan;nan;nan;nan;nan;nan;nan;nan,nan;nan;nan
imc2024_dioscuri_baalshamin_baalshamin_palmyra_baalshamin.png,imc2024_dioscuri_baalshamin,outliers,baalshamin_palmyra_baalshamin.png,nan;nan;nan;nan;nan;nan;nan;nan;nan,nan;nan;nan
imc2024_dioscuri_baalshamin_baalshamin_182z.png,imc2024_dioscuri_baalshamin,outliers,baalshamin_182z.png,nan;nan;nan;nan;nan;nan;nan;nan;nan,nan;nan;nan
imc2024_dioscuri_baalshamin_baalshamin_19144401003_5d0dee05f5_o.png,imc2024_dioscuri_baalshamin,outliers,baalshamin_19144401003_5d0dee05f5_o.png,nan;nan;nan;nan;nan;nan;nan;nan;nan,nan;nan;nan
imc2024_dioscuri_baalshamin_baalshamin_194d.png,imc2024_dioscuri_baalshamin,outliers,baalshamin_194d.png,nan;nan;nan;nan;nan;nan;nan;nan;nan,nan;nan;nan
imc2024_dioscuri_baalshamin_baalshamin_19577278428_e8044e854b_o.png,imc2024_dioscuri_baalshamin,outliers,baalshamin_19577278428_e8044e854b_o.png,nan;nan;nan;nan;nan;nan;nan;nan;nan,nan;nan;nan
imc2024_dioscuri_baalshamin_baalshamin_19577300988_4e4ff423a7_o.png,imc2024_dioscuri_baalshamin,cluster17,baalshamin_19577300988_4e4ff423a7_o.png,0.876708650;-0.200461848;0.437260780;0.227335550;0.973771275;-0.009383539;-0.423910946;0.107631550;0.899285805,-5.594493966;0.221294627;0.908373485
imc2024_dioscuri_baalshamin_baalshamin_19577310688_5d2e78386b_o.png,imc2024_dioscuri_baalshamin,cluster17,baalshamin_19577310688_5d2e78386b_o.png,0.960759684;-0.223374232;-0.164452979;0.229244177;0.973213827;0.017376829;0.156166378;-0.054394845;0.986231851,1.730777537;-0.120905907;0.299143296
imc2024_dioscuri_baalshamin_baalshamin_19577313278_bf436a42f4_o.png,imc2024_dioscuri_baalshamin,cluster17,baalshamin_19577313278_bf436a42f4_o.png,0.958306785;-0.226013302;-0.174831612;0.232379297;0.972484150;0.016566243;0.166276780;-0.056502790;0.984458972,3.042496563;-0.119487466;3.296125788
imc2024_dioscuri_baalshamin_baalshamin_19578696189_92b41b9b79_o.png,imc2024_dioscuri_baalshamin,cluster19,baalshamin_19578696189_92b41b9b79_o.png,0.991222543;0.109262758;0.074427958;-0.117603702;0.985920937;0.118866625;-0.060392387;-0.126576282;0.990116763,0.021083701;0.718310145;-2.395163445
imc2024_dioscuri_baalshamin_baalshamin_19739127926_d1f03f70ed_o.png,imc2024_dioscuri_baalshamin,cluster19,baalshamin_19739127926_d1f03f70ed_o.png,0.991330080;0.108513273;0.074091450;-0.116829928;0.985984179;0.119104857;-0.060128539;-0.126728326;0.990113372,0.035095796;0.715630354;-2.392932466
imc2024_dioscuri_baalshamin_baalshamin_19739156806_e4f69d8792_o.png,imc2024_dioscuri_baalshamin,cluster17,baalshamin_19739156806_e4f69d8792_o.png,0.968307841;-0.230207226;0.096873927;0.232022684;0.972679437;-0.007758012;-0.092441327;0.029989093;0.995266424,-1.305196018;0.203690312;-0.099475943
imc2024_dioscuri_baalshamin_baalshamin_cimg2278.png,imc2024_dioscuri_baalshamin,outliers,baalshamin_cimg2278.png,nan;nan;nan;nan;nan;nan;nan;nan;nan,nan;nan;nan
imc2024_dioscuri_baalshamin_baalshamin_cimg2282.png,imc2024_dioscuri_baalshamin,outliers,baalshamin_cimg2282.png,nan;nan;nan;nan;nan;nan;nan;nan;nan,nan;nan;nan
imc2024_dioscuri_baalshamin_baalshamin_dsc01926.png,imc2024_dioscuri_baalshamin,outliers,baalshamin_dsc01926.png,nan;nan;nan;nan;nan;nan;nan;nan;nan,nan;nan;nan
imc2024_dioscuri_baalshamin_baalshamin_dscf4498.png,imc2024_dioscuri_baalshamin,outliers,baalshamin_dscf4498.png,nan;nan;nan;nan;nan;nan;nan;nan;nan,nan;nan;nan
imc2024_dioscuri_baalshamin_baalshamin_dscf4501.png,imc2024_dioscuri_baalshamin,outliers,baalshamin_dscf4501.png,nan;nan;nan;nan;nan;nan;nan;nan;nan,nan;nan;nan
imc2024_dioscuri_baalshamin_baalshamin_dscf4642.png,imc2024_dioscuri_baalshamin,outliers,baalshamin_dscf4642.png,nan;nan;nan;nan;nan;nan;nan;nan;nan,nan;nan;nan
imc2024_dioscuri_baalshamin_baalshamin_dscf4644.png,imc2024_dioscuri_baalshamin,outliers,baalshamin_dscf4644.png,nan;nan;nan;nan;nan;nan;nan;nan;nan,nan;nan;nan
imc2024_dioscuri_baalshamin_baalshamin_dscn2009.png,imc2024_dioscuri_baalshamin,outliers,baalshamin_dscn2009.png,nan;nan;nan;nan;nan;nan;nan;nan;nan,nan;nan;nan
imc2024_dioscuri_baalshamin_baalshamin_dscn2022.png,imc2024_dioscuri_baalshamin,outliers,baalshamin_dscn2022.png,nan;nan;nan;nan;nan;nan;nan;nan;nan,nan;nan;nan
imc2024_dioscuri_baalshamin_baalshamin_dscn2027.png,imc2024_dioscuri_baalshamin,outliers,baalshamin_dscn2027.png,nan;nan;nan;nan;nan;nan;nan;nan;nan,nan;nan;nan
imc2024_dioscuri_baalshamin_baalshamin_dscn2032.png,imc2024_dioscuri_baalshamin,outliers,baalshamin_dscn2032.png,nan;nan;nan;nan;nan;nan;nan;nan;nan,nan;nan;nan
imc2024_dioscuri_baalshamin_baalshamin_dscn2034.png,imc2024_dioscuri_baalshamin,outliers,baalshamin_dscn2034.png,nan;nan;nan;nan;nan;nan;nan;nan;nan,nan;nan;nan
imc2024_dioscuri_baalshamin_baalshamin_dscn2063.png,imc2024_dioscuri_baalshamin,cluster13,baalshamin_dscn2063.png,0.984424274;0.095886193;-0.147359040;-0.117401758;0.982437912;-0.145026120;0.130865105;0.160067443;0.978392936,0.054086276;0.054908098;3.354111426
imc2024_dioscuri_baalshamin_baalshamin_dscn2064.png,imc2024_dioscuri_baalshamin,cluster13,baalshamin_dscn2064.png,0.981807977;0.091326623;-0.166470851;-0.118584894;0.979648116;-0.161948114;0.148292681;0.178742879;0.972656293,-0.106786762;-0.288448193;-6.568382191
imc2024_dioscuri_baalshamin_baalshamin_dscn2065.png,imc2024_dioscuri_baalshamin,cluster13,baalshamin_dscn2065.png,0.983091256;0.100221750;-0.153255287;-0.124555215;0.979478399;-0.158455242;0.134229582;0.174864708;0.975399791,0.167982628;0.298238219;3.210564216
imc2024_dioscuri_baalshamin_baalshamin_dscn2066.png,imc2024_dioscuri_baalshamin,outliers,baalshamin_dscn2066.png,nan;nan;nan;nan;nan;nan;nan;nan;nan,nan;nan;nan
imc2024_dioscuri_baalshamin_baalshamin_hpim3190.png,imc2024_dioscuri_baalshamin,outliers,baalshamin_hpim3190.png,nan;nan;nan;nan;nan;nan;nan;nan;nan,nan;nan;nan
imc2024_dioscuri_baalshamin_baalshamin_img_1145.png,imc2024_dioscuri_baalshamin,outliers,baalshamin_img_1145.png,nan;nan;nan;nan;nan;nan;nan;nan;nan,nan;nan;nan
imc2024_dioscuri_baalshamin_baalshamin_image29.png,imc2024_dioscuri_baalshamin,outliers,baalshamin_image29.png,nan;nan;nan;nan;nan;nan;nan;nan;nan,nan;nan;nan
imc2024_dioscuri_baalshamin_baalshamin_image6.png,imc2024_dioscuri_baalshamin,outliers,baalshamin_image6.png,nan;nan;nan;nan;nan;nan;nan;nan;nan,nan;nan;nan
imc2024_dioscuri_baalshamin_baalshamin_pict0818.png,imc2024_dioscuri_baalshamin,outliers,baalshamin_pict0818.png,nan;nan;nan;nan;nan;nan;nan;nan;nan,nan;nan;nan
imc2024_dioscuri_baalshamin_baalshamin_palmyr29.png,imc2024_dioscuri_baalshamin,outliers,baalshamin_palmyr29.png,nan;nan;nan;nan;nan;nan;nan;nan;nan,nan;nan;nan
imc2024_dioscuri_baalshamin_outliers_39500842_567338329.png,imc2024_dioscuri_baalshamin,outliers,outliers_39500842_567338329.png,nan;nan;nan;nan;nan;nan;nan;nan;nan,nan;nan;nan
imc2024_dioscuri_baalshamin_outliers_04356156_8480804407.png,imc2024_dioscuri_baalshamin,outliers,outliers_04356156_8480804407.png,nan;nan;nan;nan;nan;nan;nan;nan;nan,nan;nan;nan
imc2024_dioscuri_baalshamin_outliers_08766078_2117237656.png,imc2024_dioscuri_baalshamin,outliers,outliers_08766078_2117237656.png,nan;nan;nan;nan;nan;nan;nan;nan;nan,nan;nan;nan
imc2024_dioscuri_baalshamin_outliers_15001797_2073024252.png,imc2024_dioscuri_baalshamin,outliers,outliers_15001797_2073024252.png,nan;nan;nan;nan;nan;nan;nan;nan;nan,nan;nan;nan
imc2024_dioscuri_baalshamin_outliers_15108470_13126668493.png,imc2024_dioscuri_baalshamin,outliers,outliers_15108470_13126668493.png,nan;nan;nan;nan;nan;nan;nan;nan;nan,nan;nan;nan
imc2024_dioscuri_baalshamin_outliers_16939073_1562031964.png,imc2024_dioscuri_baalshamin,cluster16,outliers_16939073_1562031964.png,0.824418712;-0.427619563;-0.370776612;0.276840921;0.876060148;-0.394813529;0.493652602;0.222845522;0.840622972,0.473245649;4.894291964;-1.613051251
imc2024_dioscuri_baalshamin_outliers_17617215_8679921663.png,imc2024_dioscuri_baalshamin,outliers,outliers_17617215_8679921663.png,nan;nan;nan;nan;nan;nan;nan;nan;nan,nan;nan;nan
imc2024_dioscuri_baalshamin_outliers_21013750_3810761207.png,imc2024_dioscuri_baalshamin,cluster16,outliers_21013750_3810761207.png,0.942146451;-0.296913771;0.155570811;0.280282688;0.952360487;0.120212802;-0.183852329;-0.069654260;0.980482843,-2.008711691;-1.730244769;3.202377491
imc2024_dioscuri_baalshamin_outliers_22219055_9555156398.png,imc2024_dioscuri_baalshamin,outliers,outliers_22219055_9555156398.png,nan;nan;nan;nan;nan;nan;nan;nan;nan,nan;nan;nan
imc2024_dioscuri_baalshamin_outliers_22516075_5997990597.png,imc2024_dioscuri_baalshamin,outliers,outliers_22516075_5997990597.png,nan;nan;nan;nan;nan;nan;nan;nan;nan,nan;nan;nan
imc2024_dioscuri_baalshamin_outliers_23943395_7008829683.png,imc2024_dioscuri_baalshamin,cluster16,outliers_23943395_7008829683.png,0.949759798;-0.256630923;-0.179156065;0.281239968;0.950963260;0.128736006;0.137333196;-0.172654129;0.975361546,2.393889901;-1.655111894;1.523885912
imc2024_dioscuri_baalshamin_outliers_25155127_2232385924.png,imc2024_dioscuri_baalshamin,outliers,outliers_25155127_2232385924.png,nan;nan;nan;nan;nan;nan;nan;nan;nan,nan;nan;nan
imc2024_dioscuri_baalshamin_outliers_25182601_5963423001.png,imc2024_dioscuri_baalshamin,outliers,outliers_25182601_5963423001.png,nan;nan;nan;nan;nan;nan;nan;nan;nan,nan;nan;nan
imc2024_dioscuri_baalshamin_outliers_25259690_2957362243.png,imc2024_dioscuri_baalshamin,outliers,outliers_25259690_2957362243.png,nan;nan;nan;nan;nan;nan;nan;nan;nan,nan;nan;nan
imc2024_dioscuri_baalshamin_outliers_25404198_10162152833.png,imc2024_dioscuri_baalshamin,outliers,outliers_25404198_10162152833.png,nan;nan;nan;nan;nan;nan;nan;nan;nan,nan;nan;nan
imc2024_dioscuri_baalshamin_outliers_27039750_8082864097.png,imc2024_dioscuri_baalshamin,outliers,outliers_27039750_8082864097.png,nan;nan;nan;nan;nan;nan;nan;nan;nan,nan;nan;nan
imc2024_dioscuri_baalshamin_outliers_29622692_8024707719.png,imc2024_dioscuri_baalshamin,outliers,outliers_29622692_8024707719.png,nan;nan;nan;nan;nan;nan;nan;nan;nan,nan;nan;nan
imc2024_dioscuri_baalshamin_outliers_29709706_5736365308.png,imc2024_dioscuri_baalshamin,outliers,outliers_29709706_5736365308.png,nan;nan;nan;nan;nan;nan;nan;nan;nan,nan;nan;nan
imc2024_dioscuri_baalshamin_outliers_30202749_4422920822.png,imc2024_dioscuri_baalshamin,outliers,outliers_30202749_4422920822.png,nan;nan;nan;nan;nan;nan;nan;nan;nan,nan;nan;nan
imc2024_dioscuri_baalshamin_outliers_32208117_4023556230.png,imc2024_dioscuri_baalshamin,outliers,outliers_32208117_4023556230.png,nan;nan;nan;nan;nan;nan;nan;nan;nan,nan;nan;nan
imc2024_dioscuri_baalshamin_outliers_32577037_2556031968.png,imc2024_dioscuri_baalshamin,outliers,outliers_32577037_2556031968.png,nan;nan;nan;nan;nan;nan;nan;nan;nan,nan;nan;nan
imc2024_dioscuri_baalshamin_outliers_36840190_2262283891.png,imc2024_dioscuri_baalshamin,outliers,outliers_36840190_2262283891.png,nan;nan;nan;nan;nan;nan;nan;nan;nan,nan;nan;nan
imc2024_dioscuri_baalshamin_outliers_37941822_4613817560.png,imc2024_dioscuri_baalshamin,outliers,outliers_37941822_4613817560.png,nan;nan;nan;nan;nan;nan;nan;nan;nan,nan;nan;nan
imc2024_dioscuri_baalshamin_outliers_46207490_2755733467.png,imc2024_dioscuri_baalshamin,outliers,outliers_46207490_2755733467.png,nan;nan;nan;nan;nan;nan;nan;nan;nan,nan;nan;nan
imc2024_dioscuri_baalshamin_dioscuri_dioscuria_185.png,imc2024_dioscuri_baalshamin,outliers,dioscuri_dioscuria_185.png,nan;nan;nan;nan;nan;nan;nan;nan;nan,nan;nan;nan
imc2024_dioscuri_baalshamin_dioscuri_3dom_fbk_img_1512.png,imc2024_dioscuri_baalshamin,outliers,dioscuri_3dom_fbk_img_1512.png,nan;nan;nan;nan;nan;nan;nan;nan;nan,nan;nan;nan
imc2024_dioscuri_baalshamin_dioscuri_archive_0026.png,imc2024_dioscuri_baalshamin,outliers,dioscuri_archive_0026.png,nan;nan;nan;nan;nan;nan;nan;nan;nan,nan;nan;nan
imc2024_dioscuri_baalshamin_dioscuri_img_0281.png,imc2024_dioscuri_baalshamin,outliers,dioscuri_img_0281.png,nan;nan;nan;nan;nan;nan;nan;nan;nan,nan;nan;nan
imc2024_dioscuri_baalshamin_dioscuri_dioscuria_161.png,imc2024_dioscuri_baalshamin,cluster14,dioscuri_dioscuria_161.png,0.996699820;0.080988897;0.005501623;-0.080888046;0.985187121;0.151206682;0.006825934;-0.151152688;0.988486860,0.644856266;-4.094017593;-1.661304151
imc2024_dioscuri_baalshamin_dioscuri_templic_23.png,imc2024_dioscuri_baalshamin,outliers,dioscuri_templic_23.png,nan;nan;nan;nan;nan;nan;nan;nan;nan,nan;nan;nan
imc2024_dioscuri_baalshamin_dioscuri_templic_30.png,imc2024_dioscuri_baalshamin,outliers,dioscuri_templic_30.png,nan;nan;nan;nan;nan;nan;nan;nan;nan,nan;nan;nan
imc2024_dioscuri_baalshamin_dioscuri_3dom_fbk_img_1562.png,imc2024_dioscuri_baalshamin,outliers,dioscuri_3dom_fbk_img_1562.png,nan;nan;nan;nan;nan;nan;nan;nan;nan,nan;nan;nan
imc2024_dioscuri_baalshamin_dioscuri_img_0409.png,imc2024_dioscuri_baalshamin,outliers,dioscuri_img_0409.png,nan;nan;nan;nan;nan;nan;nan;nan;nan,nan;nan;nan
imc2024_dioscuri_baalshamin_dioscuri_3dom_fbk_img_1542.png,imc2024_dioscuri_baalshamin,outliers,dioscuri_3dom_fbk_img_1542.png,nan;nan;nan;nan;nan;nan;nan;nan;nan,nan;nan;nan
imc2024_dioscuri_baalshamin_dioscuri_archive_0004.png,imc2024_dioscuri_baalshamin,outliers,dioscuri_archive_0004.png,nan;nan;nan;nan;nan;nan;nan;nan;nan,nan;nan;nan
imc2024_dioscuri_baalshamin_dioscuri_archive_0132.png,imc2024_dioscuri_baalshamin,outliers,dioscuri_archive_0132.png,nan;nan;nan;nan;nan;nan;nan;nan;nan,nan;nan;nan
imc2024_dioscuri_baalshamin_dioscuri_archive_0005.png,imc2024_dioscuri_baalshamin,outliers,dioscuri_archive_0005.png,nan;nan;nan;nan;nan;nan;nan;nan;nan,nan;nan;nan
imc2024_dioscuri_baalshamin_dioscuri_img_0060.png,imc2024_dioscuri_baalshamin,outliers,dioscuri_img_0060.png,nan;nan;nan;nan;nan;nan;nan;nan;nan,nan;nan;nan
imc2024_dioscuri_baalshamin_dioscuri_img_0119.png,imc2024_dioscuri_baalshamin,cluster15,dioscuri_img_0119.png,0.613588253;-0.007862382;-0.789587005;-0.707501831;0.438566072;-0.554166905;0.350643144;0.898664555;0.263536340,2.672583415;2.714604882;4.452585320
imc2024_dioscuri_baalshamin_dioscuri_3dom_fbk_img_1571.png,imc2024_dioscuri_baalshamin,outliers,dioscuri_3dom_fbk_img_1571.png,nan;nan;nan;nan;nan;nan;nan;nan;nan,nan;nan;nan
imc2024_dioscuri_baalshamin_dioscuri_archive_0057.png,imc2024_dioscuri_baalshamin,outliers,dioscuri_archive_0057.png,nan;nan;nan;nan;nan;nan;nan;nan;nan,nan;nan;nan
imc2024_dioscuri_baalshamin_dioscuri_img_0391.png,imc2024_dioscuri_baalshamin,outliers,dioscuri_img_0391.png,nan;nan;nan;nan;nan;nan;nan;nan;nan,nan;nan;nan
imc2024_dioscuri_baalshamin_dioscuri_img_0362.png,imc2024_dioscuri_baalshamin,outliers,dioscuri_img_0362.png,nan;nan;nan;nan;nan;nan;nan;nan;nan,nan;nan;nan
imc2024_dioscuri_baalshamin_dioscuri_dioscuria_147.png,imc2024_dioscuri_baalshamin,cluster14,dioscuri_dioscuria_147.png,0.996850675;0.016133729;0.077642994;0.034449004;0.793779167;-0.607229693;-0.071428271;0.607992053;0.790723508,-0.217184379;2.760111383;4.844778425
imc2024_dioscuri_baalshamin_dioscuri_img_0244.png,imc2024_dioscuri_baalshamin,outliers,dioscuri_img_0244.png,nan;nan;nan;nan;nan;nan;nan;nan;nan,nan;nan;nan
imc2024_dioscuri_baalshamin_dioscuri_archive_0230.png,imc2024_dioscuri_baalshamin,outliers,dioscuri_archive_0230.png,nan;nan;nan;nan;nan;nan;nan;nan;nan,nan;nan;nan
imc2024_dioscuri_baalshamin_dioscuri_img_0219.png,imc2024_dioscuri_baalshamin,outliers,dioscuri_img_0219.png,nan;nan;nan;nan;nan;nan;nan;nan;nan,nan;nan;nan
imc2024_dioscuri_baalshamin_dioscuri_img_0107.png,imc2024_dioscuri_baalshamin,outliers,dioscuri_img_0107.png,nan;nan;nan;nan;nan;nan;nan;nan;nan,nan;nan;nan
imc2024_dioscuri_baalshamin_dioscuri_3dom_fbk_img_1522.png,imc2024_dioscuri_baalshamin,outliers,dioscuri_3dom_fbk_img_1522.png,nan;nan;nan;nan;nan;nan;nan;nan;nan,nan;nan;nan
imc2024_dioscuri_baalshamin_dioscuri_3dom_fbk_img_1582.png,imc2024_dioscuri_baalshamin,outliers,dioscuri_3dom_fbk_img_1582.png,nan;nan;nan;nan;nan;nan;nan;nan;nan,nan;nan;nan
imc2024_dioscuri_baalshamin_dioscuri_img_0272.png,imc2024_dioscuri_baalshamin,outliers,dioscuri_img_0272.png,nan;nan;nan;nan;nan;nan;nan;nan;nan,nan;nan;nan
imc2024_dioscuri_baalshamin_dioscuri_img_0311.png,imc2024_dioscuri_baalshamin,outliers,dioscuri_img_0311.png,nan;nan;nan;nan;nan;nan;nan;nan;nan,nan;nan;nan
imc2024_dioscuri_baalshamin_dioscuri_img_0075.png,imc2024_dioscuri_baalshamin,outliers,dioscuri_img_0075.png,nan;nan;nan;nan;nan;nan;nan;nan;nan,nan;nan;nan
imc2024_dioscuri_baalshamin_dioscuri_3dom_fbk_img_1549.png,imc2024_dioscuri_baalshamin,outliers,dioscuri_3dom_fbk_img_1549.png,nan;nan;nan;nan;nan;nan;nan;nan;nan,nan;nan;nan
imc2024_dioscuri_baalshamin_dioscuri_img_0461.png,imc2024_dioscuri_baalshamin,cluster15,dioscuri_img_0461.png,-0.514411355;0.812416806;0.274517561;-0.857378728;-0.480971404;-0.183216335;-0.016812933;-0.329614081;0.943966039,-0.669856803;1.465707938;4.109926955
imc2024_dioscuri_baalshamin_dioscuri_img_0207.png,imc2024_dioscuri_baalshamin,outliers,dioscuri_img_0207.png,nan;nan;nan;nan;nan;nan;nan;nan;nan,nan;nan;nan
imc2024_dioscuri_baalshamin_dioscuri_dioscuria_261.png,imc2024_dioscuri_baalshamin,outliers,dioscuri_dioscuria_261.png,nan;nan;nan;nan;nan;nan;nan;nan;nan,nan;nan;nan
imc2024_dioscuri_baalshamin_dioscuri_archive_0015.png,imc2024_dioscuri_baalshamin,outliers,dioscuri_archive_0015.png,nan;nan;nan;nan;nan;nan;nan;nan;nan,nan;nan;nan
imc2024_dioscuri_baalshamin_dioscuri_img_0336.png,imc2024_dioscuri_baalshamin,outliers,dioscuri_img_0336.png,nan;nan;nan;nan;nan;nan;nan;nan;nan,nan;nan;nan
imc2024_dioscuri_baalshamin_dioscuri_img_0133.png,imc2024_dioscuri_baalshamin,outliers,dioscuri_img_0133.png,nan;nan;nan;nan;nan;nan;nan;nan;nan,nan;nan;nan
imc2024_dioscuri_baalshamin_dioscuri_dioscuria_154.png,imc2024_dioscuri_baalshamin,cluster14,dioscuri_dioscuria_154.png,0.995032818;-0.009313730;0.099110777;0.020131497;0.993869043;-0.108715445;-0.097490587;0.110170683;0.989119814,-0.467686601;-1.417340839;0.012073935
imc2024_dioscuri_baalshamin_dioscuri_img_0168.png,imc2024_dioscuri_baalshamin,outliers,dioscuri_img_0168.png,nan;nan;nan;nan;nan;nan;nan;nan;nan,nan;nan;nan
imc2024_dioscuri_baalshamin_dioscuri_archive_0013.png,imc2024_dioscuri_baalshamin,outliers,dioscuri_archive_0013.png,nan;nan;nan;nan;nan;nan;nan;nan;nan,nan;nan;nan
imc2024_dioscuri_baalshamin_dioscuri_img_0297.png,imc2024_dioscuri_baalshamin,outliers,dioscuri_img_0297.png,nan;nan;nan;nan;nan;nan;nan;nan;nan,nan;nan;nan
imc2024_dioscuri_baalshamin_dioscuri_archive_0054.png,imc2024_dioscuri_baalshamin,outliers,dioscuri_archive_0054.png,nan;nan;nan;nan;nan;nan;nan;nan;nan,nan;nan;nan
imc2024_dioscuri_baalshamin_dioscuri_img_0102.png,imc2024_dioscuri_baalshamin,cluster15,dioscuri_img_0102.png,0.905671546;0.416518505;0.079192084;-0.422065569;0.867985353;0.261652601;0.040245581;-0.270395567;0.961907756,-1.001799227;-0.588763702;0.222279059
imc2024_dioscuri_baalshamin_dioscuri_3dom_fbk_img_1517.png,imc2024_dioscuri_baalshamin,outliers,dioscuri_3dom_fbk_img_1517.png,nan;nan;nan;nan;nan;nan;nan;nan;nan,nan;nan;nan
imc2024_dioscuri_baalshamin_dioscuri_img_0105.png,imc2024_dioscuri_baalshamin,outliers,dioscuri_img_0105.png,nan;nan;nan;nan;nan;nan;nan;nan;nan,nan;nan;nan
imc2024_dioscuri_baalshamin_dioscuri_archive_0025.png,imc2024_dioscuri_baalshamin,outliers,dioscuri_archive_0025.png,nan;nan;nan;nan;nan;nan;nan;nan;nan,nan;nan;nan
imc2024_dioscuri_baalshamin_dioscuri_dioscuria_214.png,imc2024_dioscuri_baalshamin,outliers,dioscuri_dioscuria_214.png,nan;nan;nan;nan;nan;nan;nan;nan;nan,nan;nan;nan
imc2024_dioscuri_baalshamin_dioscuri_img_0152.png,imc2024_dioscuri_baalshamin,outliers,dioscuri_img_0152.png,nan;nan;nan;nan;nan;nan;nan;nan;nan,nan;nan;nan
imc2024_dioscuri_baalshamin_dioscuri_dioscuria_236.png,imc2024_dioscuri_baalshamin,outliers,dioscuri_dioscuria_236.png,nan;nan;nan;nan;nan;nan;nan;nan;nan,nan;nan;nan
imc2024_dioscuri_baalshamin_dioscuri_3dom_fbk_img_1564.png,imc2024_dioscuri_baalshamin,cluster18,dioscuri_3dom_fbk_img_1564.png,-0.943654398;-0.221232587;0.246114852;0.304626156;-0.871279048;0.384806089;0.129303067;0.438096980;0.889579537,-0.183912896;-4.288437564;2.171505222
imc2024_dioscuri_baalshamin_dioscuri_img_0324.png,imc2024_dioscuri_baalshamin,outliers,dioscuri_img_0324.png,nan;nan;nan;nan;nan;nan;nan;nan;nan,nan;nan;nan
imc2024_dioscuri_baalshamin_dioscuri_archive_0008.png,imc2024_dioscuri_baalshamin,outliers,dioscuri_archive_0008.png,nan;nan;nan;nan;nan;nan;nan;nan;nan,nan;nan;nan
imc2024_dioscuri_baalshamin_dioscuri_archive_0003.png,imc2024_dioscuri_baalshamin,outliers,dioscuri_archive_0003.png,nan;nan;nan;nan;nan;nan;nan;nan;nan,nan;nan;nan
imc2024_dioscuri_baalshamin_dioscuri_archive_0030.png,imc2024_dioscuri_baalshamin,outliers,dioscuri_archive_0030.png,nan;nan;nan;nan;nan;nan;nan;nan;nan,nan;nan;nan
imc2024_dioscuri_baalshamin_dioscuri_archive_0001.png,imc2024_dioscuri_baalshamin,outliers,dioscuri_archive_0001.png,nan;nan;nan;nan;nan;nan;nan;nan;nan,nan;nan;nan
imc2024_dioscuri_baalshamin_dioscuri_archive_0010.png,imc2024_dioscuri_baalshamin,outliers,dioscuri_archive_0010.png,nan;nan;nan;nan;nan;nan;nan;nan;nan,nan;nan;nan
imc2024_dioscuri_baalshamin_dioscuri_dioscuria_228.png,imc2024_dioscuri_baalshamin,outliers,dioscuri_dioscuria_228.png,nan;nan;nan;nan;nan;nan;nan;nan;nan,nan;nan;nan
imc2024_dioscuri_baalshamin_dioscuri_img_0353.png,imc2024_dioscuri_baalshamin,cluster18,dioscuri_img_0353.png,-0.022238929;-0.991239405;-0.130191671;0.975738102;0.006850983;-0.218833773;0.217808600;-0.131899602;0.967037698,4.731543488;2.013112043;0.479834319
imc2024_dioscuri_baalshamin_dioscuri_img_0099.png,imc2024_dioscuri_baalshamin,outliers,dioscuri_img_0099.png,nan;nan;nan;nan;nan;nan;nan;nan;nan,nan;nan;nan
imc2024_dioscuri_baalshamin_dioscuri_3dom_fbk_img_1573.png,imc2024_dioscuri_baalshamin,cluster15,dioscuri_3dom_fbk_img_1573.png,0.920881648;0.349098177;-0.173514997;-0.207160254;0.815254390;0.540781758;0.330244789;-0.462050585;0.823072072,-0.060636537;-1.882245176;0.049688946
imc2024_dioscuri_baalshamin_dioscuri_3dom_fbk_img_1565.png,imc2024_dioscuri_baalshamin,cluster18,dioscuri_3dom_fbk_img_1565.png,0.996819180;0.057768786;-0.054902553;-0.064275843;0.990037252;-0.125279109;0.047118350;0.128409526;0.990601259,-1.126901152;0.037845627;0.301990399
imc2024_dioscuri_baalshamin_dioscuri_3dom_fbk_img_1554.png,imc2024_dioscuri_baalshamin,outliers,dioscuri_3dom_fbk_img_1554.png,nan;nan;nan;nan;nan;nan;nan;nan;nan,nan;nan;nan
imc2024_dioscuri_baalshamin_dioscuri_img_0257.png,imc2024_dioscuri_baalshamin,outliers,dioscuri_img_0257.png,nan;nan;nan;nan;nan;nan;nan;nan;nan,nan;nan;nan
imc2024_dioscuri_baalshamin_dioscuri_3dom_fbk_img_1538.png,imc2024_dioscuri_baalshamin,outliers,dioscuri_3dom_fbk_img_1538.png,nan;nan;nan;nan;nan;nan;nan;nan;nan,nan;nan;nan
imc2024_dioscuri_baalshamin_dioscuri_img_0182.png,imc2024_dioscuri_baalshamin,outliers,dioscuri_img_0182.png,nan;nan;nan;nan;nan;nan;nan;nan;nan,nan;nan;nan
imc2024_dioscuri_baalshamin_dioscuri_img_0055.png,imc2024_dioscuri_baalshamin,outliers,dioscuri_img_0055.png,nan;nan;nan;nan;nan;nan;nan;nan;nan,nan;nan;nan
imc2024_lizard_pond_lizard_00459.png,imc2024_lizard_pond,outliers,lizard_00459.png,nan;nan;nan;nan;nan;nan;nan;nan;nan,nan;nan;nan
imc2024_lizard_pond_lizard_00107.png,imc2024_lizard_pond,outliers,lizard_00107.png,nan;nan;nan;nan;nan;nan;nan;nan;nan,nan;nan;nan
imc2024_lizard_pond_lizard_00527.png,imc2024_lizard_pond,outliers,lizard_00527.png,nan;nan;nan;nan;nan;nan;nan;nan;nan,nan;nan;nan
imc2024_lizard_pond_lizard_00618.png,imc2024_lizard_pond,outliers,lizard_00618.png,nan;nan;nan;nan;nan;nan;nan;nan;nan,nan;nan;nan
imc2024_lizard_pond_lizard_00074.png,imc2024_lizard_pond,outliers,lizard_00074.png,nan;nan;nan;nan;nan;nan;nan;nan;nan,nan;nan;nan
imc2024_lizard_pond_lizard_00567.png,imc2024_lizard_pond,outliers,lizard_00567.png,nan;nan;nan;nan;nan;nan;nan;nan;nan,nan;nan;nan
imc2024_lizard_pond_lizard_00173.png,imc2024_lizard_pond,cluster20,lizard_00173.png,0.822071625;-0.326031286;0.466799575;0.291416714;0.945236725;0.146982425;-0.489156971;0.015203117;0.872063256,-1.839776214;-0.186279314;0.797204899
imc2024_lizard_pond_lizard_00571.png,imc2024_lizard_pond,outliers,lizard_00571.png,nan;nan;nan;nan;nan;nan;nan;nan;nan,nan;nan;nan
imc2024_lizard_pond_lizard_00055.png,imc2024_lizard_pond,outliers,lizard_00055.png,nan;nan;nan;nan;nan;nan;nan;nan;nan,nan;nan;nan
imc2024_lizard_pond_lizard_00568.png,imc2024_lizard_pond,outliers,lizard_00568.png,nan;nan;nan;nan;nan;nan;nan;nan;nan,nan;nan;nan
imc2024_lizard_pond_lizard_00674.png,imc2024_lizard_pond,outliers,lizard_00674.png,nan;nan;nan;nan;nan;nan;nan;nan;nan,nan;nan;nan
imc2024_lizard_pond_lizard_00580.png,imc2024_lizard_pond,outliers,lizard_00580.png,nan;nan;nan;nan;nan;nan;nan;nan;nan,nan;nan;nan
imc2024_lizard_pond_lizard_00676.png,imc2024_lizard_pond,outliers,lizard_00676.png,nan;nan;nan;nan;nan;nan;nan;nan;nan,nan;nan;nan
imc2024_lizard_pond_lizard_00013.png,imc2024_lizard_pond,outliers,lizard_00013.png,nan;nan;nan;nan;nan;nan;nan;nan;nan,nan;nan;nan
imc2024_lizard_pond_lizard_00668.png,imc2024_lizard_pond,outliers,lizard_00668.png,nan;nan;nan;nan;nan;nan;nan;nan;nan,nan;nan;nan
imc2024_lizard_pond_lizard_00351.png,imc2024_lizard_pond,outliers,lizard_00351.png,nan;nan;nan;nan;nan;nan;nan;nan;nan,nan;nan;nan
imc2024_lizard_pond_lizard_00482.png,imc2024_lizard_pond,outliers,lizard_00482.png,nan;nan;nan;nan;nan;nan;nan;nan;nan,nan;nan;nan
imc2024_lizard_pond_lizard_00034.png,imc2024_lizard_pond,outliers,lizard_00034.png,nan;nan;nan;nan;nan;nan;nan;nan;nan,nan;nan;nan
imc2024_lizard_pond_lizard_00161.png,imc2024_lizard_pond,cluster20,lizard_00161.png,0.969830581;-0.140888737;0.198944736;0.126841648;0.988549791;0.081734368;-0.208182229;-0.054034012;0.976596378,4.214065137;-0.034152730;0.687048724
imc2024_lizard_pond_lizard_00014.png,imc2024_lizard_pond,outliers,lizard_00014.png,nan;nan;nan;nan;nan;nan;nan;nan;nan,nan;nan;nan
imc2024_lizard_pond_lizard_00350.png,imc2024_lizard_pond,outliers,lizard_00350.png,nan;nan;nan;nan;nan;nan;nan;nan;nan,nan;nan;nan
imc2024_lizard_pond_lizard_00308.png,imc2024_lizard_pond,outliers,lizard_00308.png,nan;nan;nan;nan;nan;nan;nan;nan;nan,nan;nan;nan
imc2024_lizard_pond_lizard_00415.png,imc2024_lizard_pond,outliers,lizard_00415.png,nan;nan;nan;nan;nan;nan;nan;nan;nan,nan;nan;nan
imc2024_lizard_pond_lizard_00160.png,imc2024_lizard_pond,cluster20,lizard_00160.png,0.981463158;-0.118738695;0.150436672;0.110936584;0.992058847;0.059264822;-0.156279059;-0.041477309;0.986841674,4.289273135;-0.097841725;0.828035113
imc2024_lizard_pond_lizard_00402.png,imc2024_lizard_pond,outliers,lizard_00402.png,nan;nan;nan;nan;nan;nan;nan;nan;nan,nan;nan;nan
imc2024_lizard_pond_lizard_00616.png,imc2024_lizard_pond,outliers,lizard_00616.png,nan;nan;nan;nan;nan;nan;nan;nan;nan,nan;nan;nan
imc2024_lizard_pond_lizard_00551.png,imc2024_lizard_pond,outliers,lizard_00551.png,nan;nan;nan;nan;nan;nan;nan;nan;nan,nan;nan;nan
imc2024_lizard_pond_lizard_00181.png,imc2024_lizard_pond,cluster20,lizard_00181.png,0.917055092;-0.191227193;0.349917304;0.277706026;0.936001631;-0.216287564;-0.286163103;0.295521756;0.911470005,-4.920044749;1.563996526;-1.280440670
imc2024_lizard_pond_lizard_00195.png,imc2024_lizard_pond,outliers,lizard_00195.png,nan;nan;nan;nan;nan;nan;nan;nan;nan,nan;nan;nan
imc2024_lizard_pond_lizard_00507.png,imc2024_lizard_pond,outliers,lizard_00507.png,nan;nan;nan;nan;nan;nan;nan;nan;nan,nan;nan;nan
imc2024_lizard_pond_lizard_00606.png,imc2024_lizard_pond,outliers,lizard_00606.png,nan;nan;nan;nan;nan;nan;nan;nan;nan,nan;nan;nan
imc2024_lizard_pond_lizard_00075.png,imc2024_lizard_pond,outliers,lizard_00075.png,nan;nan;nan;nan;nan;nan;nan;nan;nan,nan;nan;nan
imc2024_lizard_pond_lizard_00236.png,imc2024_lizard_pond,outliers,lizard_00236.png,nan;nan;nan;nan;nan;nan;nan;nan;nan,nan;nan;nan
imc2024_lizard_pond_lizard_00716.png,imc2024_lizard_pond,outliers,lizard_00716.png,nan;nan;nan;nan;nan;nan;nan;nan;nan,nan;nan;nan
imc2024_lizard_pond_lizard_00516.png,imc2024_lizard_pond,outliers,lizard_00516.png,nan;nan;nan;nan;nan;nan;nan;nan;nan,nan;nan;nan
imc2024_lizard_pond_lizard_00637.png,imc2024_lizard_pond,outliers,lizard_00637.png,nan;nan;nan;nan;nan;nan;nan;nan;nan,nan;nan;nan
imc2024_lizard_pond_lizard_00089.png,imc2024_lizard_pond,outliers,lizard_00089.png,nan;nan;nan;nan;nan;nan;nan;nan;nan,nan;nan;nan
imc2024_lizard_pond_lizard_00003.png,imc2024_lizard_pond,outliers,lizard_00003.png,nan;nan;nan;nan;nan;nan;nan;nan;nan,nan;nan;nan
imc2024_lizard_pond_lizard_00051.png,imc2024_lizard_pond,outliers,lizard_00051.png,nan;nan;nan;nan;nan;nan;nan;nan;nan,nan;nan;nan
imc2024_lizard_pond_lizard_00070.png,imc2024_lizard_pond,outliers,lizard_00070.png,nan;nan;nan;nan;nan;nan;nan;nan;nan,nan;nan;nan
imc2024_lizard_pond_lizard_00278.png,imc2024_lizard_pond,outliers,lizard_00278.png,nan;nan;nan;nan;nan;nan;nan;nan;nan,nan;nan;nan
imc2024_lizard_pond_lizard_00613.png,imc2024_lizard_pond,outliers,lizard_00613.png,nan;nan;nan;nan;nan;nan;nan;nan;nan,nan;nan;nan
imc2024_lizard_pond_lizard_00329.png,imc2024_lizard_pond,outliers,lizard_00329.png,nan;nan;nan;nan;nan;nan;nan;nan;nan,nan;nan;nan
imc2024_lizard_pond_lizard_00268.png,imc2024_lizard_pond,outliers,lizard_00268.png,nan;nan;nan;nan;nan;nan;nan;nan;nan,nan;nan;nan
imc2024_lizard_pond_lizard_00244.png,imc2024_lizard_pond,outliers,lizard_00244.png,nan;nan;nan;nan;nan;nan;nan;nan;nan,nan;nan;nan
imc2024_lizard_pond_lizard_00466.png,imc2024_lizard_pond,outliers,lizard_00466.png,nan;nan;nan;nan;nan;nan;nan;nan;nan,nan;nan;nan
imc2024_lizard_pond_lizard_00404.png,imc2024_lizard_pond,outliers,lizard_00404.png,nan;nan;nan;nan;nan;nan;nan;nan;nan,nan;nan;nan
imc2024_lizard_pond_lizard_00169.png,imc2024_lizard_pond,cluster20,lizard_00169.png,0.820512205;-0.312623741;0.478566733;0.308956557;0.946915852;0.088860648;-0.480942374;0.074945083;0.873543169,0.314117292;-0.141173773;1.068010509
imc2024_lizard_pond_lizard_00233.png,imc2024_lizard_pond,outliers,lizard_00233.png,nan;nan;nan;nan;nan;nan;nan;nan;nan,nan;nan;nan
imc2024_lizard_pond_lizard_00164.png,imc2024_lizard_pond,cluster20,lizard_00164.png,0.840940226;-0.319894645;0.436448110;0.258577645;0.946063745;0.195194756;-0.475349491;-0.051291398;0.878300663,2.633556238;0.348464577;0.508462212
imc2024_lizard_pond_lizard_00585.png,imc2024_lizard_pond,outliers,lizard_00585.png,nan;nan;nan;nan;nan;nan;nan;nan;nan,nan;nan;nan
imc2024_lizard_pond_lizard_00203.png,imc2024_lizard_pond,outliers,lizard_00203.png,nan;nan;nan;nan;nan;nan;nan;nan;nan,nan;nan;nan
imc2024_lizard_pond_lizard_00512.png,imc2024_lizard_pond,outliers,lizard_00512.png,nan;nan;nan;nan;nan;nan;nan;nan;nan,nan;nan;nan
imc2024_lizard_pond_lizard_00217.png,imc2024_lizard_pond,outliers,lizard_00217.png,nan;nan;nan;nan;nan;nan;nan;nan;nan,nan;nan;nan
imc2024_lizard_pond_lizard_00519.png,imc2024_lizard_pond,outliers,lizard_00519.png,nan;nan;nan;nan;nan;nan;nan;nan;nan,nan;nan;nan
imc2024_lizard_pond_lizard_00698.png,imc2024_lizard_pond,outliers,lizard_00698.png,nan;nan;nan;nan;nan;nan;nan;nan;nan,nan;nan;nan
imc2024_lizard_pond_lizard_00670.png,imc2024_lizard_pond,outliers,lizard_00670.png,nan;nan;nan;nan;nan;nan;nan;nan;nan,nan;nan;nan
imc2024_lizard_pond_lizard_00175.png,imc2024_lizard_pond,cluster20,lizard_00175.png,0.661737913;-0.374404473;0.649556946;0.347640272;0.920843895;0.176614731;-0.664265893;0.108939490;0.739515390,-2.055308413;-0.369344004;1.915564387
imc2024_lizard_pond_lizard_00165.png,imc2024_lizard_pond,cluster20,lizard_00165.png,0.832310473;-0.277000967;0.480135127;0.248795692;0.960717423;0.122974537;-0.495338248;0.017102556;0.868531820,2.270447012;0.176854628;0.665601334
imc2024_lizard_pond_lizard_00592.png,imc2024_lizard_pond,outliers,lizard_00592.png,nan;nan;nan;nan;nan;nan;nan;nan;nan,nan;nan;nan
imc2024_lizard_pond_lizard_00113.png,imc2024_lizard_pond,outliers,lizard_00113.png,nan;nan;nan;nan;nan;nan;nan;nan;nan,nan;nan;nan
imc2024_lizard_pond_lizard_00538.png,imc2024_lizard_pond,outliers,lizard_00538.png,nan;nan;nan;nan;nan;nan;nan;nan;nan,nan;nan;nan
imc2024_lizard_pond_lizard_00431.png,imc2024_lizard_pond,outliers,lizard_00431.png,nan;nan;nan;nan;nan;nan;nan;nan;nan,nan;nan;nan
imc2024_lizard_pond_lizard_00307.png,imc2024_lizard_pond,outliers,lizard_00307.png,nan;nan;nan;nan;nan;nan;nan;nan;nan,nan;nan;nan
imc2024_lizard_pond_lizard_00192.png,imc2024_lizard_pond,outliers,lizard_00192.png,nan;nan;nan;nan;nan;nan;nan;nan;nan,nan;nan;nan
imc2024_lizard_pond_lizard_00591.png,imc2024_lizard_pond,outliers,lizard_00591.png,nan;nan;nan;nan;nan;nan;nan;nan;nan,nan;nan;nan
imc2024_lizard_pond_lizard_00226.png,imc2024_lizard_pond,outliers,lizard_00226.png,nan;nan;nan;nan;nan;nan;nan;nan;nan,nan;nan;nan
imc2024_lizard_pond_lizard_00435.png,imc2024_lizard_pond,outliers,lizard_00435.png,nan;nan;nan;nan;nan;nan;nan;nan;nan,nan;nan;nan
imc2024_lizard_pond_lizard_00531.png,imc2024_lizard_pond,outliers,lizard_00531.png,nan;nan;nan;nan;nan;nan;nan;nan;nan,nan;nan;nan
imc2024_lizard_pond_lizard_00190.png,imc2024_lizard_pond,outliers,lizard_00190.png,nan;nan;nan;nan;nan;nan;nan;nan;nan,nan;nan;nan
imc2024_lizard_pond_lizard_00361.png,imc2024_lizard_pond,outliers,lizard_00361.png,nan;nan;nan;nan;nan;nan;nan;nan;nan,nan;nan;nan
imc2024_lizard_pond_lizard_00087.png,imc2024_lizard_pond,outliers,lizard_00087.png,nan;nan;nan;nan;nan;nan;nan;nan;nan,nan;nan;nan
imc2024_lizard_pond_lizard_00682.png,imc2024_lizard_pond,outliers,lizard_00682.png,nan;nan;nan;nan;nan;nan;nan;nan;nan,nan;nan;nan
imc2024_lizard_pond_lizard_00019.png,imc2024_lizard_pond,outliers,lizard_00019.png,nan;nan;nan;nan;nan;nan;nan;nan;nan,nan;nan;nan
imc2024_lizard_pond_lizard_00707.png,imc2024_lizard_pond,outliers,lizard_00707.png,nan;nan;nan;nan;nan;nan;nan;nan;nan,nan;nan;nan
imc2024_lizard_pond_lizard_00242.png,imc2024_lizard_pond,outliers,lizard_00242.png,nan;nan;nan;nan;nan;nan;nan;nan;nan,nan;nan;nan
imc2024_lizard_pond_lizard_00292.png,imc2024_lizard_pond,outliers,lizard_00292.png,nan;nan;nan;nan;nan;nan;nan;nan;nan,nan;nan;nan
imc2024_lizard_pond_lizard_00154.png,imc2024_lizard_pond,outliers,lizard_00154.png,nan;nan;nan;nan;nan;nan;nan;nan;nan,nan;nan;nan
imc2024_lizard_pond_lizard_00633.png,imc2024_lizard_pond,outliers,lizard_00633.png,nan;nan;nan;nan;nan;nan;nan;nan;nan,nan;nan;nan
imc2024_lizard_pond_lizard_00017.png,imc2024_lizard_pond,outliers,lizard_00017.png,nan;nan;nan;nan;nan;nan;nan;nan;nan,nan;nan;nan
imc2024_lizard_pond_lizard_00391.png,imc2024_lizard_pond,outliers,lizard_00391.png,nan;nan;nan;nan;nan;nan;nan;nan;nan,nan;nan;nan
imc2024_lizard_pond_lizard_00212.png,imc2024_lizard_pond,cluster20,lizard_00212.png,0.709174293;-0.392444583;0.585712448;0.285418307;0.919445543;0.270474183;-0.644676827;-0.024640283;0.764058011,-4.167616524;-2.523305582;-1.129137673
imc2024_lizard_pond_lizard_00492.png,imc2024_lizard_pond,outliers,lizard_00492.png,nan;nan;nan;nan;nan;nan;nan;nan;nan,nan;nan;nan
imc2024_lizard_pond_lizard_00549.png,imc2024_lizard_pond,outliers,lizard_00549.png,nan;nan;nan;nan;nan;nan;nan;nan;nan,nan;nan;nan
imc2024_lizard_pond_lizard_00720.png,imc2024_lizard_pond,outliers,lizard_00720.png,nan;nan;nan;nan;nan;nan;nan;nan;nan,nan;nan;nan
imc2024_lizard_pond_lizard_00544.png,imc2024_lizard_pond,outliers,lizard_00544.png,nan;nan;nan;nan;nan;nan;nan;nan;nan,nan;nan;nan
imc2024_lizard_pond_lizard_00140.png,imc2024_lizard_pond,outliers,lizard_00140.png,nan;nan;nan;nan;nan;nan;nan;nan;nan,nan;nan;nan
imc2024_lizard_pond_lizard_00318.png,imc2024_lizard_pond,outliers,lizard_00318.png,nan;nan;nan;nan;nan;nan;nan;nan;nan,nan;nan;nan
imc2024_lizard_pond_lizard_00066.png,imc2024_lizard_pond,outliers,lizard_00066.png,nan;nan;nan;nan;nan;nan;nan;nan;nan,nan;nan;nan
imc2024_lizard_pond_lizard_00086.png,imc2024_lizard_pond,outliers,lizard_00086.png,nan;nan;nan;nan;nan;nan;nan;nan;nan,nan;nan;nan
imc2024_lizard_pond_outliers_img_20230617_181536.png,imc2024_lizard_pond,cluster22,outliers_img_20230617_181536.png,0.942158109;0.158964327;-0.295073617;-0.238361961;0.936705072;-0.256451132;0.235630372;0.311951840;0.920415329,0.976762737;0.297593376;4.800712408
imc2024_lizard_pond_outliers_img_20230617_181545.png,imc2024_lizard_pond,cluster22,outliers_img_20230617_181545.png,0.999294480;-0.029412675;-0.023354605;0.033328245;0.981140240;0.190402355;0.017313900;-0.191046390;0.981428299,-0.685825890;-2.154853815;-0.041778125
imc2024_lizard_pond_outliers_img_20230617_181719.png,imc2024_lizard_pond,cluster22,outliers_img_20230617_181719.png,0.987833413;-0.084639263;-0.130465873;0.101896493;0.986019783;0.131841167;0.117482993;-0.143531124;0.982647731,0.494124565;-2.255722215;6.809314457
imc2024_lizard_pond_outliers_img_20230617_181721.png,imc2024_lizard_pond,cluster22,outliers_img_20230617_181721.png,0.972126427;0.209084908;-0.106083509;-0.231764312;0.925348322;-0.300026308;0.035433224;0.316249875;0.948013979,0.083329255;0.433823146;6.670164700
imc2024_lizard_pond_outliers_img_20230617_181724.png,imc2024_lizard_pond,cluster22,outliers_img_20230617_181724.png,0.906269782;0.130356591;-0.402097302;-0.333811751;0.804287884;-0.491620498;0.259316016;0.579765607;0.772416368,0.610399374;1.718458278;-2.220862506
imc2024_lizard_pond_outliers_img_20230617_181726.png,imc2024_lizard_pond,cluster22,outliers_img_20230617_181726.png,0.947576300;0.227714031;-0.224155025;-0.310983955;0.818389349;-0.483247197;0.073403917;0.527622208;0.846301761,0.131202597;1.724026395;-2.318540259
imc2024_lizard_pond_outliers_img_20230617_181728.png,imc2024_lizard_pond,cluster22,outliers_img_20230617_181728.png,0.958524673;0.284470075;-0.017527900;-0.266058481;0.871044846;-0.412908902;-0.102192640;0.400446817;0.910603652,-0.403723864;1.504338368;-2.362436981
imc2024_lizard_pond_outliers_img_20230617_181729.png,imc2024_lizard_pond,cluster22,outliers_img_20230617_181729.png,0.962093334;0.272225509;-0.016422199;-0.257984867;0.888932662;-0.378473949;-0.088432034;0.368363942;0.925466251,-0.420719229;1.500311261;-2.442523369
imc2024_lizard_pond_outliers_img_20230617_181747.png,imc2024_lizard_pond,outliers,outliers_img_20230617_181747.png,nan;nan;nan;nan;nan;nan;nan;nan;nan,nan;nan;nan
imc2024_lizard_pond_outliers_img_20230617_181748.png,imc2024_lizard_pond,cluster24,outliers_img_20230617_181748.png,0.994188573;0.106749006;-0.013918704;-0.106160886;0.950734207;-0.291263340;-0.017859084;0.291048306;0.956541654,0.470524787;-3.766143761;0.343813215
imc2024_lizard_pond_outliers_img_20230617_181749.png,imc2024_lizard_pond,cluster24,outliers_img_20230617_181749.png,0.995255683;0.075154712;-0.061789115;-0.084280530;0.983252109;-0.161592334;0.048609852;0.166033309;0.984921328,1.096344867;-1.938734069;0.797397580
imc2024_lizard_pond_outliers_img_20230617_181752.png,imc2024_lizard_pond,cluster24,outliers_img_20230617_181752.png,0.976369253;0.210763662;-0.047767767;-0.212863988;0.899761401;-0.380944017;-0.037309563;0.382110063;0.923363361,-0.907325865;6.000435185;-0.224927152
imc2024_lizard_pond_outliers_img_20230617_181850.png,imc2024_lizard_pond,outliers,outliers_img_20230617_181850.png,nan;nan;nan;nan;nan;nan;nan;nan;nan,nan;nan;nan
imc2024_lizard_pond_outliers_img_20230617_181852.png,imc2024_lizard_pond,outliers,outliers_img_20230617_181852.png,nan;nan;nan;nan;nan;nan;nan;nan;nan,nan;nan;nan
imc2024_lizard_pond_outliers_img_20230617_181853.png,imc2024_lizard_pond,outliers,outliers_img_20230617_181853.png,nan;nan;nan;nan;nan;nan;nan;nan;nan,nan;nan;nan
imc2024_lizard_pond_outliers_img_20230617_181854.png,imc2024_lizard_pond,outliers,outliers_img_20230617_181854.png,nan;nan;nan;nan;nan;nan;nan;nan;nan,nan;nan;nan
imc2024_lizard_pond_outliers_img_20230617_181855.png,imc2024_lizard_pond,outliers,outliers_img_20230617_181855.png,nan;nan;nan;nan;nan;nan;nan;nan;nan,nan;nan;nan
imc2024_lizard_pond_outliers_img_20230617_181856.png,imc2024_lizard_pond,outliers,outliers_img_20230617_181856.png,nan;nan;nan;nan;nan;nan;nan;nan;nan,nan;nan;nan
imc2024_lizard_pond_outliers_img_20230617_181858.png,imc2024_lizard_pond,outliers,outliers_img_20230617_181858.png,nan;nan;nan;nan;nan;nan;nan;nan;nan,nan;nan;nan
imc2024_lizard_pond_outliers_img_20230617_181901.png,imc2024_lizard_pond,outliers,outliers_img_20230617_181901.png,nan;nan;nan;nan;nan;nan;nan;nan;nan,nan;nan;nan
imc2024_lizard_pond_outliers_img_20230617_181905.png,imc2024_lizard_pond,outliers,outliers_img_20230617_181905.png,nan;nan;nan;nan;nan;nan;nan;nan;nan,nan;nan;nan
imc2024_lizard_pond_outliers_img_20230617_181910.png,imc2024_lizard_pond,cluster22,outliers_img_20230617_181910.png,0.974114178;0.076355625;-0.212770737;-0.093997973;0.992813918;-0.074060145;0.205586840;0.092143056;0.974291388,0.426872830;-0.531790742;-2.312154565
imc2024_lizard_pond_outliers_img_20230617_181912.png,imc2024_lizard_pond,cluster22,outliers_img_20230617_181912.png,0.995844257;0.089719632;-0.015639831;-0.090821966;0.991081846;-0.097509715;0.006751817;0.098524929;0.995111678,-0.059094691;-0.502685469;-2.280948389
imc2024_lizard_pond_outliers_img_20230617_181914.png,imc2024_lizard_pond,cluster22,outliers_img_20230617_181914.png,0.963500758;0.138758740;-0.228937329;-0.185364093;0.962810501;-0.196560657;0.193148756;0.231823103;0.953389536,0.399063199;-0.201826374;3.319591566
imc2024_lizard_pond_outliers_img_20230617_182716.png,imc2024_lizard_pond,outliers,outliers_img_20230617_182716.png,nan;nan;nan;nan;nan;nan;nan;nan;nan,nan;nan;nan
imc2024_lizard_pond_outliers_img_20230617_182718.png,imc2024_lizard_pond,outliers,outliers_img_20230617_182718.png,nan;nan;nan;nan;nan;nan;nan;nan;nan,nan;nan;nan
imc2024_lizard_pond_outliers_img_20230617_195104.png,imc2024_lizard_pond,outliers,outliers_img_20230617_195104.png,nan;nan;nan;nan;nan;nan;nan;nan;nan,nan;nan;nan
imc2024_lizard_pond_outliers_img_20230617_202436.png,imc2024_lizard_pond,outliers,outliers_img_20230617_202436.png,nan;nan;nan;nan;nan;nan;nan;nan;nan,nan;nan;nan
imc2024_lizard_pond_outliers_img_20230617_202438.png,imc2024_lizard_pond,outliers,outliers_img_20230617_202438.png,nan;nan;nan;nan;nan;nan;nan;nan;nan,nan;nan;nan
imc2024_lizard_pond_outliers_img_20230617_211228.png,imc2024_lizard_pond,outliers,outliers_img_20230617_211228.png,nan;nan;nan;nan;nan;nan;nan;nan;nan,nan;nan;nan
imc2024_lizard_pond_outliers_img_20230617_211229.png,imc2024_lizard_pond,outliers,outliers_img_20230617_211229.png,nan;nan;nan;nan;nan;nan;nan;nan;nan,nan;nan;nan
imc2024_lizard_pond_outliers_img_20230617_212007.png,imc2024_lizard_pond,outliers,outliers_img_20230617_212007.png,nan;nan;nan;nan;nan;nan;nan;nan;nan,nan;nan;nan
imc2024_lizard_pond_outliers_img_20230617_212014.png,imc2024_lizard_pond,outliers,outliers_img_20230617_212014.png,nan;nan;nan;nan;nan;nan;nan;nan;nan,nan;nan;nan
imc2024_lizard_pond_outliers_img_20230617_212059.png,imc2024_lizard_pond,outliers,outliers_img_20230617_212059.png,nan;nan;nan;nan;nan;nan;nan;nan;nan,nan;nan;nan
imc2024_lizard_pond_pond_00022.png,imc2024_lizard_pond,outliers,pond_00022.png,nan;nan;nan;nan;nan;nan;nan;nan;nan,nan;nan;nan
imc2024_lizard_pond_pond_00969.png,imc2024_lizard_pond,outliers,pond_00969.png,nan;nan;nan;nan;nan;nan;nan;nan;nan,nan;nan;nan
imc2024_lizard_pond_pond_00101.png,imc2024_lizard_pond,outliers,pond_00101.png,nan;nan;nan;nan;nan;nan;nan;nan;nan,nan;nan;nan
imc2024_lizard_pond_pond_00312.png,imc2024_lizard_pond,outliers,pond_00312.png,nan;nan;nan;nan;nan;nan;nan;nan;nan,nan;nan;nan
imc2024_lizard_pond_pond_00832.png,imc2024_lizard_pond,outliers,pond_00832.png,nan;nan;nan;nan;nan;nan;nan;nan;nan,nan;nan;nan
imc2024_lizard_pond_pond_01024.png,imc2024_lizard_pond,outliers,pond_01024.png,nan;nan;nan;nan;nan;nan;nan;nan;nan,nan;nan;nan
imc2024_lizard_pond_pond_00915.png,imc2024_lizard_pond,outliers,pond_00915.png,nan;nan;nan;nan;nan;nan;nan;nan;nan,nan;nan;nan
imc2024_lizard_pond_pond_00508.png,imc2024_lizard_pond,outliers,pond_00508.png,nan;nan;nan;nan;nan;nan;nan;nan;nan,nan;nan;nan
imc2024_lizard_pond_pond_01061.png,imc2024_lizard_pond,outliers,pond_01061.png,nan;nan;nan;nan;nan;nan;nan;nan;nan,nan;nan;nan
imc2024_lizard_pond_pond_00300.png,imc2024_lizard_pond,outliers,pond_00300.png,nan;nan;nan;nan;nan;nan;nan;nan;nan,nan;nan;nan
imc2024_lizard_pond_pond_00958.png,imc2024_lizard_pond,outliers,pond_00958.png,nan;nan;nan;nan;nan;nan;nan;nan;nan,nan;nan;nan
imc2024_lizard_pond_pond_00196.png,imc2024_lizard_pond,outliers,pond_00196.png,nan;nan;nan;nan;nan;nan;nan;nan;nan,nan;nan;nan
imc2024_lizard_pond_pond_01136.png,imc2024_lizard_pond,outliers,pond_01136.png,nan;nan;nan;nan;nan;nan;nan;nan;nan,nan;nan;nan
imc2024_lizard_pond_pond_00974.png,imc2024_lizard_pond,outliers,pond_00974.png,nan;nan;nan;nan;nan;nan;nan;nan;nan,nan;nan;nan
imc2024_lizard_pond_pond_01131.png,imc2024_lizard_pond,outliers,pond_01131.png,nan;nan;nan;nan;nan;nan;nan;nan;nan,nan;nan;nan
imc2024_lizard_pond_pond_00726.png,imc2024_lizard_pond,outliers,pond_00726.png,nan;nan;nan;nan;nan;nan;nan;nan;nan,nan;nan;nan
imc2024_lizard_pond_pond_01138.png,imc2024_lizard_pond,outliers,pond_01138.png,nan;nan;nan;nan;nan;nan;nan;nan;nan,nan;nan;nan
imc2024_lizard_pond_pond_00047.png,imc2024_lizard_pond,outliers,pond_00047.png,nan;nan;nan;nan;nan;nan;nan;nan;nan,nan;nan;nan
imc2024_lizard_pond_pond_00548.png,imc2024_lizard_pond,outliers,pond_00548.png,nan;nan;nan;nan;nan;nan;nan;nan;nan,nan;nan;nan
imc2024_lizard_pond_pond_00016.png,imc2024_lizard_pond,outliers,pond_00016.png,nan;nan;nan;nan;nan;nan;nan;nan;nan,nan;nan;nan
imc2024_lizard_pond_pond_00195.png,imc2024_lizard_pond,outliers,pond_00195.png,nan;nan;nan;nan;nan;nan;nan;nan;nan,nan;nan;nan
imc2024_lizard_pond_pond_00941.png,imc2024_lizard_pond,outliers,pond_00941.png,nan;nan;nan;nan;nan;nan;nan;nan;nan,nan;nan;nan
imc2024_lizard_pond_pond_00070.png,imc2024_lizard_pond,outliers,pond_00070.png,nan;nan;nan;nan;nan;nan;nan;nan;nan,nan;nan;nan
imc2024_lizard_pond_pond_00637.png,imc2024_lizard_pond,cluster23,pond_00637.png,0.440454333;0.640621354;-0.628970796;-0.706316620;0.679728599;0.197701452;0.554181210;0.357174065;0.751870916,-0.756668041;-4.069444381;2.264640774
imc2024_lizard_pond_pond_00864.png,imc2024_lizard_pond,outliers,pond_00864.png,nan;nan;nan;nan;nan;nan;nan;nan;nan,nan;nan;nan
imc2024_lizard_pond_pond_01035.png,imc2024_lizard_pond,outliers,pond_01035.png,nan;nan;nan;nan;nan;nan;nan;nan;nan,nan;nan;nan
imc2024_lizard_pond_pond_01120.png,imc2024_lizard_pond,outliers,pond_01120.png,nan;nan;nan;nan;nan;nan;nan;nan;nan,nan;nan;nan
imc2024_lizard_pond_pond_00274.png,imc2024_lizard_pond,outliers,pond_00274.png,nan;nan;nan;nan;nan;nan;nan;nan;nan,nan;nan;nan
imc2024_lizard_pond_pond_00135.png,imc2024_lizard_pond,outliers,pond_00135.png,nan;nan;nan;nan;nan;nan;nan;nan;nan,nan;nan;nan
imc2024_lizard_pond_pond_00914.png,imc2024_lizard_pond,outliers,pond_00914.png,nan;nan;nan;nan;nan;nan;nan;nan;nan,nan;nan;nan
imc2024_lizard_pond_pond_00352.png,imc2024_lizard_pond,outliers,pond_00352.png,nan;nan;nan;nan;nan;nan;nan;nan;nan,nan;nan;nan
imc2024_lizard_pond_pond_01088.png,imc2024_lizard_pond,outliers,pond_01088.png,nan;nan;nan;nan;nan;nan;nan;nan;nan,nan;nan;nan
imc2024_lizard_pond_pond_00011.png,imc2024_lizard_pond,outliers,pond_00011.png,nan;nan;nan;nan;nan;nan;nan;nan;nan,nan;nan;nan
imc2024_lizard_pond_pond_01068.png,imc2024_lizard_pond,outliers,pond_01068.png,nan;nan;nan;nan;nan;nan;nan;nan;nan,nan;nan;nan
imc2024_lizard_pond_pond_00440.png,imc2024_lizard_pond,outliers,pond_00440.png,nan;nan;nan;nan;nan;nan;nan;nan;nan,nan;nan;nan
imc2024_lizard_pond_pond_00030.png,imc2024_lizard_pond,outliers,pond_00030.png,nan;nan;nan;nan;nan;nan;nan;nan;nan,nan;nan;nan
imc2024_lizard_pond_pond_00324.png,imc2024_lizard_pond,outliers,pond_00324.png,nan;nan;nan;nan;nan;nan;nan;nan;nan,nan;nan;nan
imc2024_lizard_pond_pond_00499.png,imc2024_lizard_pond,outliers,pond_00499.png,nan;nan;nan;nan;nan;nan;nan;nan;nan,nan;nan;nan
imc2024_lizard_pond_pond_01020.png,imc2024_lizard_pond,outliers,pond_01020.png,nan;nan;nan;nan;nan;nan;nan;nan;nan,nan;nan;nan
imc2024_lizard_pond_pond_00955.png,imc2024_lizard_pond,outliers,pond_00955.png,nan;nan;nan;nan;nan;nan;nan;nan;nan,nan;nan;nan
imc2024_lizard_pond_pond_00450.png,imc2024_lizard_pond,outliers,pond_00450.png,nan;nan;nan;nan;nan;nan;nan;nan;nan,nan;nan;nan
imc2024_lizard_pond_pond_00596.png,imc2024_lizard_pond,outliers,pond_00596.png,nan;nan;nan;nan;nan;nan;nan;nan;nan,nan;nan;nan
imc2024_lizard_pond_pond_00567.png,imc2024_lizard_pond,outliers,pond_00567.png,nan;nan;nan;nan;nan;nan;nan;nan;nan,nan;nan;nan
imc2024_lizard_pond_pond_00509.png,imc2024_lizard_pond,outliers,pond_00509.png,nan;nan;nan;nan;nan;nan;nan;nan;nan,nan;nan;nan
imc2024_lizard_pond_pond_00333.png,imc2024_lizard_pond,outliers,pond_00333.png,nan;nan;nan;nan;nan;nan;nan;nan;nan,nan;nan;nan
imc2024_lizard_pond_pond_00896.png,imc2024_lizard_pond,outliers,pond_00896.png,nan;nan;nan;nan;nan;nan;nan;nan;nan,nan;nan;nan
imc2024_lizard_pond_pond_00750.png,imc2024_lizard_pond,outliers,pond_00750.png,nan;nan;nan;nan;nan;nan;nan;nan;nan,nan;nan;nan
imc2024_lizard_pond_pond_00779.png,imc2024_lizard_pond,outliers,pond_00779.png,nan;nan;nan;nan;nan;nan;nan;nan;nan,nan;nan;nan
imc2024_lizard_pond_pond_00143.png,imc2024_lizard_pond,outliers,pond_00143.png,nan;nan;nan;nan;nan;nan;nan;nan;nan,nan;nan;nan
imc2024_lizard_pond_pond_00043.png,imc2024_lizard_pond,outliers,pond_00043.png,nan;nan;nan;nan;nan;nan;nan;nan;nan,nan;nan;nan
imc2024_lizard_pond_pond_00122.png,imc2024_lizard_pond,outliers,pond_00122.png,nan;nan;nan;nan;nan;nan;nan;nan;nan,nan;nan;nan
imc2024_lizard_pond_pond_00793.png,imc2024_lizard_pond,outliers,pond_00793.png,nan;nan;nan;nan;nan;nan;nan;nan;nan,nan;nan;nan
imc2024_lizard_pond_pond_00293.png,imc2024_lizard_pond,outliers,pond_00293.png,nan;nan;nan;nan;nan;nan;nan;nan;nan,nan;nan;nan
imc2024_lizard_pond_pond_00834.png,imc2024_lizard_pond,outliers,pond_00834.png,nan;nan;nan;nan;nan;nan;nan;nan;nan,nan;nan;nan
imc2024_lizard_pond_pond_00129.png,imc2024_lizard_pond,outliers,pond_00129.png,nan;nan;nan;nan;nan;nan;nan;nan;nan,nan;nan;nan
imc2024_lizard_pond_pond_00605.png,imc2024_lizard_pond,outliers,pond_00605.png,nan;nan;nan;nan;nan;nan;nan;nan;nan,nan;nan;nan
imc2024_lizard_pond_pond_00306.png,imc2024_lizard_pond,outliers,pond_00306.png,nan;nan;nan;nan;nan;nan;nan;nan;nan,nan;nan;nan
imc2024_lizard_pond_pond_00086.png,imc2024_lizard_pond,outliers,pond_00086.png,nan;nan;nan;nan;nan;nan;nan;nan;nan,nan;nan;nan
imc2024_lizard_pond_pond_00893.png,imc2024_lizard_pond,outliers,pond_00893.png,nan;nan;nan;nan;nan;nan;nan;nan;nan,nan;nan;nan
imc2024_lizard_pond_pond_00476.png,imc2024_lizard_pond,outliers,pond_00476.png,nan;nan;nan;nan;nan;nan;nan;nan;nan,nan;nan;nan
imc2024_lizard_pond_pond_00724.png,imc2024_lizard_pond,outliers,pond_00724.png,nan;nan;nan;nan;nan;nan;nan;nan;nan,nan;nan;nan
imc2024_lizard_pond_pond_00796.png,imc2024_lizard_pond,outliers,pond_00796.png,nan;nan;nan;nan;nan;nan;nan;nan;nan,nan;nan;nan
imc2024_lizard_pond_pond_00634.png,imc2024_lizard_pond,cluster23,pond_00634.png,0.943997091;0.022633117;-0.329176600;-0.130722782;0.941662284;-0.310134966;0.302953868;0.335797387;0.891885121,-2.526947252;-1.925601414;-1.032628541
imc2024_lizard_pond_pond_00456.png,imc2024_lizard_pond,outliers,pond_00456.png,nan;nan;nan;nan;nan;nan;nan;nan;nan,nan;nan;nan
imc2024_lizard_pond_pond_01133.png,imc2024_lizard_pond,outliers,pond_01133.png,nan;nan;nan;nan;nan;nan;nan;nan;nan,nan;nan;nan
imc2024_lizard_pond_pond_00231.png,imc2024_lizard_pond,outliers,pond_00231.png,nan;nan;nan;nan;nan;nan;nan;nan;nan,nan;nan;nan
imc2024_lizard_pond_pond_00359.png,imc2024_lizard_pond,outliers,pond_00359.png,nan;nan;nan;nan;nan;nan;nan;nan;nan,nan;nan;nan
imc2024_lizard_pond_pond_00997.png,imc2024_lizard_pond,outliers,pond_00997.png,nan;nan;nan;nan;nan;nan;nan;nan;nan,nan;nan;nan
imc2024_lizard_pond_pond_00429.png,imc2024_lizard_pond,outliers,pond_00429.png,nan;nan;nan;nan;nan;nan;nan;nan;nan,nan;nan;nan
imc2024_lizard_pond_pond_00658.png,imc2024_lizard_pond,outliers,pond_00658.png,nan;nan;nan;nan;nan;nan;nan;nan;nan,nan;nan;nan
imc2024_lizard_pond_pond_00696.png,imc2024_lizard_pond,outliers,pond_00696.png,nan;nan;nan;nan;nan;nan;nan;nan;nan,nan;nan;nan
imc2024_lizard_pond_pond_00878.png,imc2024_lizard_pond,outliers,pond_00878.png,nan;nan;nan;nan;nan;nan;nan;nan;nan,nan;nan;nan
imc2024_lizard_pond_pond_00474.png,imc2024_lizard_pond,outliers,pond_00474.png,nan;nan;nan;nan;nan;nan;nan;nan;nan,nan;nan;nan
imc2024_lizard_pond_pond_00617.png,imc2024_lizard_pond,outliers,pond_00617.png,nan;nan;nan;nan;nan;nan;nan;nan;nan,nan;nan;nan
imc2024_lizard_pond_pond_00574.png,imc2024_lizard_pond,cluster21,pond_00574.png,0.929875128;0.121779617;-0.347133938;-0.107382536;0.992375796;0.060491910;0.351854000;-0.018973800;0.935862574,1.487693402;0.460562928;2.774086349
imc2024_lizard_pond_pond_00007.png,imc2024_lizard_pond,outliers,pond_00007.png,nan;nan;nan;nan;nan;nan;nan;nan;nan,nan;nan;nan
imc2024_lizard_pond_pond_00181.png,imc2024_lizard_pond,outliers,pond_00181.png,nan;nan;nan;nan;nan;nan;nan;nan;nan,nan;nan;nan
imc2024_lizard_pond_pond_00210.png,imc2024_lizard_pond,outliers,pond_00210.png,nan;nan;nan;nan;nan;nan;nan;nan;nan,nan;nan;nan
imc2024_lizard_pond_pond_00421.png,imc2024_lizard_pond,outliers,pond_00421.png,nan;nan;nan;nan;nan;nan;nan;nan;nan,nan;nan;nan
imc2024_lizard_pond_pond_00558.png,imc2024_lizard_pond,cluster21,pond_00558.png,0.956856195;-0.045616315;0.286958838;0.008035324;0.991376183;0.130800219;-0.290450782;-0.122851193;0.948970984,-5.583243781;-0.910417456;-3.158045727
imc2024_lizard_pond_pond_00095.png,imc2024_lizard_pond,outliers,pond_00095.png,nan;nan;nan;nan;nan;nan;nan;nan;nan,nan;nan;nan
imc2024_lizard_pond_pond_00162.png,imc2024_lizard_pond,outliers,pond_00162.png,nan;nan;nan;nan;nan;nan;nan;nan;nan,nan;nan;nan
imc2024_lizard_pond_pond_00920.png,imc2024_lizard_pond,outliers,pond_00920.png,nan;nan;nan;nan;nan;nan;nan;nan;nan,nan;nan;nan
imc2024_lizard_pond_pond_00493.png,imc2024_lizard_pond,outliers,pond_00493.png,nan;nan;nan;nan;nan;nan;nan;nan;nan,nan;nan;nan
imc2024_lizard_pond_pond_00199.png,imc2024_lizard_pond,outliers,pond_00199.png,nan;nan;nan;nan;nan;nan;nan;nan;nan,nan;nan;nan
imc2024_lizard_pond_pond_00006.png,imc2024_lizard_pond,outliers,pond_00006.png,nan;nan;nan;nan;nan;nan;nan;nan;nan,nan;nan;nan
imc2024_lizard_pond_pond_00491.png,imc2024_lizard_pond,outliers,pond_00491.png,nan;nan;nan;nan;nan;nan;nan;nan;nan,nan;nan;nan
imc2024_lizard_pond_pond_00472.png,imc2024_lizard_pond,outliers,pond_00472.png,nan;nan;nan;nan;nan;nan;nan;nan;nan,nan;nan;nan
imc2024_lizard_pond_pond_00573.png,imc2024_lizard_pond,cluster21,pond_00573.png,0.943217034;0.115359977;-0.311502332;-0.085067916;0.990374476;0.109187208;0.321099793;-0.076488380;0.943951509,1.151155587;-0.218056138;3.170649361
imc2024_lizard_pond_pond_00644.png,imc2024_lizard_pond,cluster23,pond_00644.png,0.843744567;0.461457463;-0.274138862;-0.482585016;0.875778750;-0.011103296;0.234961291;0.141663653;0.961626019,1.527343627;4.752577235;-1.466945805
pt_brandenburg_british_buckingham_british_museum_15144115_117839432.png,pt_brandenburg_british_buckingham,cluster26,british_museum_15144115_117839432.png,0.982919700;-0.183897035;-0.007123509;0.183910135;0.982942299;0.001224058;0.006776898;-0.002513237;0.999973878,0.208276856;-0.031475345;0.174392825
pt_brandenburg_british_buckingham_british_museum_96255967_5091378744.png,pt_brandenburg_british_buckingham,cluster26,british_museum_96255967_5091378744.png,0.969554105;-0.192494056;0.151363392;0.185938371;0.980937407;0.056468799;-0.159347922;-0.026605293;0.986863921,-1.037535826;-0.028733827;0.681133443
pt_brandenburg_british_buckingham_british_museum_03576546_367645446.png,pt_brandenburg_british_buckingham,cluster26,british_museum_03576546_367645446.png,0.927659376;-0.171238972;0.331851317;0.158704184;0.985201857;0.064732392;-0.338025242;-0.007383418;0.941108081,-2.980947570;0.157309089;-0.845877973
pt_brandenburg_british_buckingham_british_museum_62774028_4348685003.png,pt_brandenburg_british_buckingham,cluster26,british_museum_62774028_4348685003.png,0.978160854;-0.207349427;-0.014406928;0.207361996;0.978264076;-0.000632230;0.014224873;-0.002369027;0.999896015,0.712207057;-0.070212669;0.766661998
pt_brandenburg_british_buckingham_british_museum_68914717_4070962405.png,pt_brandenburg_british_buckingham,cluster26,british_museum_68914717_4070962405.png,0.964637221;-0.190476061;0.182191936;0.163684163;0.974677862;0.152350124;-0.206597499;-0.117140666;0.971388459,-1.732557060;0.137545492;1.099882082
pt_brandenburg_british_buckingham_british_museum_84932226_4352179060.png,pt_brandenburg_british_buckingham,cluster26,british_museum_84932226_4352179060.png,0.961241834;-0.185504161;-0.203966524;0.235943194;0.936207038;0.260474935;0.142635711;-0.298503918;0.943689814,2.799874814;-2.136650403;-2.599973814
pt_brandenburg_british_buckingham_british_museum_93658023_4980549800.png,pt_brandenburg_british_buckingham,cluster26,british_museum_93658023_4980549800.png,0.982577132;-0.185767899;0.005697933;0.183325370;0.973787789;0.134644532;-0.030561209;-0.131254063;0.990877582,0.438562427;-0.907217953;-1.653532532
pt_brandenburg_british_buckingham_british_museum_54432186_6732914439.png,pt_brandenburg_british_buckingham,cluster26,british_museum_54432186_6732914439.png,0.811966239;-0.089077609;0.576867408;0.101776804;0.994753410;0.010350604;-0.574762828;0.050307380;0.816772220,-5.969686911;0.010160096;0.675374404
pt_brandenburg_british_buckingham_british_museum_87893778_8781019493.png,pt_brandenburg_british_buckingham,cluster26,british_museum_87893778_8781019493.png,0.972024785;-0.199350580;0.124206130;0.208089401;0.976158364;-0.061754757;-0.108934006;0.085873134;0.990332867,-1.871430825;0.677362623;3.687711207
pt_brandenburg_british_buckingham_british_museum_91782790_275554656.png,pt_brandenburg_british_buckingham,cluster26,british_museum_91782790_275554656.png,0.962968745;-0.176925752;0.203441577;0.170447180;0.984143710;0.049080720;-0.208899392;-0.012587156;0.977856128,-1.709374176;0.244480439;3.306903736
pt_brandenburg_british_buckingham_british_museum_19254317_158538587.png,pt_brandenburg_british_buckingham,cluster26,british_museum_19254317_158538587.png,0.971469924;-0.199648458;0.128010465;0.191018365;0.978592865;0.076602802;-0.140563759;-0.049964969;0.988810058,-2.198435641;0.019085050;3.440288823
pt_brandenburg_british_buckingham_british_museum_61892850_2364933018.png,pt_brandenburg_british_buckingham,cluster26,british_museum_61892850_2364933018.png,0.935564988;-0.158349109;0.315663923;0.146655728;0.987328172;0.060623249;-0.321263522;-0.010423067;0.946932473,-2.427869723;0.172319007;-0.453482328
pt_brandenburg_british_buckingham_british_museum_60624404_7093768535.png,pt_brandenburg_british_buckingham,cluster26,british_museum_60624404_7093768535.png,0.980704913;-0.195449668;-0.004159339;0.194867111;0.979041602;-0.059197555;0.015642308;0.057244814;0.998237622,-3.687787806;-0.608483658;7.966584433
pt_brandenburg_british_buckingham_british_museum_21757263_3848724084.png,pt_brandenburg_british_buckingham,cluster26,british_museum_21757263_3848724084.png,0.957249296;-0.199809254;-0.209165119;0.208834057;0.977709027;0.021757660;0.200155243;-0.064508305;0.977638255,3.295207409;0.069599504;-0.693101444
pt_brandenburg_british_buckingham_british_museum_73748105_4531531922.png,pt_brandenburg_british_buckingham,cluster26,british_museum_73748105_4531531922.png,0.976527801;-0.200900500;0.077668803;0.185482633;0.967667039;0.170928916;-0.109497245;-0.152510624;0.982217320,-0.498330690;0.181536722;-6.705899064
pt_brandenburg_british_buckingham_british_museum_19811771_3152186510.png,pt_brandenburg_british_buckingham,cluster26,british_museum_19811771_3152186510.png,0.971280121;-0.178345782;-0.157504632;0.175205879;0.983954399;-0.033714111;0.160990145;0.005150108;0.986942577,1.020049119;-0.191350560;1.297955794
pt_brandenburg_british_buckingham_british_museum_72728072_3851668437.png,pt_brandenburg_british_buckingham,outliers,british_museum_72728072_3851668437.png,nan;nan;nan;nan;nan;nan;nan;nan;nan,nan;nan;nan
pt_brandenburg_british_buckingham_british_museum_78242267_4404579754.png,pt_brandenburg_british_buckingham,cluster26,british_museum_78242267_4404579754.png,0.947170749;-0.224618214;-0.228941545;0.240709638;0.969572169;0.044594610;0.211958589;-0.097347146;0.972418166,3.081776816;0.372395671;-1.623035020
pt_brandenburg_british_buckingham_british_museum_67521166_4735236552.png,pt_brandenburg_british_buckingham,cluster26,british_museum_67521166_4735236552.png,0.896079174;-0.144466831;0.419727826;0.134873767;0.989464459;0.052622723;-0.422908004;0.009456147;0.906123281,-4.821400744;0.353724972;0.507929921
pt_brandenburg_british_buckingham_british_museum_67772160_2655952816.png,pt_brandenburg_british_buckingham,cluster26,british_museum_67772160_2655952816.png,0.979143745;-0.202645690;-0.014568817;0.202689107;0.969393415;0.138540729;-0.013951766;-0.138604229;0.990249573,0.917419563;-0.005615124;1.199457688
pt_brandenburg_british_buckingham_british_museum_99480770_3945403640.png,pt_brandenburg_british_buckingham,cluster26,british_museum_99480770_3945403640.png,0.979064477;-0.175184417;-0.103649261;0.186635052;0.975837444;0.113616199;0.081241043;-0.130582170;0.988103330,1.522240065;0.084587595;2.471635351
pt_brandenburg_british_buckingham_british_museum_42803655_6429621523.png,pt_brandenburg_british_buckingham,cluster26,british_museum_42803655_6429621523.png,0.981032486;-0.185779002;0.055330141;0.185160374;0.982575604;0.016149849;-0.057366349;-0.005598577;0.998337497,-0.300079960;0.064315281;-0.552246963
pt_brandenburg_british_buckingham_british_museum_53881364_5029031037.png,pt_brandenburg_british_buckingham,cluster26,british_museum_53881364_5029031037.png,0.968617371;-0.193730505;0.155720518;0.189413574;0.980988297;0.042242863;-0.160943737;-0.011421591;0.986897493,-1.432887954;0.042321661;-0.336644699
pt_brandenburg_british_buckingham_british_museum_66393650_5300086486.png,pt_brandenburg_british_buckingham,cluster26,british_museum_66393650_5300086486.png,0.961622726;-0.189289755;0.198623063;0.186091922;0.981915116;0.034820981;-0.201622243;0.003477500;0.979457186,-2.387479604;0.099385721;-0.574872245
pt_brandenburg_british_buckingham_british_museum_90095149_11613863483.png,pt_brandenburg_british_buckingham,cluster26,british_museum_90095149_11613863483.png,0.946528513;-0.230932395;-0.225286491;0.255656870;0.962829779;0.087168699;0.196782466;-0.140103698;0.970385292,2.157121455;0.178784313;0.134509906
pt_brandenburg_british_buckingham_british_museum_76518628_3747715512.png,pt_brandenburg_british_buckingham,cluster26,british_museum_76518628_3747715512.png,0.905434185;-0.199698836;-0.374578846;0.291910570;0.933579151;0.207889846;0.308183641;-0.297574097;0.903588679,3.656186060;-0.533494963;-0.808898712
pt_brandenburg_british_buckingham_british_museum_39461890_106560712.png,pt_brandenburg_british_buckingham,cluster26,british_museum_39461890_106560712.png,0.982989287;-0.182759143;0.018197721;0.180411009;0.979395832;0.090750601;-0.034408274;-0.085923799;0.995707372,0.585585296;-0.190258834;-3.046854461
pt_brandenburg_british_buckingham_british_museum_09362272_3871121693.png,pt_brandenburg_british_buckingham,cluster27,british_museum_09362272_3871121693.png,-0.833092571;-0.169964441;-0.526373306;-0.457768492;-0.322320156;0.828587790;-0.310491186;0.931247446;0.190718162,-51017368115329.156250000;16193944814340.107421875;260211116268336.375000000
pt_brandenburg_british_buckingham_british_museum_99981082_8904760272.png,pt_brandenburg_british_buckingham,cluster26,british_museum_99981082_8904760272.png,0.983320064;-0.175633435;-0.047271016;0.178439317;0.981887465;0.063690010;0.035228723;-0.071062672;0.996849554,0.560835942;0.001473640;-0.196462949
pt_brandenburg_british_buckingham_british_museum_78137733_4059821853.png,pt_brandenburg_british_buckingham,cluster26,british_museum_78137733_4059821853.png,0.971890561;-0.204070911;0.117404431;0.196767617;0.977884936;0.070877059;-0.129271971;-0.045783355;0.990551686,-0.981854810;0.062901735;-1.045998636
pt_brandenburg_british_buckingham_british_museum_89208997_5875216727.png,pt_brandenburg_british_buckingham,cluster26,british_museum_89208997_5875216727.png,0.977284098;-0.192654740;0.088317282;0.193409217;0.981118176;0.000014890;-0.086652559;0.017066824;0.996092394,-0.827404039;0.139748612;-0.719629827
pt_brandenburg_british_buckingham_british_museum_45839934_4117745134.png,pt_brandenburg_british_buckingham,cluster26,british_museum_45839934_4117745134.png,0.982633189;-0.174053512;0.064322547;0.143070264;0.931402795;0.334693493;-0.118164778;-0.319678291;0.940129180,-0.884506972;-2.455581313;-5.916078798
pt_brandenburg_british_buckingham_british_museum_67471600_1224757581.png,pt_brandenburg_british_buckingham,cluster26,british_museum_67471600_1224757581.png,0.975164023;-0.203387796;-0.087684283;0.210360244;0.974401486;0.079311482;0.069308708;-0.095786991;0.992985979,1.229031852;0.115149041;-1.170087926
pt_brandenburg_british_buckingham_british_museum_26677707_11389887745.png,pt_brandenburg_british_buckingham,cluster26,british_museum_26677707_11389887745.png,0.977917179;-0.201561308;0.055236138;0.193907667;0.973657807;0.119959542;-0.077960299;-0.106599786;0.991240978,-0.356132113;0.050440727;2.722559811
pt_brandenburg_british_buckingham_british_museum_63647221_4349439258.png,pt_brandenburg_british_buckingham,cluster26,british_museum_63647221_4349439258.png,0.976773911;-0.204204608;-0.064909199;0.204963977;0.978755744;0.005192379;0.062469943;-0.018375828;0.997877665,1.060844399;-0.107468420;1.161426588
pt_brandenburg_british_buckingham_british_museum_51111273_4980544542.png,pt_brandenburg_british_buckingham,cluster26,british_museum_51111273_4980544542.png,0.972260428;-0.181806168;0.147160382;0.174832419;0.982821572;0.059121766;-0.155381100;-0.031753348;0.987344134,-2.130718347;0.186405298;-4.151664213
pt_brandenburg_british_buckingham_british_museum_27732591_4349424252.png,pt_brandenburg_british_buckingham,cluster26,british_museum_27732591_4349424252.png,0.872466179;-0.257809545;-0.415134924;0.268472725;0.962700157;-0.033627422;0.408319927;-0.082113616;0.909138159,4.065816128;0.052723955;5.225483977
pt_brandenburg_british_buckingham_british_museum_28309287_5482270912.png,pt_brandenburg_british_buckingham,cluster26,british_museum_28309287_5482270912.png,0.937311692;-0.204746609;-0.282002869;0.278314583;0.926800504;0.252154356;0.209732652;-0.314832737;0.925684915,1.450410864;-0.331401673;-0.049926228
pt_brandenburg_british_buckingham_british_museum_27779894_6489328657.png,pt_brandenburg_british_buckingham,cluster26,british_museum_27779894_6489328657.png,0.978862768;-0.196025764;0.058323072;0.193995457;0.980238770;0.038700348;-0.064756802;-0.026567919;0.997547343,-0.716365767;0.105109341;-1.043693219
pt_brandenburg_british_buckingham_british_museum_66747696_4734591579.png,pt_brandenburg_british_buckingham,cluster26,british_museum_66747696_4734591579.png,0.678135874;0.038861945;0.733908364;-0.075877211;0.996966740;0.017319590;-0.731009156;-0.067431955;0.679027647,-2.008516784;0.072992425;-0.581775949
pt_brandenburg_british_buckingham_british_museum_04790098_4924719784.png,pt_brandenburg_british_buckingham,cluster26,british_museum_04790098_4924719784.png,0.978702205;-0.201730001;0.038039464;0.200085900;0.978834286;0.043000847;-0.045908892;-0.034473863;0.998350603,0.023370904;-0.254247328;2.332234833
pt_brandenburg_british_buckingham_british_museum_95591790_8233423442.png,pt_brandenburg_british_buckingham,cluster26,british_museum_95591790_8233423442.png,0.969525380;-0.202891999;0.137314870;0.160575954;0.949575344;0.269299145;-0.185029457;-0.239042890;0.953216973,-1.204651811;-1.119056425;-2.272386108
pt_brandenburg_british_buckingham_british_museum_66361736_3945101598.png,pt_brandenburg_british_buckingham,cluster26,british_museum_66361736_3945101598.png,0.821580458;-0.065095109;0.566363997;0.057198266;0.997858937;0.031715926;-0.567215928;0.006337854;0.823544730,-0.733189599;-0.068145457;1.199347555
pt_brandenburg_british_buckingham_british_museum_67894974_9704498288.png,pt_brandenburg_british_buckingham,cluster26,british_museum_67894974_9704498288.png,0.979919534;-0.170748828;0.102968657;0.159645971;0.981261194;0.107887134;-0.119460749;-0.089282178;0.988816374,-0.163665065;0.023582166;2.032875530
pt_brandenburg_british_buckingham_british_museum_21326450_90598151.png,pt_brandenburg_british_buckingham,cluster26,british_museum_21326450_90598151.png,0.965066557;-0.192790452;0.177421479;0.176620564;0.978878821;0.102963242;-0.193524458;-0.068030100;0.978733973,-1.462987041;0.025277810;-0.307415131
pt_brandenburg_british_buckingham_british_museum_56818398_67603532.png,pt_brandenburg_british_buckingham,outliers,british_museum_56818398_67603532.png,nan;nan;nan;nan;nan;nan;nan;nan;nan,nan;nan;nan
pt_brandenburg_british_buckingham_british_museum_98018049_7167451918.png,pt_brandenburg_british_buckingham,cluster26,british_museum_98018049_7167451918.png,0.958693715;-0.171967433;0.226569112;0.163827467;0.984987891;0.054400514;-0.232522948;-0.015035187;0.972474690,-2.704926528;0.285376136;1.095750998
pt_brandenburg_british_buckingham_british_museum_74626542_2453940576.png,pt_brandenburg_british_buckingham,cluster26,british_museum_74626542_2453940576.png,0.932740443;-0.214660552;-0.289682780;0.241051435;0.968760673;0.058283484;0.268122120;-0.124191812;0.955346493,3.925341766;0.306756587;0.360964466
pt_brandenburg_british_buckingham_british_museum_09740642_11372944273.png,pt_brandenburg_british_buckingham,cluster26,british_museum_09740642_11372944273.png,0.972386447;-0.198947649;-0.122001765;0.183408629;0.974714204;-0.127645979;0.144311720;0.101745044;0.984287597,-4.932473719;-2.451234439;16.159298720
pt_brandenburg_british_buckingham_british_museum_99662030_3945401118.png,pt_brandenburg_british_buckingham,cluster26,british_museum_99662030_3945401118.png,0.911631432;-0.237237931;-0.335628211;0.255665682;0.966701215;0.011127419;0.321812354;-0.095952720;0.941928811,5.368879311;0.356885514;2.468967806
pt_brandenburg_british_buckingham_british_museum_78567520_2219457772.png,pt_brandenburg_british_buckingham,cluster26,british_museum_78567520_2219457772.png,0.973778057;-0.221791384;-0.050644614;0.221008253;0.975053441;-0.020643163;0.053959680;0.008908982;0.998503372,0.870776827;0.177754896;-0.878337813
pt_brandenburg_british_buckingham_british_museum_85835963_3490488375.png,pt_brandenburg_british_buckingham,cluster26,british_museum_85835963_3490488375.png,0.931357014;-0.174803753;0.319402192;0.176838110;0.983974336;0.022864567;-0.318280372;0.035187405;0.947343365,-3.194999094;-0.047276763;1.941229990
pt_brandenburg_british_buckingham_british_museum_09218102_3818070255.png,pt_brandenburg_british_buckingham,cluster26,british_museum_09218102_3818070255.png,0.976373736;-0.182131233;-0.116286467;0.179512621;0.983212143;-0.032697110;0.120289431;0.011049711;0.992677368,1.533149414;0.114396241;4.105956000
pt_brandenburg_british_buckingham_british_museum_17892330_2218662345.png,pt_brandenburg_british_buckingham,cluster26,british_museum_17892330_2218662345.png,0.978059740;-0.206425666;-0.028064026;0.207042228;0.978102930;0.021170135;0.023079447;-0.026516096;0.999381927,0.403881948;0.331999304;3.177054869
pt_brandenburg_british_buckingham_british_museum_31925345_5986804667.png,pt_brandenburg_british_buckingham,cluster26,british_museum_31925345_5986804667.png,0.977944383;-0.179233958;-0.107237921;0.192175043;0.973258023;0.125847422;0.081814036;-0.143680231;0.986236511,1.464600761;0.081787001;1.680780782
pt_brandenburg_british_buckingham_british_museum_73406890_5043569825.png,pt_brandenburg_british_buckingham,cluster26,british_museum_73406890_5043569825.png,0.972489371;-0.162786907;0.166627867;0.134283194;0.976247266;0.170027348;-0.190348225;-0.142974467;0.971249636,-2.230475960;-0.288011869;-4.123259735
pt_brandenburg_british_buckingham_british_museum_80976991_8342057400.png,pt_brandenburg_british_buckingham,outliers,british_museum_80976991_8342057400.png,nan;nan;nan;nan;nan;nan;nan;nan;nan,nan;nan;nan
pt_brandenburg_british_buckingham_british_museum_94308218_4349427490.png,pt_brandenburg_british_buckingham,cluster26,british_museum_94308218_4349427490.png,0.860577844;-0.254035825;-0.441442606;0.263045642;0.963874016;-0.041879236;0.436133884;-0.080079211;0.896311640,3.902819598;0.027597936;5.105063927
pt_brandenburg_british_buckingham_british_museum_39667919_12715742453.png,pt_brandenburg_british_buckingham,cluster26,british_museum_39667919_12715742453.png,0.970707969;-0.209840892;0.117016403;0.198117032;0.974617064;0.104265142;-0.135925273;-0.078028062;0.987641606,-0.971025600;0.123166462;0.256304525
pt_brandenburg_british_buckingham_british_museum_77196526_11613990374.png,pt_brandenburg_british_buckingham,cluster26,british_museum_77196526_11613990374.png,0.759785289;-0.203867454;-0.617385111;0.320949625;0.943412524;0.083451468;0.565435808;-0.261554717;0.782222141,3.897188708;-0.004910080;0.165610943
pt_brandenburg_british_buckingham_british_museum_32520806_97760578.png,pt_brandenburg_british_buckingham,cluster26,british_museum_32520806_97760578.png,0.981240547;-0.183813813;0.058133216;0.181458791;0.982434788;0.043526938;-0.065112946;-0.032161613;0.997359481,-1.385798733;-0.130369940;1.191734704
pt_brandenburg_british_buckingham_british_museum_25308247_4757972250.png,pt_brandenburg_british_buckingham,cluster26,british_museum_25308247_4757972250.png,0.944197751;-0.158064690;0.288974324;0.154052515;0.987379754;0.036729342;-0.291133009;0.009837459;0.956632006,-5.021457295;0.246451355;-1.199680638
pt_brandenburg_british_buckingham_british_museum_92242343_4351333520.png,pt_brandenburg_british_buckingham,cluster26,british_museum_92242343_4351333520.png,0.918249538;-0.208232035;-0.336834091;0.250471201;0.964232026;0.086722420;0.306727832;-0.164000062;0.937561740,2.665501394;0.184677463;2.393440792
pt_brandenburg_british_buckingham_british_museum_84019782_6926081795.png,pt_brandenburg_british_buckingham,cluster26,british_museum_84019782_6926081795.png,0.976220048;-0.216638994;-0.007871703;0.216781646;0.975513169;0.037145313;-0.000368174;-0.037968440;0.999278871,0.033025583;0.142531732;3.192486315
pt_brandenburg_british_buckingham_british_museum_61744140_838726075.png,pt_brandenburg_british_buckingham,cluster26,british_museum_61744140_838726075.png,0.939314316;-0.190885160;0.285046437;0.117548596;0.959687218;0.255309169;-0.322290153;-0.206308749;0.923886225,-2.838398408;-0.403096794;-2.571058525
pt_brandenburg_british_buckingham_british_museum_83025239_9530039386.png,pt_brandenburg_british_buckingham,cluster26,british_museum_83025239_9530039386.png,0.956496196;-0.199691757;0.212692805;0.190790008;0.979683475;0.061801797;-0.220712936;-0.018533522;0.975162709,-1.765356110;-0.274458118;-2.746537047
pt_brandenburg_british_buckingham_british_museum_30495805_5912735553.png,pt_brandenburg_british_buckingham,cluster26,british_museum_30495805_5912735553.png,0.959187861;-0.177455971;0.220154549;0.179684413;0.983673199;0.010027386;-0.218339549;0.029940194;0.975413464,-2.225514191;0.218450614;2.008113527
pt_brandenburg_british_buckingham_british_museum_90026426_4349430506.png,pt_brandenburg_british_buckingham,cluster26,british_museum_90026426_4349430506.png,0.967256283;-0.216116754;-0.133074535;0.216558684;0.976203982;-0.011319132;0.132354145;-0.017869944;0.991041394,1.487300972;-0.016760175;0.789179131
pt_brandenburg_british_buckingham_british_museum_17406933_4349448982.png,pt_brandenburg_british_buckingham,cluster26,british_museum_17406933_4349448982.png,0.949840639;-0.218080572;0.224150897;0.225505725;0.974210987;-0.007753766;-0.216679321;0.057912152;0.974523604,-1.850079558;0.117746227;-1.082378817
pt_brandenburg_british_buckingham_british_museum_59356487_3468534134.png,pt_brandenburg_british_buckingham,cluster26,british_museum_59356487_3468534134.png,0.944636894;-0.205761901;0.255583997;0.193559691;0.978421016;0.072297732;-0.264944873;-0.018824345;0.964079799,-2.359328404;-0.150372192;2.496200434
pt_brandenburg_british_buckingham_british_museum_73361450_117839447.png,pt_brandenburg_british_buckingham,cluster26,british_museum_73361450_117839447.png,0.982153020;-0.187582613;-0.013718918;0.186825533;0.981407174;-0.044002029;0.021717860;0.040653681;0.998937242,-0.002655156;-0.134203623;2.498876914
pt_brandenburg_british_buckingham_british_museum_21021803_3610519149.png,pt_brandenburg_british_buckingham,cluster26,british_museum_21021803_3610519149.png,0.934399534;-0.188693649;0.302146021;0.184483736;0.981908043;0.042688943;-0.304734740;0.015852499;0.952305327,-2.854272514;0.273912820;0.700565185
pt_brandenburg_british_buckingham_british_museum_29840064_6240820088.png,pt_brandenburg_british_buckingham,cluster26,british_museum_29840064_6240820088.png,0.954914527;-0.221019953;0.198213084;0.193740349;0.969818704;0.148041746;-0.224950936;-0.102965342;0.968914452,-1.449036433;-0.005180603;0.473867994
pt_brandenburg_british_buckingham_british_museum_52641281_5921667676.png,pt_brandenburg_british_buckingham,cluster26,british_museum_52641281_5921667676.png,0.918303758;-0.257965950;-0.300286159;0.256204693;0.965529485;-0.045956158;0.301790264;-0.034733011;0.952741441,3.983551837;0.329813731;5.532496375
pt_brandenburg_british_buckingham_british_museum_32161143_8079875050.png,pt_brandenburg_british_buckingham,cluster26,british_museum_32161143_8079875050.png,0.944195257;-0.180039120;-0.275828266;0.192469953;0.981129511;0.018444530;0.267302514;-0.070503891;0.961029951,-0.187393561;0.009640978;8.098548611
pt_brandenburg_british_buckingham_buckingham_palace_66580063_2204250033.png,pt_brandenburg_british_buckingham,cluster28,buckingham_palace_66580063_2204250033.png,0.922263463;0.063883969;0.381246565;-0.334358059;0.626783377;0.703809126;-0.193996889;-0.776570303;0.599419528,-1.774667260;0.104198323;1.794601545
pt_brandenburg_british_buckingham_buckingham_palace_42572558_3847795752.png,pt_brandenburg_british_buckingham,cluster26,buckingham_palace_42572558_3847795752.png,-0.085189764;0.240086166;-0.967006379;0.775066053;0.625847887;0.087103588;0.626111265;-0.742073484;-0.239398471,-87512927116061.203125000;-64779271535720.664062500;1154601875548685.500000000
pt_brandenburg_british_buckingham_buckingham_palace_73465264_3740611434.png,pt_brandenburg_british_buckingham,cluster28,buckingham_palace_73465264_3740611434.png,0.760254093;-0.235088016;0.605596680;-0.446731931;0.487616218;0.750107329;-0.471640007;-0.840811542;0.265690902,-4.937276432;-1.062947586;-2.002949816
pt_brandenburg_british_buckingham_buckingham_palace_34791488_2406713663.png,pt_brandenburg_british_buckingham,cluster28,buckingham_palace_34791488_2406713663.png,0.942603028;0.292583209;0.160917984;-0.320174087;0.655113434;0.684335402;0.094805515;-0.696578391;0.711189468,-0.370376223;-0.077665642;-1.924132393
pt_brandenburg_british_buckingham_buckingham_palace_11272171_837310675.png,pt_brandenburg_british_buckingham,cluster28,buckingham_palace_11272171_837310675.png,0.937396112;0.288836850;0.194581096;-0.328830535;0.550022616;0.767688479;0.114712718;-0.783612402;0.610567438,0.269067012;0.438849726;3.321378816
pt_brandenburg_british_buckingham_buckingham_palace_59875279_3803024920.png,pt_brandenburg_british_buckingham,outliers,buckingham_palace_59875279_3803024920.png,nan;nan;nan;nan;nan;nan;nan;nan;nan,nan;nan;nan
pt_brandenburg_british_buckingham_buckingham_palace_70462905_5669092857.png,pt_brandenburg_british_buckingham,outliers,buckingham_palace_70462905_5669092857.png,nan;nan;nan;nan;nan;nan;nan;nan;nan,nan;nan;nan
pt_brandenburg_british_buckingham_buckingham_palace_85181405_8612250269.png,pt_brandenburg_british_buckingham,outliers,buckingham_palace_85181405_8612250269.png,nan;nan;nan;nan;nan;nan;nan;nan;nan,nan;nan;nan
pt_brandenburg_british_buckingham_buckingham_palace_82600926_8760297100.png,pt_brandenburg_british_buckingham,cluster28,buckingham_palace_82600926_8760297100.png,0.895712890;0.028741697;0.443702979;-0.349858770;0.661414019;0.663423196;-0.274403462;-0.749470087;0.602492597,-1.534285717;0.096002984;-0.075031270
pt_brandenburg_british_buckingham_buckingham_palace_38217522_12120715573.png,pt_brandenburg_british_buckingham,cluster28,buckingham_palace_38217522_12120715573.png,0.925705209;0.133198583;0.354016953;-0.355283322;0.627335092;0.692982282;-0.129783000;-0.767273628;0.628050597,-1.225933984;-0.095059436;0.661930794
pt_brandenburg_british_buckingham_buckingham_palace_86418271_9241595670.png,pt_brandenburg_british_buckingham,cluster28,buckingham_palace_86418271_9241595670.png,0.916815714;0.079566884;0.391303026;-0.342483630;0.660547551;0.668118175;-0.205314174;-0.746556123;0.632850729,-1.655581087;-0.006490900;1.377508689
pt_brandenburg_british_buckingham_buckingham_palace_69568614_12055226536.png,pt_brandenburg_british_buckingham,cluster28,buckingham_palace_69568614_12055226536.png,0.937985602;0.270601827;0.216697167;-0.345515440;0.678646799;0.648118510;0.028321214;-0.682798047;0.730058035,0.273137493;0.261233056;3.530711818
pt_brandenburg_british_buckingham_buckingham_palace_54621533_151517675.png,pt_brandenburg_british_buckingham,cluster28,buckingham_palace_54621533_151517675.png,0.816156970;0.556350881;-0.156081699;-0.313047491;0.652769487;0.689850176;0.485684124;-0.514165046;0.706926614,3.085868188;0.125080309;6.225571531
pt_brandenburg_british_buckingham_buckingham_palace_77667400_439062740.png,pt_brandenburg_british_buckingham,cluster28,buckingham_palace_77667400_439062740.png,0.916359748;0.391989179;0.081420487;-0.312974453;0.574562743;0.756256997;0.249663381;-0.718486004;0.649188769,0.357879576;-0.040352009;-0.376708166
pt_brandenburg_british_buckingham_buckingham_palace_76669421_1878873201.png,pt_brandenburg_british_buckingham,cluster28,buckingham_palace_76669421_1878873201.png,0.896031285;0.442989452;-0.029804068;-0.260682689;0.579243926;0.772347726;0.359405721;-0.684278321;0.634500361,3.755538167;0.024145613;0.239448485
pt_brandenburg_british_buckingham_buckingham_palace_81876166_676507850.png,pt_brandenburg_british_buckingham,cluster28,buckingham_palace_81876166_676507850.png,0.944931832;0.269416890;0.185791205;-0.320638509;0.648460425;0.690427421;0.065534565;-0.711978663;0.699136328,-0.094134330;-0.270313442;-1.015749086
pt_brandenburg_british_buckingham_buckingham_palace_35128922_3585104193.png,pt_brandenburg_british_buckingham,cluster28,buckingham_palace_35128922_3585104193.png,0.935777588;0.134017505;0.326128217;-0.337984301;0.604414966;0.721421625;-0.100433649;-0.785316406;0.610893792,-0.985694253;-0.059021255;0.462002019
pt_brandenburg_british_buckingham_buckingham_palace_25910232_4557319964.png,pt_brandenburg_british_buckingham,outliers,buckingham_palace_25910232_4557319964.png,nan;nan;nan;nan;nan;nan;nan;nan;nan,nan;nan;nan
pt_brandenburg_british_buckingham_buckingham_palace_20371484_12209806.png,pt_brandenburg_british_buckingham,cluster28,buckingham_palace_20371484_12209806.png,0.881766629;0.469391646;-0.046466059;-0.298300016;0.631237214;0.715930639;0.365382967;-0.617422920;0.696623446,2.642705625;0.141951579;2.413103949
pt_brandenburg_british_buckingham_buckingham_palace_89367054_672839242.png,pt_brandenburg_british_buckingham,outliers,buckingham_palace_89367054_672839242.png,nan;nan;nan;nan;nan;nan;nan;nan;nan,nan;nan;nan
pt_brandenburg_british_buckingham_buckingham_palace_46109345_5162840183.png,pt_brandenburg_british_buckingham,cluster28,buckingham_palace_46109345_5162840183.png,0.940260565;0.281442186;0.191573396;-0.331199744;0.625831094;0.706145999;0.078846686;-0.727410295;0.681657878,0.628323593;-0.148202464;-1.669387308
pt_brandenburg_british_buckingham_buckingham_palace_82116100_4565320676.png,pt_brandenburg_british_buckingham,cluster28,buckingham_palace_82116100_4565320676.png,0.927107706;0.143705643;0.346150243;-0.360200014;0.596857109;0.716950167;-0.103572448;-0.789373346;0.605113599,-1.054670333;0.204459801;3.263212857
pt_brandenburg_british_buckingham_buckingham_palace_35301556_5755414976.png,pt_brandenburg_british_buckingham,cluster28,buckingham_palace_35301556_5755414976.png,0.742803241;-0.217686111;0.633131979;-0.434515567;0.562700669;0.703252571;-0.509352105;-0.797483990;0.323387877,-4.932216687;0.244508497;1.597405267
pt_brandenburg_british_buckingham_buckingham_palace_39291857_1523464373.png,pt_brandenburg_british_buckingham,cluster28,buckingham_palace_39291857_1523464373.png,0.935880174;0.272476488;0.223349197;-0.344677356;0.576781766;0.740621573;0.072978221;-0.770116457;0.633715095,0.471442445;-0.398841893;-1.363575653
pt_brandenburg_british_buckingham_buckingham_palace_84522886_5954681667.png,pt_brandenburg_british_buckingham,outliers,buckingham_palace_84522886_5954681667.png,nan;nan;nan;nan;nan;nan;nan;nan;nan,nan;nan;nan
pt_brandenburg_british_buckingham_buckingham_palace_85556619_3740631958.png,pt_brandenburg_british_buckingham,cluster28,buckingham_palace_85556619_3740631958.png,0.790995590;-0.177051097;0.585643993;-0.508404244;0.342308049;0.790158417;-0.340369067;-0.922755714;0.180750628,-4.554368419;-1.558077176;-3.186858309
pt_brandenburg_british_buckingham_buckingham_palace_93037627_13638822993.png,pt_brandenburg_british_buckingham,cluster28,buckingham_palace_93037627_13638822993.png,0.794418946;0.561688066;-0.231095337;-0.148735356;0.548808931;0.822609598;0.588877179;-0.619124603;0.519527087,4.314802196;-0.836875514;-2.116250276
pt_brandenburg_british_buckingham_buckingham_palace_70979018_2078157897.png,pt_brandenburg_british_buckingham,cluster28,buckingham_palace_70979018_2078157897.png,0.870054347;-0.028317107;0.492141824;-0.308995361;0.746548311;0.589226176;-0.384092828;-0.664728336;0.640787749,-1.791107071;0.180335360;-0.891136711
pt_brandenburg_british_buckingham_buckingham_palace_64822253_2217151982.png,pt_brandenburg_british_buckingham,cluster28,buckingham_palace_64822253_2217151982.png,0.775287769;0.591516922;-0.221442105;-0.255747630;0.614572305;0.746253330;0.577513657;-0.521927786;0.627749442,3.398896751;0.829012653;6.974807020
pt_brandenburg_british_buckingham_buckingham_palace_62660707_10596782846.png,pt_brandenburg_british_buckingham,outliers,buckingham_palace_62660707_10596782846.png,nan;nan;nan;nan;nan;nan;nan;nan;nan,nan;nan;nan
pt_brandenburg_british_buckingham_buckingham_palace_28542033_5434317589.png,pt_brandenburg_british_buckingham,outliers,buckingham_palace_28542033_5434317589.png,nan;nan;nan;nan;nan;nan;nan;nan;nan,nan;nan;nan
pt_brandenburg_british_buckingham_buckingham_palace_61805239_2253432740.png,pt_brandenburg_british_buckingham,cluster28,buckingham_palace_61805239_2253432740.png,0.900236187;0.435034452;0.017883889;-0.319389417;0.631896092;0.706185336;0.295914192;-0.641445519;0.707801128,-0.657327472;-0.076563103;-1.256253071
pt_brandenburg_british_buckingham_buckingham_palace_51699589_9343866373.png,pt_brandenburg_british_buckingham,outliers,buckingham_palace_51699589_9343866373.png,nan;nan;nan;nan;nan;nan;nan;nan;nan,nan;nan;nan
pt_brandenburg_british_buckingham_buckingham_palace_21697383_6430594307.png,pt_brandenburg_british_buckingham,cluster28,buckingham_palace_21697383_6430594307.png,0.897938343;0.437545202;0.047549221;-0.263696493;0.448347903;0.854077466;0.352378904;-0.779447467;0.517967909,1.304392414;-0.768958546;-2.213641503
pt_brandenburg_british_buckingham_buckingham_palace_16774617_219184039.png,pt_brandenburg_british_buckingham,cluster28,buckingham_palace_16774617_219184039.png,0.871585441;0.487679951;-0.050070801;-0.301074551;0.613074680;0.730406429;0.386901712;-0.621536565;0.681174987,4.067872430;0.227656363;3.075684554
pt_brandenburg_british_buckingham_buckingham_palace_89205589_356802584.png,pt_brandenburg_british_buckingham,cluster28,buckingham_palace_89205589_356802584.png,0.938715854;0.190273711;0.287416875;-0.344597339;0.537575237;0.769587902;-0.008075849;-0.821467455;0.570198213,-0.554310105;-0.291395225;-1.537539051
pt_brandenburg_british_buckingham_buckingham_palace_12842704_470297372.png,pt_brandenburg_british_buckingham,outliers,buckingham_palace_12842704_470297372.png,nan;nan;nan;nan;nan;nan;nan;nan;nan,nan;nan;nan
pt_brandenburg_british_buckingham_buckingham_palace_05394210_3325092555.png,pt_brandenburg_british_buckingham,outliers,buckingham_palace_05394210_3325092555.png,nan;nan;nan;nan;nan;nan;nan;nan;nan,nan;nan;nan
pt_brandenburg_british_buckingham_buckingham_palace_38257186_6252086513.png,pt_brandenburg_british_buckingham,outliers,buckingham_palace_38257186_6252086513.png,nan;nan;nan;nan;nan;nan;nan;nan;nan,nan;nan;nan
pt_brandenburg_british_buckingham_buckingham_palace_39528348_6563861043.png,pt_brandenburg_british_buckingham,outliers,buckingham_palace_39528348_6563861043.png,nan;nan;nan;nan;nan;nan;nan;nan;nan,nan;nan;nan
pt_brandenburg_british_buckingham_buckingham_palace_14258385_9378732166.png,pt_brandenburg_british_buckingham,cluster28,buckingham_palace_14258385_9378732166.png,0.943171334;0.298338374;0.146362734;-0.314203815;0.657242531;0.685060741;0.108184094;-0.692117382;0.713631369,0.378917474;-0.299001206;-0.513174307
pt_brandenburg_british_buckingham_buckingham_palace_37797945_4824569303.png,pt_brandenburg_british_buckingham,cluster28,buckingham_palace_37797945_4824569303.png,0.697319244;-0.296645033;0.652493369;-0.464477640;0.506312118;0.726573163;-0.545899619;-0.809722029;0.215276198,-4.838952659;-0.937475647;-2.729045195
pt_brandenburg_british_buckingham_buckingham_palace_62469402_3202824067.png,pt_brandenburg_british_buckingham,cluster28,buckingham_palace_62469402_3202824067.png,0.932449375;0.145044021;0.330908439;-0.335431879;0.687852725;0.643695645;-0.134252067;-0.711210841;0.690040232,-0.890755490;0.060210505;1.339666150
pt_brandenburg_british_buckingham_buckingham_palace_66580194_6996358425.png,pt_brandenburg_british_buckingham,cluster28,buckingham_palace_66580194_6996358425.png,0.826807052;0.543224328;-0.145936387;-0.310470661;0.657085209;0.686911200;0.469039516;-0.522634057;0.711937901,5.032830676;-0.017993085;1.686098719
pt_brandenburg_british_buckingham_buckingham_palace_35654194_9287834913.png,pt_brandenburg_british_buckingham,cluster28,buckingham_palace_35654194_9287834913.png,0.934174869;0.157078344;0.320380566;-0.344000473;0.634949084;0.691739356;-0.094768075;-0.756416588;0.647188502,-0.737342951;-0.083760694;0.224237141
pt_brandenburg_british_buckingham_buckingham_palace_52410261_4937469812.png,pt_brandenburg_british_buckingham,cluster28,buckingham_palace_52410261_4937469812.png,0.938785520;0.158403682;0.305924861;-0.339841071;0.571401068;0.746999910;-0.056478256;-0.805238532;0.590255125,-0.674880628;0.239758844;4.107286526
pt_brandenburg_british_buckingham_buckingham_palace_74296459_103436516.png,pt_brandenburg_british_buckingham,cluster28,buckingham_palace_74296459_103436516.png,0.934190696;0.170406530;0.313447538;-0.351312546;0.592504954;0.724925772;-0.062187134;-0.787336963;0.613378567,-0.612246200;0.225191607;1.169529779
pt_brandenburg_british_buckingham_buckingham_palace_05879148_4721852797.png,pt_brandenburg_british_buckingham,cluster28,buckingham_palace_05879148_4721852797.png,0.899991384;0.435642505;-0.015202504;-0.287490262;0.619417553;0.730528059;0.327665771;-0.653098387;0.682713439,3.818029381;0.417480245;5.052274060
pt_brandenburg_british_buckingham_buckingham_palace_67053735_5824219898.png,pt_brandenburg_british_buckingham,outliers,buckingham_palace_67053735_5824219898.png,nan;nan;nan;nan;nan;nan;nan;nan;nan,nan;nan;nan
pt_brandenburg_british_buckingham_buckingham_palace_35686206_4081926571.png,pt_brandenburg_british_buckingham,outliers,buckingham_palace_35686206_4081926571.png,nan;nan;nan;nan;nan;nan;nan;nan;nan,nan;nan;nan
pt_brandenburg_british_buckingham_buckingham_palace_37524858_3739802247.png,pt_brandenburg_british_buckingham,cluster28,buckingham_palace_37524858_3739802247.png,0.885157764;-0.084592902;0.457536637;-0.314707880;0.615442588;0.722626716;-0.342716623;-0.783629033;0.518141732,-3.564958262;-0.050593933;-2.671361390
pt_brandenburg_british_buckingham_buckingham_palace_06170639_4557285016.png,pt_brandenburg_british_buckingham,outliers,buckingham_palace_06170639_4557285016.png,nan;nan;nan;nan;nan;nan;nan;nan;nan,nan;nan;nan
pt_brandenburg_british_buckingham_buckingham_palace_59781164_3740564586.png,pt_brandenburg_british_buckingham,outliers,buckingham_palace_59781164_3740564586.png,nan;nan;nan;nan;nan;nan;nan;nan;nan,nan;nan;nan
pt_brandenburg_british_buckingham_buckingham_palace_47315604_5047670100.png,pt_brandenburg_british_buckingham,outliers,buckingham_palace_47315604_5047670100.png,nan;nan;nan;nan;nan;nan;nan;nan;nan,nan;nan;nan
pt_brandenburg_british_buckingham_buckingham_palace_80761089_1260341347.png,pt_brandenburg_british_buckingham,cluster28,buckingham_palace_80761089_1260341347.png,0.852899958;0.519650786;-0.050246617;-0.346859996;0.635957721;0.689380824;0.390192011;-0.570544334;0.722654383,1.704209015;-0.221331188;0.776753215
pt_brandenburg_british_buckingham_buckingham_palace_21167644_8707271738.png,pt_brandenburg_british_buckingham,outliers,buckingham_palace_21167644_8707271738.png,nan;nan;nan;nan;nan;nan;nan;nan;nan,nan;nan;nan
pt_brandenburg_british_buckingham_buckingham_palace_44573130_5715131949.png,pt_brandenburg_british_buckingham,cluster28,buckingham_palace_44573130_5715131949.png,0.915135851;0.390208109;0.101311429;-0.362992525;0.688213854;0.628170453;0.175393276;-0.611636594;0.771451797,-1.820635489;-1.133200300;5.881157588
pt_brandenburg_british_buckingham_buckingham_palace_08413293_4591289960.png,pt_brandenburg_british_buckingham,cluster28,buckingham_palace_08413293_4591289960.png,0.918164484;0.073053157;0.389406237;-0.355031454;0.587960802;0.726811366;-0.175859739;-0.805583845;0.565780895,-1.884750116;0.273706825;2.948204536
pt_brandenburg_british_buckingham_buckingham_palace_40942590_10086689274.png,pt_brandenburg_british_buckingham,cluster28,buckingham_palace_40942590_10086689274.png,0.880816836;-0.033944405;0.472238794;-0.340010923;0.648751829;0.680818358;-0.329475755;-0.760242620;0.559890065,-3.181660401;-0.246084251;1.200364006
pt_brandenburg_british_buckingham_buckingham_palace_04861657_8587228495.png,pt_brandenburg_british_buckingham,outliers,buckingham_palace_04861657_8587228495.png,nan;nan;nan;nan;nan;nan;nan;nan;nan,nan;nan;nan
pt_brandenburg_british_buckingham_buckingham_palace_19226918_112883362.png,pt_brandenburg_british_buckingham,outliers,buckingham_palace_19226918_112883362.png,nan;nan;nan;nan;nan;nan;nan;nan;nan,nan;nan;nan
pt_brandenburg_british_buckingham_buckingham_palace_26606950_5411314264.png,pt_brandenburg_british_buckingham,outliers,buckingham_palace_26606950_5411314264.png,nan;nan;nan;nan;nan;nan;nan;nan;nan,nan;nan;nan
pt_brandenburg_british_buckingham_buckingham_palace_49269748_4041495348.png,pt_brandenburg_british_buckingham,cluster28,buckingham_palace_49269748_4041495348.png,0.934942397;0.130028663;0.330114012;-0.337765122;0.611025416;0.715934818;-0.108616005;-0.780858814;0.615192714,-1.080712569;-0.209674769;-2.069865067
pt_brandenburg_british_buckingham_buckingham_palace_52402986_5523235865.png,pt_brandenburg_british_buckingham,outliers,buckingham_palace_52402986_5523235865.png,nan;nan;nan;nan;nan;nan;nan;nan;nan,nan;nan;nan
pt_brandenburg_british_buckingham_buckingham_palace_48484647_7883607208.png,pt_brandenburg_british_buckingham,cluster28,buckingham_palace_48484647_7883607208.png,0.932004790;0.133564642;0.336938507;-0.337166176;0.660595465;0.670770155;-0.132988874;-0.738765266;0.660711618,-1.110026484;0.109783652;1.321696103
pt_brandenburg_british_buckingham_buckingham_palace_21134535_11614071253.png,pt_brandenburg_british_buckingham,outliers,buckingham_palace_21134535_11614071253.png,nan;nan;nan;nan;nan;nan;nan;nan;nan,nan;nan;nan
pt_brandenburg_british_buckingham_buckingham_palace_94455955_3929007141.png,pt_brandenburg_british_buckingham,cluster28,buckingham_palace_94455955_3929007141.png,0.905753636;0.423794420;-0.002939350;-0.272874410;0.588478840;0.761073065;0.324268264;-0.688542623;0.648659502,3.140014318;0.213571128;1.577827490
pt_brandenburg_british_buckingham_buckingham_palace_95865994_275402759.png,pt_brandenburg_british_buckingham,outliers,buckingham_palace_95865994_275402759.png,nan;nan;nan;nan;nan;nan;nan;nan;nan,nan;nan;nan
pt_brandenburg_british_buckingham_buckingham_palace_91676499_3739813019.png,pt_brandenburg_british_buckingham,outliers,buckingham_palace_91676499_3739813019.png,nan;nan;nan;nan;nan;nan;nan;nan;nan,nan;nan;nan
pt_brandenburg_british_buckingham_buckingham_palace_36576167_9378677290.png,pt_brandenburg_british_buckingham,outliers,buckingham_palace_36576167_9378677290.png,nan;nan;nan;nan;nan;nan;nan;nan;nan,nan;nan;nan
pt_brandenburg_british_buckingham_buckingham_palace_11299827_3665838648.png,pt_brandenburg_british_buckingham,cluster28,buckingham_palace_11299827_3665838648.png,0.950718029;0.187655052;0.246821415;-0.306177776;0.693728937;0.651916660;-0.048891703;-0.695360154;0.716996414,-0.249347779;0.048762674;1.688812482
pt_brandenburg_british_buckingham_buckingham_palace_10097113_4343681151.png,pt_brandenburg_british_buckingham,outliers,buckingham_palace_10097113_4343681151.png,nan;nan;nan;nan;nan;nan;nan;nan;nan,nan;nan;nan
pt_brandenburg_british_buckingham_buckingham_palace_11220321_6429817645.png,pt_brandenburg_british_buckingham,cluster28,buckingham_palace_11220321_6429817645.png,0.914835552;0.401360173;0.044563715;-0.312069983;0.632612441;0.708811558;0.256297170;-0.662353011;0.703988814,1.824777562;-0.081418347;-0.646218440
pt_brandenburg_british_buckingham_buckingham_palace_91446393_39141513.png,pt_brandenburg_british_buckingham,outliers,buckingham_palace_91446393_39141513.png,nan;nan;nan;nan;nan;nan;nan;nan;nan,nan;nan;nan
pt_brandenburg_british_buckingham_buckingham_palace_46810479_13785513864.png,pt_brandenburg_british_buckingham,outliers,buckingham_palace_46810479_13785513864.png,nan;nan;nan;nan;nan;nan;nan;nan;nan,nan;nan;nan
pt_brandenburg_british_buckingham_brandenburg_gate_47510282_2492277573.png,pt_brandenburg_british_buckingham,cluster27,brandenburg_gate_47510282_2492277573.png,0.655957836;-0.213188764;-0.724064824;0.275809307;0.960646417;-0.032980122;0.702601270;-0.178070248;0.688942990,3.047498607;-0.280745280;0.821948405
pt_brandenburg_british_buckingham_brandenburg_gate_91824386_51142061.png,pt_brandenburg_british_buckingham,cluster27,brandenburg_gate_91824386_51142061.png,0.894206833;-0.163594412;-0.416690542;0.153280133;0.986458405;-0.058352513;0.420594032;-0.011691166;0.907173620,-0.022567340;-0.764903329;-2.096638339
pt_brandenburg_british_buckingham_brandenburg_gate_26655336_6192911644.png,pt_brandenburg_british_buckingham,cluster27,brandenburg_gate_26655336_6192911644.png,0.808572371;-0.148788735;-0.569273777;0.244739745;0.964881019;0.095431007;0.535082403;-0.216486795;0.816590650,1.721312795;-1.982407794;-1.342839810
pt_brandenburg_british_buckingham_brandenburg_gate_60863296_2846812457.png,pt_brandenburg_british_buckingham,cluster27,brandenburg_gate_60863296_2846812457.png,0.643111300;-0.109899757;-0.757845564;0.338586368;0.928464841;0.152683692;0.686853061;-0.354788785;0.634316791,3.253457796;-2.076390455;-3.920926353
pt_brandenburg_british_buckingham_brandenburg_gate_01069771_8567470929.png,pt_brandenburg_british_buckingham,cluster27,brandenburg_gate_01069771_8567470929.png,0.993441907;-0.072651527;-0.088288922;0.057840814;0.985413448;-0.160046168;0.098628690;0.153889867;0.983153239,-2.216918503;0.478114946;4.004168284
pt_brandenburg_british_buckingham_brandenburg_gate_06935805_2163586273.png,pt_brandenburg_british_buckingham,cluster27,brandenburg_gate_06935805_2163586273.png,0.899188532;-0.132502119;-0.417016992;0.026630129;0.967853027;-0.250102687;0.436750294;0.213784252;0.873810891,-0.352919315;0.800427099;3.402382974
pt_brandenburg_british_buckingham_brandenburg_gate_22465257_94852237.png,pt_brandenburg_british_buckingham,cluster27,brandenburg_gate_22465257_94852237.png,0.999399485;-0.026076626;-0.022818401;0.025495655;0.999352412;-0.025391517;0.023465749;0.024794498;0.999417126,-3.246738115;-0.331837646;-0.524251958
pt_brandenburg_british_buckingham_brandenburg_gate_73039718_4294835156.png,pt_brandenburg_british_buckingham,cluster27,brandenburg_gate_73039718_4294835156.png,0.953116968;-0.070148088;-0.294359120;0.043053760;0.994299531;-0.097543918;0.299523654;0.080297497;0.950703893,-1.103265324;0.183929318;-1.180606523
pt_brandenburg_british_buckingham_brandenburg_gate_94029235_930442362.png,pt_brandenburg_british_buckingham,cluster27,brandenburg_gate_94029235_930442362.png,0.979932723;-0.098319171;-0.173393191;0.090947889;0.994600859;-0.049976126;0.177370628;0.033203496;0.983583849,-1.856513763;-0.380700712;-0.586639391
pt_brandenburg_british_buckingham_brandenburg_gate_20133057_3035445116.png,pt_brandenburg_british_buckingham,cluster27,brandenburg_gate_20133057_3035445116.png,0.897039758;-0.129056397;-0.422686785;0.156831624;0.987124786;0.031440382;0.413187020;-0.094493928;0.905730304,0.286745306;-1.164883464;-2.200868191
pt_brandenburg_british_buckingham_brandenburg_gate_35200934_73110776.png,pt_brandenburg_british_buckingham,cluster27,brandenburg_gate_35200934_73110776.png,0.772801294;-0.187884456;-0.606199300;0.092900180;0.978374703;-0.184803940;0.627811848;0.086500699;0.773543736,2.264957560;0.666652673;2.556103839
pt_brandenburg_british_buckingham_brandenburg_gate_52599802_11381897224.png,pt_brandenburg_british_buckingham,cluster27,brandenburg_gate_52599802_11381897224.png,0.887489634;-0.134758930;-0.440683765;0.064966879;0.983324491;-0.169859502;0.456225223;0.122118698;0.881445159,0.289553254;-0.050587669;1.469555893
pt_brandenburg_british_buckingham_brandenburg_gate_82089809_2789175595.png,pt_brandenburg_british_buckingham,cluster27,brandenburg_gate_82089809_2789175595.png,0.923933949;-0.120488917;-0.363081917;0.052899125;0.980226607;-0.190676379;0.378876946;0.156965664;0.912038398,-0.372401009;0.988867056;-1.625287552
pt_brandenburg_british_buckingham_brandenburg_gate_54714905_6154442539.png,pt_brandenburg_british_buckingham,cluster27,brandenburg_gate_54714905_6154442539.png,0.806399398;-0.168062919;-0.566987536;0.130441516;0.985702645;-0.106655085;0.576805878;0.012047883;0.816792402,1.549710932;-0.003520738;0.697874553
pt_brandenburg_british_buckingham_brandenburg_gate_75037828_1434507967.png,pt_brandenburg_british_buckingham,cluster27,brandenburg_gate_75037828_1434507967.png,0.912247183;-0.139685583;-0.385088322;0.067422377;0.978443582;-0.195198308;0.404053586;0.152105537;0.902000335,0.026748296;-0.106058525;2.732586963
pt_brandenburg_british_buckingham_brandenburg_gate_97371403_4823878472.png,pt_brandenburg_british_buckingham,cluster27,brandenburg_gate_97371403_4823878472.png,0.995950576;0.007297987;0.089605749;-0.020766437;0.988420408;0.150312517;-0.087471172;-0.151564630;0.984569427,-3.783115291;-0.702816113;-5.156156582
pt_brandenburg_british_buckingham_brandenburg_gate_02936509_94852264.png,pt_brandenburg_british_buckingham,cluster27,brandenburg_gate_02936509_94852264.png,0.900466751;-0.139328468;-0.412003894;0.243991788;0.946018898;0.213345384;0.360038384;-0.292635991;0.885853565,0.214269114;-2.907412198;-1.475016898
pt_brandenburg_british_buckingham_brandenburg_gate_68654335_2476618452.png,pt_brandenburg_british_buckingham,cluster27,brandenburg_gate_68654335_2476618452.png,0.813532371;-0.162102668;-0.558469163;0.042713773;0.974424779;-0.220617050;0.579948803;0.155624787;0.799650118,1.468400081;0.948753929;-0.358499831
pt_brandenburg_british_buckingham_brandenburg_gate_09870003_7184351941.png,pt_brandenburg_british_buckingham,cluster27,brandenburg_gate_09870003_7184351941.png,0.887891014;-0.146675819;-0.436045584;0.065244407;0.978380452;-0.196252030;0.455403903;0.145800878;0.878264988,0.034110433;0.957067510;9.569748754
pt_brandenburg_british_buckingham_brandenburg_gate_04705241_3760208106.png,pt_brandenburg_british_buckingham,outliers,brandenburg_gate_04705241_3760208106.png,nan;nan;nan;nan;nan;nan;nan;nan;nan,nan;nan;nan
pt_brandenburg_british_buckingham_brandenburg_gate_69366784_6629915323.png,pt_brandenburg_british_buckingham,cluster27,brandenburg_gate_69366784_6629915323.png,0.901407900;-0.145119116;-0.407926757;0.245902700;0.947049640;0.206467529;0.356364504;-0.286421753;0.889363210,0.062831063;-1.695772368;4.498374169
pt_brandenburg_british_buckingham_brandenburg_gate_28221825_5139496129.png,pt_brandenburg_british_buckingham,cluster27,brandenburg_gate_28221825_5139496129.png,0.993934156;-0.008620611;-0.109638396;0.015840088;0.997749842;0.065148628;0.108830071;-0.066490128;0.991834199,-3.077950733;-0.777058293;-1.117402473
pt_brandenburg_british_buckingham_brandenburg_gate_18348543_5140101294.png,pt_brandenburg_british_buckingham,cluster27,brandenburg_gate_18348543_5140101294.png,0.937000631;-0.120813021;-0.327771310;0.050925356;0.975509277;-0.213981914;0.345595755;0.183809318;0.920205254,-0.713968566;0.517167763;4.201570479
pt_brandenburg_british_buckingham_brandenburg_gate_72396943_4654565284.png,pt_brandenburg_british_buckingham,cluster27,brandenburg_gate_72396943_4654565284.png,0.909176453;-0.119432894;-0.398915982;0.046324813;0.981049084;-0.188140123;0.413826278;0.152572861;0.897479433,0.211468974;0.496976102;-0.009964282
pt_brandenburg_british_buckingham_brandenburg_gate_19431740_4837182516.png,pt_brandenburg_british_buckingham,cluster27,brandenburg_gate_19431740_4837182516.png,0.869310831;-0.148650139;-0.471382876;0.049234959;0.975002907;-0.216668528;0.491807481;0.165143782;0.854899370,0.828784870;0.411899632;2.850519756
pt_brandenburg_british_buckingham_brandenburg_gate_85067470_51142901.png,pt_brandenburg_british_buckingham,cluster27,brandenburg_gate_85067470_51142901.png,0.999581780;0.016854951;-0.023498439;-0.019775734;0.991291665;-0.130191224;0.021099440;0.130601474;0.991210406,0.510018980;0.560864012;2.584546996
pt_brandenburg_british_buckingham_brandenburg_gate_60553649_2254779884.png,pt_brandenburg_british_buckingham,cluster27,brandenburg_gate_60553649_2254779884.png,0.961981213;-0.122693050;-0.244005250;0.112216531;0.992079753;-0.056437704;0.248997182;0.026910589;0.968130272,-0.965737086;-0.107242568;0.835060612
pt_brandenburg_british_buckingham_brandenburg_gate_47521158_5096477796.png,pt_brandenburg_british_buckingham,cluster27,brandenburg_gate_47521158_5096477796.png,0.742413792;-0.200915079;-0.639104759;-0.007351917;0.951470045;-0.307653543;0.669901270;0.233104878;0.704907373,-0.008881528;0.874084929;2.283385230
pt_brandenburg_british_buckingham_brandenburg_gate_93110830_1932760362.png,pt_brandenburg_british_buckingham,cluster27,brandenburg_gate_93110830_1932760362.png,0.879816493;-0.135490506;-0.455593307;0.160579586;0.986883131;0.016609712;0.447366891;-0.087772483;0.890033065,-0.147736401;-0.713872401;0.553215476
pt_brandenburg_british_buckingham_brandenburg_gate_08455944_11844596793.png,pt_brandenburg_british_buckingham,cluster27,brandenburg_gate_08455944_11844596793.png,0.857840433;-0.140827215;-0.494244360;-0.004938326;0.959418565;-0.281942602;0.513892405;0.244302504;0.822332586,0.595924121;0.635119769;3.633923925
pt_brandenburg_british_buckingham_brandenburg_gate_18933011_9395787270.png,pt_brandenburg_british_buckingham,outliers,brandenburg_gate_18933011_9395787270.png,nan;nan;nan;nan;nan;nan;nan;nan;nan,nan;nan;nan
pt_brandenburg_british_buckingham_brandenburg_gate_23898581_3418292777.png,pt_brandenburg_british_buckingham,cluster27,brandenburg_gate_23898581_3418292777.png,0.869346177;-0.149374822;-0.471088514;0.190716557;0.980790448;0.040954748;0.455921506;-0.125448233;0.881134678,0.758162207;-0.611595385;-5.687880459
pt_brandenburg_british_buckingham_brandenburg_gate_08655339_301940774.png,pt_brandenburg_british_buckingham,cluster27,brandenburg_gate_08655339_301940774.png,0.901916022;-0.131948284;-0.411262860;0.021621218;0.964791808;-0.262124571;0.431369926;0.227522346;0.873014072,-0.084336864;1.048318207;1.964683456
pt_brandenburg_british_buckingham_brandenburg_gate_94045317_3752214176.png,pt_brandenburg_british_buckingham,cluster27,brandenburg_gate_94045317_3752214176.png,0.955411379;-0.117808934;-0.270758475;0.127785254;0.991611084;0.019452175;0.266195465;-0.053183770;0.962450758,-1.070597711;-1.186313328;-0.577179041
pt_brandenburg_british_buckingham_brandenburg_gate_98157145_9159024129.png,pt_brandenburg_british_buckingham,outliers,brandenburg_gate_98157145_9159024129.png,nan;nan;nan;nan;nan;nan;nan;nan;nan,nan;nan;nan
pt_brandenburg_british_buckingham_brandenburg_gate_79167472_5876853278.png,pt_brandenburg_british_buckingham,cluster27,brandenburg_gate_79167472_5876853278.png,0.896555283;-0.214064394;-0.387769337;0.203585547;0.976661430;-0.068449815;0.393372024;-0.017575189;0.919211381,-0.386916883;-0.304551797;0.958696599
pt_brandenburg_british_buckingham_brandenburg_gate_06809631_5499605152.png,pt_brandenburg_british_buckingham,cluster27,brandenburg_gate_06809631_5499605152.png,0.933957687;-0.111699149;-0.339479513;0.011241360;0.958614065;-0.284486741;0.357206763;0.261882367;0.896560625,-0.066681565;0.195678565;6.518926394
pt_brandenburg_british_buckingham_brandenburg_gate_71214740_51142248.png,pt_brandenburg_british_buckingham,cluster27,brandenburg_gate_71214740_51142248.png,0.937102299;-0.116250977;-0.329127623;0.063090697;0.983791503;-0.167850653;0.343305762;0.136528342;0.929247634,-0.366954166;0.518295248;2.813498737
pt_brandenburg_british_buckingham_brandenburg_gate_03300929_2790010816.png,pt_brandenburg_british_buckingham,cluster27,brandenburg_gate_03300929_2790010816.png,0.867793311;-0.138600342;-0.477205108;0.003523540;0.962007646;-0.272999769;0.496912824;0.235225922;0.835312164,0.625204397;1.073406216;4.183467719
pt_brandenburg_british_buckingham_brandenburg_gate_76173312_1901163610.png,pt_brandenburg_british_buckingham,cluster27,brandenburg_gate_76173312_1901163610.png,0.878561157;-0.152565926;-0.452607923;0.132700562;0.988273167;-0.075542759;0.458825516;0.006307608;0.888504001,0.327963683;1.250131692;4.098358402
pt_brandenburg_british_buckingham_brandenburg_gate_54744886_13665893353.png,pt_brandenburg_british_buckingham,cluster27,brandenburg_gate_54744886_13665893353.png,0.994782611;-0.033380235;-0.096401847;0.026498333;0.997066562;-0.071806049;0.098515961;0.068876921;0.992748999,-3.917821795;-0.882684839;4.857577967
pt_brandenburg_british_buckingham_brandenburg_gate_53208747_4264002612.png,pt_brandenburg_british_buckingham,cluster27,brandenburg_gate_53208747_4264002612.png,0.890545388;-0.160177543;-0.425760574;0.177939845;0.984039377;0.001978810;0.418648209;-0.077521991;0.904833696,0.438952861;-0.529212681;1.239713573
pt_brandenburg_british_buckingham_brandenburg_gate_90142764_8281118641.png,pt_brandenburg_british_buckingham,cluster27,brandenburg_gate_90142764_8281118641.png,0.832900767;-0.163570104;-0.528697582;0.124985079;0.986238219;-0.108226180;0.539124329;0.024062359;0.841882391,1.083010365;-0.064253413;-1.253236212
pt_brandenburg_british_buckingham_brandenburg_gate_06950806_3245016486.png,pt_brandenburg_british_buckingham,cluster27,brandenburg_gate_06950806_3245016486.png,0.858685425;-0.108758827;-0.500830170;0.151335305;0.987456065;0.045034940;0.489649841;-0.114464133;0.864373181,0.438083756;-0.948195020;-2.836884512
pt_brandenburg_british_buckingham_brandenburg_gate_78329459_8088722344.png,pt_brandenburg_british_buckingham,cluster27,brandenburg_gate_78329459_8088722344.png,0.889966785;-0.141297195;-0.433583008;0.030629433;0.967161176;-0.252311510;0.454995560;0.211268461;0.865069175,0.368805157;2.512195569;-3.464652403
pt_brandenburg_british_buckingham_brandenburg_gate_92884278_346751510.png,pt_brandenburg_british_buckingham,outliers,brandenburg_gate_92884278_346751510.png,nan;nan;nan;nan;nan;nan;nan;nan;nan,nan;nan;nan
pt_brandenburg_british_buckingham_brandenburg_gate_91333167_11075684623.png,pt_brandenburg_british_buckingham,cluster27,brandenburg_gate_91333167_11075684623.png,0.887146208;-0.143584981;-0.438582898;0.154683813;0.987907829;-0.010537504;0.434792506;-0.058493368;0.898628957,0.274735976;-1.197214704;-0.440520385
pt_brandenburg_british_buckingham_brandenburg_gate_59826471_8014732885.png,pt_brandenburg_british_buckingham,cluster27,brandenburg_gate_59826471_8014732885.png,0.948524531;-0.086595223;-0.304634996;0.079886190;0.996208710;-0.034444187;0.306462738;0.008335027;0.951846163,-0.969799444;-0.040551254;-1.149180896
pt_brandenburg_british_buckingham_brandenburg_gate_52630012_12435805525.png,pt_brandenburg_british_buckingham,cluster27,brandenburg_gate_52630012_12435805525.png,0.709038626;-0.140604869;-0.691009767;0.299099137;0.947371689;0.114134087;0.638595281;-0.287605901;0.713777915,2.735046447;-1.502746670;-5.376556759
pt_brandenburg_british_buckingham_brandenburg_gate_93385231_5436268017.png,pt_brandenburg_british_buckingham,cluster27,brandenburg_gate_93385231_5436268017.png,0.855861408;-0.130021386;-0.500595335;0.125558467;0.991163742;-0.042772747;0.501733317;-0.026246440;0.864624082,0.999986640;-0.097463304;-2.151777570
pt_brandenburg_british_buckingham_brandenburg_gate_38891238_3944459389.png,pt_brandenburg_british_buckingham,outliers,brandenburg_gate_38891238_3944459389.png,nan;nan;nan;nan;nan;nan;nan;nan;nan,nan;nan;nan
pt_brandenburg_british_buckingham_brandenburg_gate_99467148_7775852980.png,pt_brandenburg_british_buckingham,cluster27,brandenburg_gate_99467148_7775852980.png,0.845644958;-0.157564201;-0.509958947;0.182753234;0.983158553;-0.000718177;0.501483660;-0.092589324;0.860198440,1.204672449;-1.092462450;-2.530051889
pt_brandenburg_british_buckingham_brandenburg_gate_99778055_7859904484.png,pt_brandenburg_british_buckingham,cluster27,brandenburg_gate_99778055_7859904484.png,0.867824961;-0.149258238;-0.473921740;0.064233946;0.979511863;-0.190867785;0.492700556;0.135197965;0.859632289,0.624004096;0.317144472;2.049386387
pt_brandenburg_british_buckingham_brandenburg_gate_82618295_1916872032.png,pt_brandenburg_british_buckingham,cluster27,brandenburg_gate_82618295_1916872032.png,0.946950387;-0.129291939;-0.294225354;0.117529674;0.991409509;-0.057393042;0.299118271;0.019768154;0.954011258,-0.875851461;-0.199707124;-0.886517456
pt_brandenburg_british_buckingham_brandenburg_gate_71033172_8108767503.png,pt_brandenburg_british_buckingham,outliers,brandenburg_gate_71033172_8108767503.png,nan;nan;nan;nan;nan;nan;nan;nan;nan,nan;nan;nan
pt_brandenburg_british_buckingham_brandenburg_gate_69037173_2735815523.png,pt_brandenburg_british_buckingham,cluster27,brandenburg_gate_69037173_2735815523.png,0.898314710;-0.138423224;-0.416976850;0.033744128;0.968005264;-0.248650645;0.438054810;0.209296012;0.874244338,0.221464489;1.242274895;3.662863058
pt_brandenburg_british_buckingham_brandenburg_gate_85386984_3990647856.png,pt_brandenburg_british_buckingham,cluster27,brandenburg_gate_85386984_3990647856.png,0.991593304;-0.016941452;0.128279796;0.016014045;0.999837668;0.008257585;-0.128398867;-0.006133888;0.991703638,-4.437814530;-0.350077598;0.553032383
pt_brandenburg_british_buckingham_brandenburg_gate_99933312_2768771111.png,pt_brandenburg_british_buckingham,cluster27,brandenburg_gate_99933312_2768771111.png,0.998718730;0.050306725;-0.005489249;-0.047209992;0.965275806;0.256931577;0.018224026;-0.256343231;0.966414007,-3.650277078;-1.863999677;-3.576442979
pt_brandenburg_british_buckingham_brandenburg_gate_04684290_2698969364.png,pt_brandenburg_british_buckingham,cluster27,brandenburg_gate_04684290_2698969364.png,0.904443080;-0.047338821;-0.423959610;-0.071622493;0.962865925;-0.260306415;0.420538860;0.265797380;0.867466898,-1.545769157;-0.048276801;13.661202085
pt_brandenburg_british_buckingham_brandenburg_gate_48127186_5425905321.png,pt_brandenburg_british_buckingham,cluster27,brandenburg_gate_48127186_5425905321.png,0.945927997;-0.130881190;-0.296800165;0.141083132;0.989910823;0.013119191;0.292088640;-0.054283307;0.954849490,-0.886885853;-1.110568664;-1.466241858
pt_brandenburg_british_buckingham_brandenburg_gate_43929418_4177129462.png,pt_brandenburg_british_buckingham,cluster27,brandenburg_gate_43929418_4177129462.png,0.955411531;-0.129650849;-0.265291280;0.155679941;0.984605405;0.079472962;0.250903492;-0.117229915;0.960887394,-1.036938904;-1.323648290;-1.912497831
pt_brandenburg_british_buckingham_brandenburg_gate_42723789_7775854318.png,pt_brandenburg_british_buckingham,cluster27,brandenburg_gate_42723789_7775854318.png,0.862049569;-0.149706131;-0.484209267;0.126712432;0.988700635;-0.080093777;0.490728540;0.007689472;0.871278585,0.928759161;-0.552341240;-1.689357573
pt_brandenburg_british_buckingham_brandenburg_gate_90954945_7168342309.png,pt_brandenburg_british_buckingham,cluster27,brandenburg_gate_90954945_7168342309.png,0.891080854;-0.133394317;-0.433798187;0.063131905;0.982969432;-0.172584640;0.449432168;0.126400363;0.884326679,0.334714987;0.668945386;-0.311792351
pt_brandenburg_british_buckingham_brandenburg_gate_76177997_2293073399.png,pt_brandenburg_british_buckingham,outliers,brandenburg_gate_76177997_2293073399.png,nan;nan;nan;nan;nan;nan;nan;nan;nan,nan;nan;nan
pt_brandenburg_british_buckingham_brandenburg_gate_74077013_184987611.png,pt_brandenburg_british_buckingham,cluster27,brandenburg_gate_74077013_184987611.png,0.295100653;-0.335952770;-0.894455891;0.186407202;0.938400561;-0.290958317;0.937106162;-0.080871031;0.339546634,4.643492678;0.233827612;3.464212013
pt_brandenburg_british_buckingham_brandenburg_gate_33797050_227462369.png,pt_brandenburg_british_buckingham,cluster27,brandenburg_gate_33797050_227462369.png,0.677168172;-0.151840696;-0.719991437;0.144910340;0.986834458;-0.071824412;0.721418228;-0.055696998;0.690256173,2.763439379;-0.173278124;0.328846590
pt_brandenburg_british_buckingham_brandenburg_gate_74576406_1433639911.png,pt_brandenburg_british_buckingham,cluster27,brandenburg_gate_74576406_1433639911.png,0.708340871;-0.122740128;-0.695117308;0.180177991;0.983583903;0.009929577;0.682487437;-0.132278365;0.718827748,2.707092416;-1.227015699;-0.341462358
pt_brandenburg_british_buckingham_brandenburg_gate_92841931_3067495942.png,pt_brandenburg_british_buckingham,cluster27,brandenburg_gate_92841931_3067495942.png,0.905322260;-0.158981935;-0.393848131;0.153016722;0.987118126;-0.046729954;0.396203848;-0.017959683;0.917986907,0.292837259;-1.224621509;0.344857029
pt_brandenburg_british_buckingham_brandenburg_gate_24072578_3313430186.png,pt_brandenburg_british_buckingham,cluster27,brandenburg_gate_24072578_3313430186.png,0.833226936;-0.102555065;-0.543337218;0.243861987;0.950076373;0.194643821;0.496250143;-0.294681769;0.816638507,0.762903995;-2.443471781;-2.704916322
pt_brandenburg_british_buckingham_brandenburg_gate_41213067_5831563503.png,pt_brandenburg_british_buckingham,cluster27,brandenburg_gate_41213067_5831563503.png,0.952673995;-0.058560779;-0.298300008;0.033939009;0.995624274;-0.087065774;0.302093368;0.072821292;0.950492849,-0.005848167;-0.139376549;-0.455723627
pt_brandenburg_british_buckingham_brandenburg_gate_80142447_1434506947.png,pt_brandenburg_british_buckingham,cluster27,brandenburg_gate_80142447_1434506947.png,0.896897822;-0.147726421;-0.416834741;0.123183853;0.988707203;-0.085345206;0.424735253;0.025198620;0.904966847,0.148709991;-0.088110576;0.577837394
pt_brandenburg_british_buckingham_brandenburg_gate_23128078_9800439215.png,pt_brandenburg_british_buckingham,cluster27,brandenburg_gate_23128078_9800439215.png,0.937675404;-0.114647059;-0.328056228;0.074064911;0.988254248;-0.133670981;0.339527945;0.101042536;0.935153025,-0.434237651;-0.479592582;1.716201635
pt_brandenburg_british_buckingham_brandenburg_gate_36555276_225381350.png,pt_brandenburg_british_buckingham,cluster27,brandenburg_gate_36555276_225381350.png,0.807197279;-0.106609795;-0.580574633;0.240512432;0.957609251;0.158550598;0.539060592;-0.267617029;0.798620563,1.196816423;-1.851439352;-4.558844570
pt_brandenburg_british_buckingham_brandenburg_gate_59713287_6809504619.png,pt_brandenburg_british_buckingham,cluster27,brandenburg_gate_59713287_6809504619.png,0.892363510;-0.130411033;-0.432065190;0.108802527;0.991269116;-0.074481874;0.438006137;0.019455122;0.898761438,0.181957577;-0.228533270;0.630306629
pt_brandenburg_british_buckingham_brandenburg_gate_82818583_7062231077.png,pt_brandenburg_british_buckingham,cluster27,brandenburg_gate_82818583_7062231077.png,0.888109001;-0.166398755;-0.428455198;0.024137742;0.947766576;-0.318050133;0.458998663;0.272121245;0.845736517,-0.094746301;0.308682361;3.024427281
pt_piazzasanmarco_grandplace_piazza_san_marco_62119409_1192224848.png,pt_piazzasanmarco_grandplace,outliers,piazza_san_marco_62119409_1192224848.png,nan;nan;nan;nan;nan;nan;nan;nan;nan,nan;nan;nan
pt_piazzasanmarco_grandplace_piazza_san_marco_62044241_3006469222.png,pt_piazzasanmarco_grandplace,outliers,piazza_san_marco_62044241_3006469222.png,nan;nan;nan;nan;nan;nan;nan;nan;nan,nan;nan;nan
pt_piazzasanmarco_grandplace_piazza_san_marco_60642120_4838112159.png,pt_piazzasanmarco_grandplace,outliers,piazza_san_marco_60642120_4838112159.png,nan;nan;nan;nan;nan;nan;nan;nan;nan,nan;nan;nan
pt_piazzasanmarco_grandplace_piazza_san_marco_60124074_10553534575.png,pt_piazzasanmarco_grandplace,outliers,piazza_san_marco_60124074_10553534575.png,nan;nan;nan;nan;nan;nan;nan;nan;nan,nan;nan;nan
pt_piazzasanmarco_grandplace_piazza_san_marco_59702055_3587019674.png,pt_piazzasanmarco_grandplace,outliers,piazza_san_marco_59702055_3587019674.png,nan;nan;nan;nan;nan;nan;nan;nan;nan,nan;nan;nan
pt_piazzasanmarco_grandplace_piazza_san_marco_57743773_3911679421.png,pt_piazzasanmarco_grandplace,cluster29,piazza_san_marco_57743773_3911679421.png,0.768732161;-0.056340017;-0.637084506;0.013646013;0.997330574;-0.071732230;0.639425251;0.046449209;0.767448903,3.157361123;0.618611403;1.825797649
pt_piazzasanmarco_grandplace_piazza_san_marco_51641355_9558925683.png,pt_piazzasanmarco_grandplace,outliers,piazza_san_marco_51641355_9558925683.png,nan;nan;nan;nan;nan;nan;nan;nan;nan,nan;nan;nan
pt_piazzasanmarco_grandplace_piazza_san_marco_51202043_9310221789.png,pt_piazzasanmarco_grandplace,outliers,piazza_san_marco_51202043_9310221789.png,nan;nan;nan;nan;nan;nan;nan;nan;nan,nan;nan;nan
pt_piazzasanmarco_grandplace_piazza_san_marco_50153416_1936826074.png,pt_piazzasanmarco_grandplace,cluster29,piazza_san_marco_50153416_1936826074.png,0.835095742;-0.505689302;0.216548914;0.445158545;0.852487212;0.274042741;-0.323185662;-0.132453327;0.937020354,-3.075353239;-1.868437684;5.070783999
pt_piazzasanmarco_grandplace_piazza_san_marco_49865216_1748767363.png,pt_piazzasanmarco_grandplace,outliers,piazza_san_marco_49865216_1748767363.png,nan;nan;nan;nan;nan;nan;nan;nan;nan,nan;nan;nan
pt_piazzasanmarco_grandplace_piazza_san_marco_48879463_9871466366.png,pt_piazzasanmarco_grandplace,cluster29,piazza_san_marco_48879463_9871466366.png,0.234882179;0.150461674;0.960308100;-0.064398652;0.988185241;-0.139078187;-0.969888228;-0.029175559;0.241796632,-5.284126715;0.540006459;7.080772874
pt_piazzasanmarco_grandplace_piazza_san_marco_48336247_12513898.png,pt_piazzasanmarco_grandplace,outliers,piazza_san_marco_48336247_12513898.png,nan;nan;nan;nan;nan;nan;nan;nan;nan,nan;nan;nan
pt_piazzasanmarco_grandplace_piazza_san_marco_47978286_6233178275.png,pt_piazzasanmarco_grandplace,outliers,piazza_san_marco_47978286_6233178275.png,nan;nan;nan;nan;nan;nan;nan;nan;nan,nan;nan;nan
pt_piazzasanmarco_grandplace_piazza_san_marco_44559050_8123175494.png,pt_piazzasanmarco_grandplace,outliers,piazza_san_marco_44559050_8123175494.png,nan;nan;nan;nan;nan;nan;nan;nan;nan,nan;nan;nan
pt_piazzasanmarco_grandplace_piazza_san_marco_43613632_3927740200.png,pt_piazzasanmarco_grandplace,outliers,piazza_san_marco_43613632_3927740200.png,nan;nan;nan;nan;nan;nan;nan;nan;nan,nan;nan;nan
pt_piazzasanmarco_grandplace_piazza_san_marco_43351518_2659980686.png,pt_piazzasanmarco_grandplace,outliers,piazza_san_marco_43351518_2659980686.png,nan;nan;nan;nan;nan;nan;nan;nan;nan,nan;nan;nan
pt_piazzasanmarco_grandplace_piazza_san_marco_37929918_11153434073.png,pt_piazzasanmarco_grandplace,cluster29,piazza_san_marco_37929918_11153434073.png,0.963323742;0.069593613;-0.259160368;0.031455695;0.929839566;0.366618221;0.266491851;-0.361324106;0.893547415,0.537190093;0.342912921;0.803835622
pt_piazzasanmarco_grandplace_piazza_san_marco_36422008_2674079787.png,pt_piazzasanmarco_grandplace,cluster29,piazza_san_marco_36422008_2674079787.png,0.937152907;-0.198298751;-0.287092380;0.208466324;0.978016945;0.004964542;0.279796750;-0.064501628;0.957890035,0.734995166;0.293036798;0.535117615
pt_piazzasanmarco_grandplace_piazza_san_marco_36146268_3693794507.png,pt_piazzasanmarco_grandplace,outliers,piazza_san_marco_36146268_3693794507.png,nan;nan;nan;nan;nan;nan;nan;nan;nan,nan;nan;nan
pt_piazzasanmarco_grandplace_piazza_san_marco_35580319_7242840168.png,pt_piazzasanmarco_grandplace,outliers,piazza_san_marco_35580319_7242840168.png,nan;nan;nan;nan;nan;nan;nan;nan;nan,nan;nan;nan
pt_piazzasanmarco_grandplace_piazza_san_marco_34900147_9647945813.png,pt_piazzasanmarco_grandplace,outliers,piazza_san_marco_34900147_9647945813.png,nan;nan;nan;nan;nan;nan;nan;nan;nan,nan;nan;nan
pt_piazzasanmarco_grandplace_piazza_san_marco_33370194_3086484243.png,pt_piazzasanmarco_grandplace,outliers,piazza_san_marco_33370194_3086484243.png,nan;nan;nan;nan;nan;nan;nan;nan;nan,nan;nan;nan
pt_piazzasanmarco_grandplace_piazza_san_marco_32189638_13916077925.png,pt_piazzasanmarco_grandplace,outliers,piazza_san_marco_32189638_13916077925.png,nan;nan;nan;nan;nan;nan;nan;nan;nan,nan;nan;nan
pt_piazzasanmarco_grandplace_piazza_san_marco_23831030_2515629875.png,pt_piazzasanmarco_grandplace,outliers,piazza_san_marco_23831030_2515629875.png,nan;nan;nan;nan;nan;nan;nan;nan;nan,nan;nan;nan
pt_piazzasanmarco_grandplace_piazza_san_marco_08641657_1396164280.png,pt_piazzasanmarco_grandplace,outliers,piazza_san_marco_08641657_1396164280.png,nan;nan;nan;nan;nan;nan;nan;nan;nan,nan;nan;nan
pt_piazzasanmarco_grandplace_piazza_san_marco_07961084_7175726083.png,pt_piazzasanmarco_grandplace,outliers,piazza_san_marco_07961084_7175726083.png,nan;nan;nan;nan;nan;nan;nan;nan;nan,nan;nan;nan
pt_piazzasanmarco_grandplace_piazza_san_marco_05687240_1655294248.png,pt_piazzasanmarco_grandplace,cluster29,piazza_san_marco_05687240_1655294248.png,0.996455693;0.084103185;0.001644964;-0.081447942;0.959738370;0.268828000;0.021030556;-0.268009170;0.963186794,-0.883355971;-0.000993173;0.475751635
pt_piazzasanmarco_grandplace_piazza_san_marco_05446260_7175726639.png,pt_piazzasanmarco_grandplace,outliers,piazza_san_marco_05446260_7175726639.png,nan;nan;nan;nan;nan;nan;nan;nan;nan,nan;nan;nan
pt_piazzasanmarco_grandplace_piazza_san_marco_00911019_30410665.png,pt_piazzasanmarco_grandplace,cluster29,piazza_san_marco_00911019_30410665.png,0.887253093;-0.125991653;-0.443743227;0.096569704;0.991393108;-0.088396815;0.451061238;0.035578196;0.891783579,1.548814133;0.441980878;1.477509129
pt_piazzasanmarco_grandplace_piazza_san_marco_02765213_3937871604.png,pt_piazzasanmarco_grandplace,cluster29,piazza_san_marco_02765213_3937871604.png,0.954245281;0.013256288;-0.298731007;0.005724487;0.998023938;0.062573546;0.298970189;-0.061420592;0.952283748,1.354238698;0.191652941;-0.988282631
pt_piazzasanmarco_grandplace_piazza_san_marco_02938363_7768045658.png,pt_piazzasanmarco_grandplace,cluster29,piazza_san_marco_02938363_7768045658.png,0.872874645;-0.292651317;-0.390442134;0.249583516;0.955358615;-0.158107511;0.419282628;0.040560117;0.906949257,1.028778048;0.482392561;0.647528678
pt_piazzasanmarco_grandplace_piazza_san_marco_03929605_4794028100.png,pt_piazzasanmarco_grandplace,cluster29,piazza_san_marco_03929605_4794028100.png,0.931385419;-0.101880883;-0.349487462;0.095642461;0.994796341;-0.035110661;0.351245954;-0.000724283;0.936282946,1.292516508;0.233402066;4.443296120
pt_piazzasanmarco_grandplace_piazza_san_marco_16413076_9488649958.png,pt_piazzasanmarco_grandplace,outliers,piazza_san_marco_16413076_9488649958.png,nan;nan;nan;nan;nan;nan;nan;nan;nan,nan;nan;nan
pt_piazzasanmarco_grandplace_piazza_san_marco_16953110_11565839383.png,pt_piazzasanmarco_grandplace,outliers,piazza_san_marco_16953110_11565839383.png,nan;nan;nan;nan;nan;nan;nan;nan;nan,nan;nan;nan
pt_piazzasanmarco_grandplace_piazza_san_marco_19489590_236391387.png,pt_piazzasanmarco_grandplace,cluster29,piazza_san_marco_19489590_236391387.png,0.911204548;-0.191344974;-0.364819645;0.193265273;0.980636877;-0.031620397;0.363806001;-0.041694319;0.930541121,1.089036471;0.433338659;0.743466097
pt_piazzasanmarco_grandplace_piazza_san_marco_20308172_3751782049.png,pt_piazzasanmarco_grandplace,cluster30,piazza_san_marco_20308172_3751782049.png,0.519965681;-0.003730152;-0.854179007;-0.164210753;-0.981774681;-0.095672905;-0.838254448;0.190012006;-0.511101672,128.268797565;50.057427177;438.513824626
pt_piazzasanmarco_grandplace_piazza_san_marco_21269219_11222531165.png,pt_piazzasanmarco_grandplace,cluster29,piazza_san_marco_21269219_11222531165.png,0.949289088;0.083572443;0.303093838;-0.114696387;0.989640196;0.086354047;-0.292737027;-0.116738722;0.949040096,-2.286390018;-0.106432618;1.746823010
pt_piazzasanmarco_grandplace_piazza_san_marco_78763159_3108420750.png,pt_piazzasanmarco_grandplace,outliers,piazza_san_marco_78763159_3108420750.png,nan;nan;nan;nan;nan;nan;nan;nan;nan,nan;nan;nan
pt_piazzasanmarco_grandplace_piazza_san_marco_79015492_5156227704.png,pt_piazzasanmarco_grandplace,cluster29,piazza_san_marco_79015492_5156227704.png,0.770461986;-0.267955363;-0.578436039;0.182554319;0.962109699;-0.202531105;0.610788219;0.050446520;0.790185358,1.515555129;0.677415389;4.246811878
pt_piazzasanmarco_grandplace_piazza_san_marco_79425959_1797859257.png,pt_piazzasanmarco_grandplace,outliers,piazza_san_marco_79425959_1797859257.png,nan;nan;nan;nan;nan;nan;nan;nan;nan,nan;nan;nan
pt_piazzasanmarco_grandplace_piazza_san_marco_79666681_10553566785.png,pt_piazzasanmarco_grandplace,outliers,piazza_san_marco_79666681_10553566785.png,nan;nan;nan;nan;nan;nan;nan;nan;nan,nan;nan;nan
pt_piazzasanmarco_grandplace_piazza_san_marco_86390456_4731250935.png,pt_piazzasanmarco_grandplace,cluster30,piazza_san_marco_86390456_4731250935.png,0.551635473;-0.760905786;0.341644098;-0.357958799;-0.585935595;-0.727010988;0.753368305;0.278750539;-0.595595781,-6.539284181;6.889569427;11.428953859
pt_piazzasanmarco_grandplace_piazza_san_marco_87075524_5742959286.png,pt_piazzasanmarco_grandplace,outliers,piazza_san_marco_87075524_5742959286.png,nan;nan;nan;nan;nan;nan;nan;nan;nan,nan;nan;nan
pt_piazzasanmarco_grandplace_piazza_san_marco_87197910_5742405011.png,pt_piazzasanmarco_grandplace,outliers,piazza_san_marco_87197910_5742405011.png,nan;nan;nan;nan;nan;nan;nan;nan;nan,nan;nan;nan
pt_piazzasanmarco_grandplace_piazza_san_marco_89563571_5498158307.png,pt_piazzasanmarco_grandplace,cluster30,piazza_san_marco_89563571_5498158307.png,0.875073366;-0.481863989;0.045317771;-0.479412108;-0.875836055;-0.055454806;0.066412612;0.026801135;-0.997432235,28.084507250;37.473942238;447.857505183
pt_piazzasanmarco_grandplace_piazza_san_marco_93114090_518435769.png,pt_piazzasanmarco_grandplace,cluster29,piazza_san_marco_93114090_518435769.png,0.870556947;-0.203465237;-0.448031806;0.212770734;0.976638613;-0.030093770;0.443688198;-0.069129716;0.893510977,1.765953880;0.595440972;0.264621799
pt_piazzasanmarco_grandplace_piazza_san_marco_93221497_7164520549.png,pt_piazzasanmarco_grandplace,cluster34,piazza_san_marco_93221497_7164520549.png,0.968282696;0.066201708;-0.240927282;-0.087818064;0.992910162;-0.080108668;0.233915816;0.098725604;0.967231434,-0.167265676;-0.020764637;1.139911713
pt_piazzasanmarco_grandplace_piazza_san_marco_93587382_6156273792.png,pt_piazzasanmarco_grandplace,outliers,piazza_san_marco_93587382_6156273792.png,nan;nan;nan;nan;nan;nan;nan;nan;nan,nan;nan;nan
pt_piazzasanmarco_grandplace_piazza_san_marco_94011496_2894625345.png,pt_piazzasanmarco_grandplace,outliers,piazza_san_marco_94011496_2894625345.png,nan;nan;nan;nan;nan;nan;nan;nan;nan,nan;nan;nan
pt_piazzasanmarco_grandplace_piazza_san_marco_92816782_2348689080.png,pt_piazzasanmarco_grandplace,outliers,piazza_san_marco_92816782_2348689080.png,nan;nan;nan;nan;nan;nan;nan;nan;nan,nan;nan;nan
pt_piazzasanmarco_grandplace_piazza_san_marco_92643910_5422709475.png,pt_piazzasanmarco_grandplace,cluster29,piazza_san_marco_92643910_5422709475.png,0.871677290;-0.170461812;-0.459479567;0.154442382;0.985334058;-0.072555810;0.465108861;-0.007717867;0.885219850,1.493914635;0.570123403;1.490095267
pt_piazzasanmarco_grandplace_piazza_san_marco_91949369_5742957310.png,pt_piazzasanmarco_grandplace,outliers,piazza_san_marco_91949369_5742957310.png,nan;nan;nan;nan;nan;nan;nan;nan;nan,nan;nan;nan
pt_piazzasanmarco_grandplace_piazza_san_marco_91363954_9618264007.png,pt_piazzasanmarco_grandplace,outliers,piazza_san_marco_91363954_9618264007.png,nan;nan;nan;nan;nan;nan;nan;nan;nan,nan;nan;nan
pt_piazzasanmarco_grandplace_piazza_san_marco_91217018_430586397.png,pt_piazzasanmarco_grandplace,outliers,piazza_san_marco_91217018_430586397.png,nan;nan;nan;nan;nan;nan;nan;nan;nan,nan;nan;nan
pt_piazzasanmarco_grandplace_piazza_san_marco_90726425_1192292030.png,pt_piazzasanmarco_grandplace,outliers,piazza_san_marco_90726425_1192292030.png,nan;nan;nan;nan;nan;nan;nan;nan;nan,nan;nan;nan
pt_piazzasanmarco_grandplace_piazza_san_marco_90638337_1435435593.png,pt_piazzasanmarco_grandplace,outliers,piazza_san_marco_90638337_1435435593.png,nan;nan;nan;nan;nan;nan;nan;nan;nan,nan;nan;nan
pt_piazzasanmarco_grandplace_piazza_san_marco_78389630_9150785175.png,pt_piazzasanmarco_grandplace,cluster29,piazza_san_marco_78389630_9150785175.png,0.789991582;0.018241778;0.612846259;-0.153916564;0.973448878;0.169431322;-0.593483775;-0.228176508;0.771824131,-4.234011258;-0.193687292;0.068249062
pt_piazzasanmarco_grandplace_piazza_san_marco_78197122_7042380723.png,pt_piazzasanmarco_grandplace,cluster34,piazza_san_marco_78197122_7042380723.png,0.962240240;0.075455532;-0.261534286;-0.099728593;0.991728739;-0.080797993;0.253274412;0.103829527;0.961806374,0.238989474;0.014280623;4.429847674
pt_piazzasanmarco_grandplace_piazza_san_marco_76323662_4175035496.png,pt_piazzasanmarco_grandplace,outliers,piazza_san_marco_76323662_4175035496.png,nan;nan;nan;nan;nan;nan;nan;nan;nan,nan;nan;nan
pt_piazzasanmarco_grandplace_piazza_san_marco_75292523_2051266090.png,pt_piazzasanmarco_grandplace,outliers,piazza_san_marco_75292523_2051266090.png,nan;nan;nan;nan;nan;nan;nan;nan;nan,nan;nan;nan
pt_piazzasanmarco_grandplace_piazza_san_marco_73256062_9276377947.png,pt_piazzasanmarco_grandplace,cluster29,piazza_san_marco_73256062_9276377947.png,0.820793103;0.029427903;0.570467073;-0.181796341;0.960203200;0.212037508;-0.541524490;-0.277747751;0.793478049,-4.259338114;-0.017280275;0.743763601
pt_piazzasanmarco_grandplace_piazza_san_marco_66788909_420268870.png,pt_piazzasanmarco_grandplace,cluster29,piazza_san_marco_66788909_420268870.png,0.726960738;0.115057536;0.676971084;-0.339694080;0.917039184;0.208918806;-0.596771327;-0.381838839;0.705735846,-4.741609001;0.330818301;0.038794964
pt_piazzasanmarco_grandplace_piazza_san_marco_65627187_4621853852.png,pt_piazzasanmarco_grandplace,cluster30,piazza_san_marco_65627187_4621853852.png,-0.299330994;-0.188364317;-0.935371499;-0.285602461;0.953060824;-0.100530092;0.910402214;0.237052629;-0.339077956,-42.790055381;46.010940649;414.303368465
pt_piazzasanmarco_grandplace_piazza_san_marco_65581481_3524160597.png,pt_piazzasanmarco_grandplace,cluster29,piazza_san_marco_65581481_3524160597.png,0.897676745;-0.252491166;-0.361143563;0.242710611;0.967346676;-0.073020321;0.367788011;-0.022104731;0.929646901,0.848861017;0.396576350;0.401801757
pt_piazzasanmarco_grandplace_piazza_san_marco_65217461_5742419027.png,pt_piazzasanmarco_grandplace,cluster29,piazza_san_marco_65217461_5742419027.png,0.679955002;-0.176494869;-0.711695691;0.155167736;0.983252396;-0.095591312;0.716647870;-0.045434419;0.695953694,4.073358726;1.504416837;2.042926145
pt_piazzasanmarco_grandplace_piazza_san_marco_64400658_2226109244.png,pt_piazzasanmarco_grandplace,outliers,piazza_san_marco_64400658_2226109244.png,nan;nan;nan;nan;nan;nan;nan;nan;nan,nan;nan;nan
pt_piazzasanmarco_grandplace_piazza_san_marco_63338936_4890937953.png,pt_piazzasanmarco_grandplace,outliers,piazza_san_marco_63338936_4890937953.png,nan;nan;nan;nan;nan;nan;nan;nan;nan,nan;nan;nan
pt_piazzasanmarco_grandplace_piazza_san_marco_62409294_4434824649.png,pt_piazzasanmarco_grandplace,cluster34,piazza_san_marco_62409294_4434824649.png,0.966000296;0.090194029;-0.242298300;-0.110705300;0.991213458;-0.072389351;0.233640248;0.096751840;0.967497450,-0.164916129;-0.019989420;-5.563761014
pt_piazzasanmarco_grandplace_grand_place_brussels_57895262_5823807439.png,pt_piazzasanmarco_grandplace,cluster30,grand_place_brussels_57895262_5823807439.png,0.922618118;-0.069198893;0.379456615;0.044806531;0.996343018;0.072752762;-0.383103359;-0.050120882;0.922344682,-2.623386446;-0.040965212;2.032501326
pt_piazzasanmarco_grandplace_grand_place_brussels_94589793_5911133174.png,pt_piazzasanmarco_grandplace,cluster30,grand_place_brussels_94589793_5911133174.png,0.964875677;0.009672348;0.262528807;-0.010254472;0.999947062;0.000847352;-0.262506713;-0.003509683;0.964923783,-2.778503995;0.014303353;1.877774255
pt_piazzasanmarco_grandplace_grand_place_brussels_29589789_8732590004.png,pt_piazzasanmarco_grandplace,cluster30,grand_place_brussels_29589789_8732590004.png,0.630546774;-0.066664585;-0.773283000;0.101496023;0.994831413;-0.003002825;0.769486402;-0.076591728;0.634053929,1.743227331;-0.084704206;0.064994560
pt_piazzasanmarco_grandplace_grand_place_brussels_32610159_13881489624.png,pt_piazzasanmarco_grandplace,outliers,grand_place_brussels_32610159_13881489624.png,nan;nan;nan;nan;nan;nan;nan;nan;nan,nan;nan;nan
pt_piazzasanmarco_grandplace_grand_place_brussels_22907382_4299384445.png,pt_piazzasanmarco_grandplace,cluster33,grand_place_brussels_22907382_4299384445.png,0.962474929;0.040288677;0.268363248;-0.156613072;0.890075869;0.428062253;-0.221617590;-0.454028380;0.862985443,-1.985311384;0.723865818;3.617465406
pt_piazzasanmarco_grandplace_grand_place_brussels_54689750_8177752931.png,pt_piazzasanmarco_grandplace,cluster33,grand_place_brussels_54689750_8177752931.png,0.980304771;0.096820202;0.172129036;-0.168406933;0.865087387;0.472507056;-0.103158430;-0.492188645;0.864354485,-0.432982677;0.706359062;2.438661586
pt_piazzasanmarco_grandplace_grand_place_brussels_61195081_2862626518.png,pt_piazzasanmarco_grandplace,cluster30,grand_place_brussels_61195081_2862626518.png,0.836887217;-0.091506264;-0.539672483;0.017179095;0.989832771;-0.141194773;0.547105716;0.108893016;0.829950388,-5.212668255;-2.653984964;14.184046699
pt_piazzasanmarco_grandplace_grand_place_brussels_61442570_1877638298.png,pt_piazzasanmarco_grandplace,cluster33,grand_place_brussels_61442570_1877638298.png,0.983502901;0.084315252;0.160040566;-0.153302690;0.858137714;0.489997908;-0.096022548;-0.506449013;0.856906685,0.903400710;0.604105470;0.017611690
pt_piazzasanmarco_grandplace_grand_place_brussels_89270148_8703811409.png,pt_piazzasanmarco_grandplace,cluster30,grand_place_brussels_89270148_8703811409.png,0.997566419;0.000066037;0.069722562;-0.002643990;0.999316100;0.036882813;-0.069672443;-0.036977402;0.996884358,-0.249896681;0.136290262;-2.431219416
pt_piazzasanmarco_grandplace_grand_place_brussels_65723931_2797767702.png,pt_piazzasanmarco_grandplace,cluster30,grand_place_brussels_65723931_2797767702.png,0.999829386;0.005810219;-0.017533959;-0.002897197;0.986819859;0.161796699;0.018242933;-0.161718295;0.986668328,0.497325116;-0.246071242;-2.094616633
pt_piazzasanmarco_grandplace_grand_place_brussels_12461054_2954451845.png,pt_piazzasanmarco_grandplace,cluster30,grand_place_brussels_12461054_2954451845.png,0.922821893;-0.043204618;-0.382796440;0.103611105;0.984911276;0.138616442;0.371031660;-0.167580249;0.913374166,2.985780219;-0.003079429;-2.226168085
pt_piazzasanmarco_grandplace_grand_place_brussels_63879656_8828566618.png,pt_piazzasanmarco_grandplace,cluster33,grand_place_brussels_63879656_8828566618.png,0.980899546;0.094489313;0.170023088;-0.150643391;0.921992496;0.356702126;-0.123055473;-0.375501808;0.918616211,0.682739823;0.221294147;1.410604872
pt_piazzasanmarco_grandplace_grand_place_brussels_36406299_8032284977.png,pt_piazzasanmarco_grandplace,cluster33,grand_place_brussels_36406299_8032284977.png,0.983400010;0.143488389;0.111065309;-0.180291252;0.841777313;0.508828085;-0.020481335;-0.520405647;0.853673519,0.716238320;0.579923895;-1.741914088
pt_piazzasanmarco_grandplace_grand_place_brussels_77082765_2334078741.png,pt_piazzasanmarco_grandplace,cluster33,grand_place_brussels_77082765_2334078741.png,0.944926586;-0.055784364;0.322493181;-0.113421132;0.868487443;0.482561093;-0.307000641;-0.492562348;0.814329749,-1.816107821;-0.111041775;-0.093665348
pt_piazzasanmarco_grandplace_grand_place_brussels_98365344_176581376.png,pt_piazzasanmarco_grandplace,cluster33,grand_place_brussels_98365344_176581376.png,0.941574223;0.180897421;-0.284102281;-0.072553516;0.932656087;0.353395826;0.328898115;-0.312135781;0.891289675,3.839102013;-1.152577232;-1.809847378
pt_piazzasanmarco_grandplace_grand_place_brussels_04102017_4543731951.png,pt_piazzasanmarco_grandplace,cluster33,grand_place_brussels_04102017_4543731951.png,0.975022721;0.035480752;-0.219252843;0.015388560;0.973994004;0.226050596;0.221571399;-0.223778453;0.949120287,-0.035338919;-0.144383374;4.886738380
pt_piazzasanmarco_grandplace_grand_place_brussels_19836104_416362563.png,pt_piazzasanmarco_grandplace,cluster30,grand_place_brussels_19836104_416362563.png,0.973133946;-0.043988010;-0.225998625;0.083898366;0.981838949;0.170156815;0.214409392;-0.184546288;0.959151333,-1.673947781;0.282541870;2.020809058
pt_piazzasanmarco_grandplace_grand_place_brussels_09039293_8703814883.png,pt_piazzasanmarco_grandplace,cluster30,grand_place_brussels_09039293_8703814883.png,0.927763855;0.020934287;0.372580172;-0.052674222;0.995775185;0.075214404;-0.369431530;-0.089406576;0.924946922,-2.738044010;-0.006974573;0.358795488
pt_piazzasanmarco_grandplace_grand_place_brussels_30060098_13881136865.png,pt_piazzasanmarco_grandplace,cluster30,grand_place_brussels_30060098_13881136865.png,0.842051988;0.048262516;0.537232891;-0.089817493;0.994629679;0.051425868;-0.531865836;-0.091556166;0.841864716,2.404850313;0.432839862;8.810235517
pt_piazzasanmarco_grandplace_grand_place_brussels_82619588_2231634419.png,pt_piazzasanmarco_grandplace,cluster30,grand_place_brussels_82619588_2231634419.png,0.903099943;0.009856374;0.429317302;-0.091230747;0.981319007;0.169381098;-0.419627745;-0.192134998;0.887128344,-1.928782367;-0.018655622;0.407287734
pt_piazzasanmarco_grandplace_grand_place_brussels_33996128_10532176005.png,pt_piazzasanmarco_grandplace,cluster33,grand_place_brussels_33996128_10532176005.png,0.912158636;0.023912808;0.409139096;-0.242053638;0.837016318;0.490727744;-0.330721421;-0.546655157;0.769279846,-0.760738276;0.150570417;0.503645978
pt_piazzasanmarco_grandplace_grand_place_brussels_03884640_3907488533.png,pt_piazzasanmarco_grandplace,cluster30,grand_place_brussels_03884640_3907488533.png,0.998589333;0.003143432;0.053004359;-0.007370812;0.996787672;0.079749662;-0.052583404;-0.080027847;0.995404706,-0.450951388;0.096981932;-0.879862798
pt_piazzasanmarco_grandplace_grand_place_brussels_85875165_3423168615.png,pt_piazzasanmarco_grandplace,cluster30,grand_place_brussels_85875165_3423168615.png,0.947194766;-0.017210034;0.320196642;0.042779500;0.996414523;-0.072993242;-0.317792368;0.082836669;0.944534858,-3.131287173;0.167783332;-0.846115934
pt_piazzasanmarco_grandplace_grand_place_brussels_98347882_247481604.png,pt_piazzasanmarco_grandplace,cluster30,grand_place_brussels_98347882_247481604.png,0.998820081;-0.008030594;-0.047895256;0.010094589;0.999023688;0.043008957;0.047503107;-0.043441693;0.997925986,0.246898453;0.032338317;1.949546106
pt_piazzasanmarco_grandplace_grand_place_brussels_90505934_1674425132.png,pt_piazzasanmarco_grandplace,cluster30,grand_place_brussels_90505934_1674425132.png,0.998980714;0.002965292;0.045041547;0.001702444;0.994654875;-0.103241371;-0.045106935;0.103212819;0.993635989,-0.754654501;2.214164689;-0.985846181
pt_piazzasanmarco_grandplace_grand_place_brussels_65600629_2179631506.png,pt_piazzasanmarco_grandplace,cluster33,grand_place_brussels_65600629_2179631506.png,0.964770562;0.092827795;0.246172222;-0.163106605;0.945207451;0.282805780;-0.206431582;-0.312995007;0.927049151,0.047779532;0.239289451;-0.746501147
pt_piazzasanmarco_grandplace_grand_place_brussels_57903036_6034663613.png,pt_piazzasanmarco_grandplace,cluster30,grand_place_brussels_57903036_6034663613.png,0.976289482;-0.038157223;0.213079500;0.004851358;0.987951236;0.154689428;-0.216414674;-0.149987936;0.964711515,-1.683364289;0.053421042;-1.222123503
pt_piazzasanmarco_grandplace_grand_place_brussels_32506932_9376290469.png,pt_piazzasanmarco_grandplace,cluster33,grand_place_brussels_32506932_9376290469.png,0.888344265;0.165413838;-0.428348841;-0.029852512;0.951691700;0.305600614;0.458206607;-0.258691264;0.850367882,2.474325356;-0.586524968;-3.539912971
pt_piazzasanmarco_grandplace_grand_place_brussels_76893682_2999450842.png,pt_piazzasanmarco_grandplace,cluster30,grand_place_brussels_76893682_2999450842.png,0.993837011;-0.005451704;-0.110717096;0.016201087;0.995208601;0.096422851;0.109660937;-0.097622335;0.989163464,1.108216317;-0.068839533;1.553636559
pt_piazzasanmarco_grandplace_grand_place_brussels_56929508_8486048059.png,pt_piazzasanmarco_grandplace,cluster33,grand_place_brussels_56929508_8486048059.png,0.929565934;0.012504588;0.368443768;-0.159053372;0.915225388;0.370222249;-0.332579614;-0.402748214;0.852751239,-0.280411398;-0.096028165;0.280930843
pt_piazzasanmarco_grandplace_grand_place_brussels_12259150_2265169853.png,pt_piazzasanmarco_grandplace,cluster30,grand_place_brussels_12259150_2265169853.png,0.980706046;-0.023850855;0.194027803;0.022917714;0.999712476;0.007052889;-0.194140233;-0.002470137;0.980970677,-0.799016663;-0.168032805;0.287544476
pt_piazzasanmarco_grandplace_grand_place_brussels_33234837_3550291978.png,pt_piazzasanmarco_grandplace,cluster30,grand_place_brussels_33234837_3550291978.png,0.678782772;-0.062253649;-0.731695587;0.093972093;0.995571763;0.002471878;0.728301582;-0.070436834;0.681627067,1.896308469;0.257216930;-1.268653848
pt_piazzasanmarco_grandplace_grand_place_brussels_42923853_104932205.png,pt_piazzasanmarco_grandplace,cluster30,grand_place_brussels_42923853_104932205.png,0.999580961;0.007557640;0.027942507;-0.010285635;0.995052895;0.098812661;-0.027057482;-0.099058661;0.994713665,-0.077589538;0.232977625;0.897780836
pt_piazzasanmarco_grandplace_grand_place_brussels_19450330_5824490434.png,pt_piazzasanmarco_grandplace,cluster30,grand_place_brussels_19450330_5824490434.png,0.995150565;-0.026604289;-0.094697229;0.032932536;0.997282421;0.065903111;0.092686576;-0.068702138;0.993322312,0.818167090;0.070481040;-0.603362819
pt_piazzasanmarco_grandplace_grand_place_brussels_27114106_8683698083.png,pt_piazzasanmarco_grandplace,cluster33,grand_place_brussels_27114106_8683698083.png,0.706767887;0.087805049;0.701975375;-0.259397301;0.955322759;0.141673802;-0.658173377;-0.282221012;0.697967840,-0.357703047;0.378710687;8.435368187
pt_piazzasanmarco_grandplace_grand_place_brussels_95763587_2232280810.png,pt_piazzasanmarco_grandplace,cluster30,grand_place_brussels_95763587_2232280810.png,0.952452210;-0.029322767;-0.303273743;0.019873495;0.999217474;-0.034197709;0.304039195;0.026544575;0.952289637,-0.664190076;-0.176357442;2.383541021
pt_piazzasanmarco_grandplace_grand_place_brussels_33680148_1033484404.png,pt_piazzasanmarco_grandplace,cluster30,grand_place_brussels_33680148_1033484404.png,0.903560726;0.027968654;0.427546218;-0.047835495;0.998213683;0.035793983;-0.425781375;-0.052793922;0.903284574,-3.374275240;0.192939165;-0.124883562
pt_piazzasanmarco_grandplace_grand_place_brussels_45351744_6834302276.png,pt_piazzasanmarco_grandplace,cluster30,grand_place_brussels_45351744_6834302276.png,0.919077756;-0.021799567;-0.393472817;0.008466944;0.999330653;-0.035588725;0.393985266;0.029377294;0.918647149,0.693393842;-1.088799872;6.862515390
pt_piazzasanmarco_grandplace_grand_place_brussels_64752693_9379071376.png,pt_piazzasanmarco_grandplace,cluster33,grand_place_brussels_64752693_9379071376.png,0.978217124;0.074360924;0.193808439;-0.156294943;0.878272090;0.451896036;-0.136613136;-0.472343720;0.870763034,-1.093570316;0.639006632;1.927410618
pt_piazzasanmarco_grandplace_grand_place_brussels_80419518_5109586935.png,pt_piazzasanmarco_grandplace,cluster30,grand_place_brussels_80419518_5109586935.png,0.966215503;-0.037138950;0.255045681;0.022757271;0.997991996;0.059110773;-0.256728860;-0.051309602;0.965120519,-1.961338618;0.088970005;4.061617038
pt_piazzasanmarco_grandplace_grand_place_brussels_64133734_1372277262.png,pt_piazzasanmarco_grandplace,cluster33,grand_place_brussels_64133734_1372277262.png,0.997160619;0.064311054;-0.039176363;-0.053420260;0.970788784;0.233913259;0.053075182;-0.231156279;0.971467858,0.669530458;0.551439000;-1.201028422
pt_piazzasanmarco_grandplace_grand_place_brussels_29761653_183977068.png,pt_piazzasanmarco_grandplace,outliers,grand_place_brussels_29761653_183977068.png,nan;nan;nan;nan;nan;nan;nan;nan;nan,nan;nan;nan
pt_piazzasanmarco_grandplace_grand_place_brussels_45605507_6470820469.png,pt_piazzasanmarco_grandplace,cluster30,grand_place_brussels_45605507_6470820469.png,0.984085380;-0.024363076;-0.176018195;0.049155128;0.989226159;0.137896264;0.170762226;-0.144353894;0.974680571,-2.000159295;-0.211240444;-2.093544513
pt_piazzasanmarco_grandplace_grand_place_brussels_54789298_4426358141.png,pt_piazzasanmarco_grandplace,cluster30,grand_place_brussels_54789298_4426358141.png,0.892031308;-0.020836095;-0.451493082;-0.014882175;0.997041095;-0.075416015;0.451728532;0.073992645;0.889081786,-0.404487756;-0.223528191;3.911356614
pt_piazzasanmarco_grandplace_grand_place_brussels_37434597_3796271634.png,pt_piazzasanmarco_grandplace,cluster30,grand_place_brussels_37434597_3796271634.png,0.999403324;0.007383541;-0.033741349;-0.003868971;0.994667247;0.103063565;0.034322389;-0.102871526;0.994102320,1.084140038;0.493403734;3.470521478
pt_piazzasanmarco_grandplace_grand_place_brussels_92332702_2575760403.png,pt_piazzasanmarco_grandplace,cluster33,grand_place_brussels_92332702_2575760403.png,0.986189045;0.159549780;-0.044441378;-0.140283818;0.947312787;0.287956478;0.088043279;-0.277745118;0.956611745,2.374427078;0.477167863;-0.767744766
pt_piazzasanmarco_grandplace_grand_place_brussels_10479978_4543725197.png,pt_piazzasanmarco_grandplace,outliers,grand_place_brussels_10479978_4543725197.png,nan;nan;nan;nan;nan;nan;nan;nan;nan,nan;nan;nan
pt_piazzasanmarco_grandplace_grand_place_brussels_96196686_8643079931.png,pt_piazzasanmarco_grandplace,cluster30,grand_place_brussels_96196686_8643079931.png,0.703792451;0.037900617;0.709393916;-0.238028806;0.953435589;0.185210328;-0.669341821;-0.299205818;0.680042209,-2.378625679;0.327548286;0.908292296
pt_piazzasanmarco_grandplace_grand_place_brussels_75963148_11531980813.png,pt_piazzasanmarco_grandplace,outliers,grand_place_brussels_75963148_11531980813.png,nan;nan;nan;nan;nan;nan;nan;nan;nan,nan;nan;nan
pt_piazzasanmarco_grandplace_grand_place_brussels_47313503_3591060105.png,pt_piazzasanmarco_grandplace,outliers,grand_place_brussels_47313503_3591060105.png,nan;nan;nan;nan;nan;nan;nan;nan;nan,nan;nan;nan
pt_piazzasanmarco_grandplace_grand_place_brussels_10933059_2435329014.png,pt_piazzasanmarco_grandplace,cluster33,grand_place_brussels_10933059_2435329014.png,0.988115313;-0.019206858;0.152509752;-0.029320972;0.950394267;0.309662749;-0.150892042;-0.310454238;0.938535965,-1.245513284;0.012016066;-0.529964577
pt_piazzasanmarco_grandplace_grand_place_brussels_46564187_2334079229.png,pt_piazzasanmarco_grandplace,cluster33,grand_place_brussels_46564187_2334079229.png,0.995140361;-0.020746063;-0.096256240;0.044442943;0.966949425;0.251064999;0.087866305;-0.254122824;0.963172416,-0.892357159;0.006842530;-0.257314616
pt_piazzasanmarco_grandplace_grand_place_brussels_23213882_6298454445.png,pt_piazzasanmarco_grandplace,cluster30,grand_place_brussels_23213882_6298454445.png,0.992429443;-0.017769291;-0.121523880;0.028670992;0.995658389;0.088557022;0.119422675;-0.091370806;0.988630164,1.105299355;0.105819817;0.435088191
pt_piazzasanmarco_grandplace_grand_place_brussels_55042300_2998445423.png,pt_piazzasanmarco_grandplace,cluster33,grand_place_brussels_55042300_2998445423.png,0.829309646;0.398982487;-0.391226897;0.199159486;0.443109315;0.874065005;0.522092913;-0.802787089;0.288013682,4.891541565;-4.679589481;0.228437344
pt_piazzasanmarco_grandplace_grand_place_brussels_02136283_5474380279.png,pt_piazzasanmarco_grandplace,cluster30,grand_place_brussels_02136283_5474380279.png,0.991271879;-0.022432616;0.129910891;0.015100748;0.998251378;0.057150275;-0.130965756;-0.054689709;0.989877268,-0.620391901;-0.188853446;-0.540659210
pt_piazzasanmarco_grandplace_grand_place_brussels_50058391_104937272.png,pt_piazzasanmarco_grandplace,cluster30,grand_place_brussels_50058391_104937272.png,0.934295278;-0.035177545;-0.354760305;0.068781409;0.994209889;0.082557948;0.349802017;-0.101534415;0.931305165,2.479537860;0.710581990;-3.969269461
pt_piazzasanmarco_grandplace_grand_place_brussels_19785873_3796268760.png,pt_piazzasanmarco_grandplace,cluster30,grand_place_brussels_19785873_3796268760.png,0.990270047;-0.002577433;-0.139135154;0.036651667;0.969357480;0.242904780;0.134245632;-0.245640863;0.960020144,0.778595367;-0.062536564;1.855699641
pt_piazzasanmarco_grandplace_grand_place_brussels_84280780_9149810125.png,pt_piazzasanmarco_grandplace,outliers,grand_place_brussels_84280780_9149810125.png,nan;nan;nan;nan;nan;nan;nan;nan;nan,nan;nan;nan
pt_piazzasanmarco_grandplace_grand_place_brussels_72646474_2231631573.png,pt_piazzasanmarco_grandplace,cluster33,grand_place_brussels_72646474_2231631573.png,0.988601377;0.128596092;0.078296629;-0.147456287;0.932007896;0.331085978;-0.030396714;-0.338857384;0.940346592,1.548226007;0.139037244;-0.916379620
pt_piazzasanmarco_grandplace_grand_place_brussels_89428328_415853343.png,pt_piazzasanmarco_grandplace,outliers,grand_place_brussels_89428328_415853343.png,nan;nan;nan;nan;nan;nan;nan;nan;nan,nan;nan;nan
pt_piazzasanmarco_grandplace_grand_place_brussels_94608068_9152036176.png,pt_piazzasanmarco_grandplace,cluster30,grand_place_brussels_94608068_9152036176.png,0.994347020;0.001870203;0.106162643;-0.006395619;0.999084366;0.042302779;-0.105986322;-0.042742618;0.993448523,-0.264146381;-0.192450477;1.921963789
pt_piazzasanmarco_grandplace_grand_place_brussels_63358653_3107448586.png,pt_piazzasanmarco_grandplace,cluster30,grand_place_brussels_63358653_3107448586.png,0.991003613;-0.010344176;0.133434768;-0.005771228;0.992778290;0.119824706;-0.133710629;-0.119516799;0.983787173,-1.792163082;0.379460065;-2.151307235
pt_piazzasanmarco_grandplace_grand_place_brussels_18834309_5057033556.png,pt_piazzasanmarco_grandplace,outliers,grand_place_brussels_18834309_5057033556.png,nan;nan;nan;nan;nan;nan;nan;nan;nan,nan;nan;nan
pt_piazzasanmarco_grandplace_grand_place_brussels_48329521_332727450.png,pt_piazzasanmarco_grandplace,cluster30,grand_place_brussels_48329521_332727450.png,0.979935223;-0.013277040;0.198873524;0.006605096;0.999394050;0.034174624;-0.199206754;-0.032175339;0.979429128,-1.365027829;0.121584766;-0.705750905
pt_piazzasanmarco_grandplace_grand_place_brussels_28465422_5284916930.png,pt_piazzasanmarco_grandplace,cluster33,grand_place_brussels_28465422_5284916930.png,0.986505524;-0.013194720;0.163195437;-0.042070618;0.942851818;0.330545781;-0.158230573;-0.332950971;0.929573416,-0.965642783;-0.174862917;-0.133592551
pt_piazzasanmarco_grandplace_grand_place_brussels_31608163_6102133633.png,pt_piazzasanmarco_grandplace,cluster33,grand_place_brussels_31608163_6102133633.png,0.999368293;0.010947788;-0.033810670;0.002667545;0.925578586;0.378546119;0.035438674;-0.378397180;0.924964688,-1.663367121;-0.943836743;-2.828429949
pt_piazzasanmarco_grandplace_grand_place_brussels_08583359_2727285776.png,pt_piazzasanmarco_grandplace,cluster30,grand_place_brussels_08583359_2727285776.png,0.999815907;-0.018551829;0.004897155;0.018105685;0.996690616;0.079246447;-0.006351115;-0.079143191;0.996843026,0.238618844;0.059105161;-1.792648746
pt_piazzasanmarco_grandplace_grand_place_brussels_58370062_228935435.png,pt_piazzasanmarco_grandplace,outliers,grand_place_brussels_58370062_228935435.png,nan;nan;nan;nan;nan;nan;nan;nan;nan,nan;nan;nan
pt_piazzasanmarco_grandplace_grand_place_brussels_01587288_3907486251.png,pt_piazzasanmarco_grandplace,cluster30,grand_place_brussels_01587288_3907486251.png,0.952232087;0.084367832;0.293489558;-0.152360537;0.964169379;0.217171994;-0.264651315;-0.251514368;0.930967349,1.945391078;0.905637605;6.200143489
pt_piazzasanmarco_grandplace_grand_place_brussels_97679107_216044726.png,pt_piazzasanmarco_grandplace,outliers,grand_place_brussels_97679107_216044726.png,nan;nan;nan;nan;nan;nan;nan;nan;nan,nan;nan;nan
pt_piazzasanmarco_grandplace_grand_place_brussels_21473586_5735108576.png,pt_piazzasanmarco_grandplace,cluster33,grand_place_brussels_21473586_5735108576.png,0.844694497;0.041095667;0.533668767;-0.239059783;0.921042321;0.307459693;-0.478896258;-0.387288250;0.787823702,0.185196282;0.125129678;-0.558538267
pt_piazzasanmarco_grandplace_grand_place_brussels_37673540_9374525231.png,pt_piazzasanmarco_grandplace,cluster30,grand_place_brussels_37673540_9374525231.png,0.911147023;-0.029294997;-0.411038814;0.068464671;0.994368362;0.080895921;0.406354146;-0.101849715;0.908021444,3.257342757;0.124864209;-1.787793278
pt_piazzasanmarco_grandplace_grand_place_brussels_19469781_41739753.png,pt_piazzasanmarco_grandplace,cluster33,grand_place_brussels_19469781_41739753.png,0.855877136;0.027283570;0.516459034;-0.138049640;0.974426676;0.177299041;-0.498414109;-0.223043179;0.837756000,0.268466643;0.015271761;1.689614042
pt_piazzasanmarco_grandplace_grand_place_brussels_17061032_2781005813.png,pt_piazzasanmarco_grandplace,cluster30,grand_place_brussels_17061032_2781005813.png,0.987589997;0.007499485;0.156874968;-0.005127985;0.999866463;-0.015516412;-0.156970385;0.014519401;0.987496575,-0.612810952;0.071028085;3.375611335
pt_piazzasanmarco_grandplace_grand_place_brussels_37000623_5094537023.png,pt_piazzasanmarco_grandplace,outliers,grand_place_brussels_37000623_5094537023.png,nan;nan;nan;nan;nan;nan;nan;nan;nan,nan;nan;nan
pt_piazzasanmarco_grandplace_grand_place_brussels_61353083_128372808.png,pt_piazzasanmarco_grandplace,cluster33,grand_place_brussels_61353083_128372808.png,0.969767537;0.054297175;0.237913308;-0.149730797;0.902236698;0.404412696;-0.192695650;-0.427809253;0.883089819,-2.103507265;0.505364693;2.466824325
pt_piazzasanmarco_grandplace_grand_place_brussels_60409409_9335730523.png,pt_piazzasanmarco_grandplace,outliers,grand_place_brussels_60409409_9335730523.png,nan;nan;nan;nan;nan;nan;nan;nan;nan,nan;nan;nan
pt_piazzasanmarco_grandplace_grand_place_brussels_64177922_6939801959.png,pt_piazzasanmarco_grandplace,cluster30,grand_place_brussels_64177922_6939801959.png,0.739109570;-0.053562886;-0.671452203;0.051356382;0.998412875;-0.023113904;0.671624571;-0.017399649;0.740687307,1.159523613;-0.095606778;1.013482022
pt_piazzasanmarco_grandplace_grand_place_brussels_20089826_6525672545.png,pt_piazzasanmarco_grandplace,cluster30,grand_place_brussels_20089826_6525672545.png,0.928447781;0.045723597;0.368638131;-0.150326442;0.953749966;0.260313202;-0.339686149;-0.297103273;0.892380505,0.189756378;1.624007356;7.414143410
pt_piazzasanmarco_grandplace_grand_place_brussels_83880039_8704930508.png,pt_piazzasanmarco_grandplace,cluster33,grand_place_brussels_83880039_8704930508.png,0.966427253;0.061132056;0.249562090;-0.162424203;0.897950655;0.409026894;-0.199089787;-0.435829661;0.877733310,-0.314371817;-0.049179869;3.097685160
pt_piazzasanmarco_grandplace_grand_place_brussels_89912815_3055922954.png,pt_piazzasanmarco_grandplace,cluster33,grand_place_brussels_89912815_3055922954.png,0.872700771;0.274279665;-0.403935676;-0.099545591;0.909878127;0.402756091;0.478000042;-0.311275536;0.821354674,6.231132914;-1.269689143;-3.539424773
pt_piazzasanmarco_grandplace_grand_place_brussels_27265710_2527915420.png,pt_piazzasanmarco_grandplace,outliers,grand_place_brussels_27265710_2527915420.png,nan;nan;nan;nan;nan;nan;nan;nan;nan,nan;nan;nan
pt_piazzasanmarco_grandplace_grand_place_brussels_70032246_6347641014.png,pt_piazzasanmarco_grandplace,outliers,grand_place_brussels_70032246_6347641014.png,nan;nan;nan;nan;nan;nan;nan;nan;nan,nan;nan;nan
pt_piazzasanmarco_grandplace_grand_place_brussels_73543943_6819377449.png,pt_piazzasanmarco_grandplace,cluster30,grand_place_brussels_73543943_6819377449.png,0.984091381;-0.011255527;0.177306142;-0.001828997;0.997296450;0.073460499;-0.177653622;-0.072616136;0.981410254,-1.792804124;0.026913861;0.902460150
pt_piazzasanmarco_grandplace_grand_place_brussels_97408314_4660309480.png,pt_piazzasanmarco_grandplace,cluster33,grand_place_brussels_97408314_4660309480.png,0.975967328;0.087101013;0.199752819;-0.123845374;0.975922582;0.179547869;-0.179304486;-0.199971316;0.963255612,0.627015644;0.256735618;-0.678956263
pt_piazzasanmarco_grandplace_grand_place_brussels_76033783_4998492930.png,pt_piazzasanmarco_grandplace,cluster33,grand_place_brussels_76033783_4998492930.png,0.704272273;0.299421541;-0.643698149;0.052133212;0.882445900;0.467516161;0.708013202;-0.362816722;0.605872373,8.028026252;-1.295210598;2.496892760
pt_piazzasanmarco_grandplace_grand_place_brussels_12750924_3498788909.png,pt_piazzasanmarco_grandplace,cluster33,grand_place_brussels_12750924_3498788909.png,0.614874548;0.261000130;-0.744182923;-0.091505232;0.960884352;0.261396354;0.783298208;-0.092629334;0.614706209,5.079626059;-0.696112365;4.381652044
pt_piazzasanmarco_grandplace_grand_place_brussels_06397880_3164163639.png,pt_piazzasanmarco_grandplace,outliers,grand_place_brussels_06397880_3164163639.png,nan;nan;nan;nan;nan;nan;nan;nan;nan,nan;nan;nan
pt_piazzasanmarco_grandplace_grand_place_brussels_17665284_5616961414.png,pt_piazzasanmarco_grandplace,cluster30,grand_place_brussels_17665284_5616961414.png,0.992626090;-0.006958783;0.121016615;0.005910002;0.999941825;0.009023197;-0.121072365;-0.008241452;0.992609470,-0.868614476;-0.148742551;-0.546676869
pt_piazzasanmarco_grandplace_grand_place_brussels_61931752_11269229804.png,pt_piazzasanmarco_grandplace,cluster33,grand_place_brussels_61931752_11269229804.png,0.983385343;0.057721915;0.172108825;-0.107123831;0.949942374;0.293485895;-0.146552898;-0.307046684;0.940342800,-5.069689613;-0.953684794;14.049297336
pt_piazzasanmarco_grandplace_grand_place_brussels_16829624_11531851815.png,pt_piazzasanmarco_grandplace,outliers,grand_place_brussels_16829624_11531851815.png,nan;nan;nan;nan;nan;nan;nan;nan;nan,nan;nan;nan
pt_piazzasanmarco_grandplace_grand_place_brussels_07659394_5946559496.png,pt_piazzasanmarco_grandplace,cluster30,grand_place_brussels_07659394_5946559496.png,0.863962185;-0.049717138;-0.501096348;0.105146627;0.990989895;0.082965139;0.492456628;-0.124367333;0.861405384,0.766366170;0.174728229;1.833497504
pt_piazzasanmarco_grandplace_grand_place_brussels_75670494_10532227934.png,pt_piazzasanmarco_grandplace,cluster33,grand_place_brussels_75670494_10532227934.png,0.789479673;-0.023357102;0.613332122;-0.180879210;0.946044282;0.268854846;-0.586519017;-0.323194466;0.742657916,-0.602802980;0.096070723;-0.012261141
pt_piazzasanmarco_grandplace_grand_place_brussels_98413296_389554202.png,pt_piazzasanmarco_grandplace,cluster30,grand_place_brussels_98413296_389554202.png,0.797246348;-0.035747410;-0.602594709;0.065136695;0.997510940;0.027002494;0.600129545;-0.060778668;0.797590423,3.075603806;0.249698012;0.034142278
pt_piazzasanmarco_grandplace_grand_place_brussels_80238669_11531890454.png,pt_piazzasanmarco_grandplace,outliers,grand_place_brussels_80238669_11531890454.png,nan;nan;nan;nan;nan;nan;nan;nan;nan,nan;nan;nan
pt_piazzasanmarco_grandplace_grand_place_brussels_56336675_12025095504.png,pt_piazzasanmarco_grandplace,cluster30,grand_place_brussels_56336675_12025095504.png,0.861771704;-0.026519851;-0.506602634;0.106438955;0.985856290;0.129453171;0.496004314;-0.165481335;0.852405800,0.029914314;0.577042346;1.619137799
pt_piazzasanmarco_grandplace_grand_place_brussels_12650889_5688674640.png,pt_piazzasanmarco_grandplace,cluster33,grand_place_brussels_12650889_5688674640.png,0.970688755;0.152902130;-0.185429984;-0.116019368;0.973790449;0.195631457;0.210482414;-0.168383786;0.962987048,1.692790728;0.259736431;0.414354750
pt_piazzasanmarco_grandplace_grand_place_brussels_15550848_3634998137.png,pt_piazzasanmarco_grandplace,cluster33,grand_place_brussels_15550848_3634998137.png,0.975798046;0.128320983;0.177064675;-0.202418344;0.836402365;0.509370099;-0.082734441;-0.532883486;0.842134314,0.193018525;0.228294982;-0.252144505
pt_piazzasanmarco_grandplace_grand_place_brussels_00460368_4162644685.png,pt_piazzasanmarco_grandplace,cluster30,grand_place_brussels_00460368_4162644685.png,0.944254554;-0.024726452;-0.328286369;0.038060762;0.998688170;0.034253732;0.327008739;-0.044839072;0.943956960,1.506270200;-0.255921004;4.398597182
pt_piazzasanmarco_grandplace_grand_place_brussels_80159334_3432556478.png,pt_piazzasanmarco_grandplace,cluster33,grand_place_brussels_80159334_3432556478.png,0.957326428;0.042942192;0.285800768;-0.154089590;0.912459392;0.379043872;-0.244504620;-0.406907639;0.880138435,-2.230443466;1.063539126;4.149411414
pt_sacrecoeur_trevi_tajmahal_trevi_fountain_30069642_3966141600.png,pt_sacrecoeur_trevi_tajmahal,outliers,trevi_fountain_30069642_3966141600.png,nan;nan;nan;nan;nan;nan;nan;nan;nan,nan;nan;nan
pt_sacrecoeur_trevi_tajmahal_trevi_fountain_59883665_3581996971.png,pt_sacrecoeur_trevi_tajmahal,cluster37,trevi_fountain_59883665_3581996971.png,0.953816411;0.259936820;-0.150555985;-0.300341530;0.816213707;-0.493548529;-0.005405576;0.515972901;0.856587850,-2.144793154;-0.032822032;1.594978493
pt_sacrecoeur_trevi_tajmahal_trevi_fountain_73284018_2156414038.png,pt_sacrecoeur_trevi_tajmahal,cluster37,trevi_fountain_73284018_2156414038.png,0.778852553;0.483773653;0.399188870;-0.357000093;0.865232072;-0.352028970;-0.515693354;0.131668198;0.846595447,-4.419021048;0.886594809;3.413122438
pt_sacrecoeur_trevi_tajmahal_trevi_fountain_17973182_5956257468.png,pt_sacrecoeur_trevi_tajmahal,cluster37,trevi_fountain_17973182_5956257468.png,0.687611250;0.001988972;-0.726076314;-0.169889346;0.972678034;-0.158224686;0.705923777;0.232149705;0.669162264,4.149694675;-0.031923804;1.945812167
pt_sacrecoeur_trevi_tajmahal_trevi_fountain_85397053_1435622623.png,pt_sacrecoeur_trevi_tajmahal,cluster37,trevi_fountain_85397053_1435622623.png,0.728237980;-0.071557661;-0.681578276;-0.124962932;0.963995871;-0.234725855;0.673835076;0.256108302;0.693076350,3.218256202;0.787675628;0.825409422
pt_sacrecoeur_trevi_tajmahal_trevi_fountain_92808638_88785341.png,pt_sacrecoeur_trevi_tajmahal,cluster37,trevi_fountain_92808638_88785341.png,0.933785522;0.118726673;-0.337562701;-0.244154637;0.901043335;-0.358482107;0.261597234;0.417162900;0.870368888,-1.138140751;0.329814409;-0.586094390
pt_sacrecoeur_trevi_tajmahal_trevi_fountain_01404558_5160423697.png,pt_sacrecoeur_trevi_tajmahal,cluster37,trevi_fountain_01404558_5160423697.png,0.881022459;0.108665505;-0.460425059;-0.266677951;0.917965034;-0.293637645;0.390745822;0.381486572;0.837726505,0.886365722;-0.243672979;2.550465440
pt_sacrecoeur_trevi_tajmahal_trevi_fountain_91729188_430652744.png,pt_sacrecoeur_trevi_tajmahal,cluster37,trevi_fountain_91729188_430652744.png,0.935858709;0.140027726;-0.323358490;-0.259214257;0.895185851;-0.362560699;0.238697395;0.423124718;0.874064658,0.310887953;-0.072290490;2.485385773
pt_sacrecoeur_trevi_tajmahal_trevi_fountain_48230932_8038671426.png,pt_sacrecoeur_trevi_tajmahal,cluster37,trevi_fountain_48230932_8038671426.png,0.840612989;0.070108222;-0.537079733;-0.206235717;0.958323243;-0.197695197;0.500835933;0.276950174;0.820037785,0.231664456;0.570064984;-3.883703349
pt_sacrecoeur_trevi_tajmahal_trevi_fountain_80167621_5886522855.png,pt_sacrecoeur_trevi_tajmahal,outliers,trevi_fountain_80167621_5886522855.png,nan;nan;nan;nan;nan;nan;nan;nan;nan,nan;nan;nan
pt_sacrecoeur_trevi_tajmahal_trevi_fountain_17750259_5579050866.png,pt_sacrecoeur_trevi_tajmahal,cluster37,trevi_fountain_17750259_5579050866.png,0.837866529;0.056566510;-0.542936377;-0.289513505;0.889253462;-0.354133041;0.462775983;0.453903635;0.761452480,1.847840166;-0.393364492;2.083176901
pt_sacrecoeur_trevi_tajmahal_trevi_fountain_14195208_276265172.png,pt_sacrecoeur_trevi_tajmahal,cluster37,trevi_fountain_14195208_276265172.png,0.967422852;0.204887731;-0.148707913;-0.238766010;0.933683627;-0.266881391;0.084165421;0.293693552;0.952187103,-2.402756358;0.551113329;-2.052731667
pt_sacrecoeur_trevi_tajmahal_trevi_fountain_41815199_3578791286.png,pt_sacrecoeur_trevi_tajmahal,cluster37,trevi_fountain_41815199_3578791286.png,0.745051829;0.009012061;-0.666945691;-0.290448454;0.904513910;-0.312240742;0.600447722;0.426348881;0.676527283,2.637947602;-0.092063087;0.308455563
pt_sacrecoeur_trevi_tajmahal_trevi_fountain_56493755_3454995877.png,pt_sacrecoeur_trevi_tajmahal,cluster37,trevi_fountain_56493755_3454995877.png,0.844004584;0.073878811;-0.531223290;-0.265582931;0.918077798;-0.294276848;0.465963484;0.389454847;0.794482821,1.506203480;0.114754910;0.728009113
pt_sacrecoeur_trevi_tajmahal_trevi_fountain_74305025_425098856.png,pt_sacrecoeur_trevi_tajmahal,cluster37,trevi_fountain_74305025_425098856.png,0.948279734;0.210098665;-0.237958184;-0.281205824;0.903778078;-0.322658441;0.147271283;0.372885688;0.916115404,-2.186255612;0.210907647;0.962992166
pt_sacrecoeur_trevi_tajmahal_trevi_fountain_21324671_251787492.png,pt_sacrecoeur_trevi_tajmahal,cluster37,trevi_fountain_21324671_251787492.png,0.929198954;0.340792031;0.143003832;-0.263019797;0.881602510;-0.391915299;-0.259634148;0.326554447;0.908819180,-3.151725226;0.432888168;2.821223032
pt_sacrecoeur_trevi_tajmahal_trevi_fountain_15038544_3727504813.png,pt_sacrecoeur_trevi_tajmahal,cluster37,trevi_fountain_15038544_3727504813.png,0.757098524;0.013396402;-0.653163350;-0.220228148;0.946504067;-0.235859310;0.615062101;0.322413691;0.719547097,2.119996802;-0.372145364;-1.321216278
pt_sacrecoeur_trevi_tajmahal_trevi_fountain_16517106_11484965983.png,pt_sacrecoeur_trevi_tajmahal,cluster37,trevi_fountain_16517106_11484965983.png,0.584124058;-0.083730016;-0.807334112;-0.213563107;0.943761967;-0.252396809;0.783064419;0.319847830;0.533392428,4.125211877;-0.717722284;7.147389280
pt_sacrecoeur_trevi_tajmahal_trevi_fountain_98446525_8467892061.png,pt_sacrecoeur_trevi_tajmahal,outliers,trevi_fountain_98446525_8467892061.png,nan;nan;nan;nan;nan;nan;nan;nan;nan,nan;nan;nan
pt_sacrecoeur_trevi_tajmahal_trevi_fountain_71421235_8100441323.png,pt_sacrecoeur_trevi_tajmahal,cluster37,trevi_fountain_71421235_8100441323.png,0.867929730;0.071509654;-0.491512311;-0.245087850;0.922375420;-0.298589233;0.432006862;0.379618168;0.818083197,-1.355043767;-1.541902809;2.998300661
pt_sacrecoeur_trevi_tajmahal_trevi_fountain_55838538_4636348360.png,pt_sacrecoeur_trevi_tajmahal,cluster37,trevi_fountain_55838538_4636348360.png,0.906067381;0.104844280;-0.409938505;-0.274430387;0.883028907;-0.380720254;0.322071209;0.457457786;0.828856146,0.163693493;-0.000109415;-0.106542846
pt_sacrecoeur_trevi_tajmahal_trevi_fountain_33816922_8591444000.png,pt_sacrecoeur_trevi_tajmahal,cluster37,trevi_fountain_33816922_8591444000.png,0.954443154;0.292963542;0.056662413;-0.257942154;0.905511365;-0.336919891;-0.150013703;0.306955258;0.939826770,-3.478736466;-0.079115310;5.535644088
pt_sacrecoeur_trevi_tajmahal_trevi_fountain_01241225_4293371290.png,pt_sacrecoeur_trevi_tajmahal,cluster37,trevi_fountain_01241225_4293371290.png,0.648566481;-0.080632628;-0.756875088;-0.199463835;0.941618787;-0.271234657;0.734558165;0.326882914;0.594619090,4.185634110;-0.228294354;3.119701513
pt_sacrecoeur_trevi_tajmahal_trevi_fountain_42098841_2972162031.png,pt_sacrecoeur_trevi_tajmahal,cluster37,trevi_fountain_42098841_2972162031.png,0.961708648;0.173069043;-0.212517251;-0.208941562;0.964777758;-0.159835231;0.177369386;0.198118610;0.963996430,-1.362544273;-0.277394547;1.357227589
pt_sacrecoeur_trevi_tajmahal_trevi_fountain_94682384_4342842330.png,pt_sacrecoeur_trevi_tajmahal,outliers,trevi_fountain_94682384_4342842330.png,nan;nan;nan;nan;nan;nan;nan;nan;nan,nan;nan;nan
pt_sacrecoeur_trevi_tajmahal_trevi_fountain_58732203_2711105477.png,pt_sacrecoeur_trevi_tajmahal,cluster37,trevi_fountain_58732203_2711105477.png,0.156515321;-0.264458251;-0.951611679;0.030730795;0.964323592;-0.262936548;0.987197332;0.011909815;0.159058429,6.143306881;0.953966897;2.620171931
pt_sacrecoeur_trevi_tajmahal_trevi_fountain_56026722_4376692497.png,pt_sacrecoeur_trevi_tajmahal,outliers,trevi_fountain_56026722_4376692497.png,nan;nan;nan;nan;nan;nan;nan;nan;nan,nan;nan;nan
pt_sacrecoeur_trevi_tajmahal_trevi_fountain_27009206_5185352408.png,pt_sacrecoeur_trevi_tajmahal,outliers,trevi_fountain_27009206_5185352408.png,nan;nan;nan;nan;nan;nan;nan;nan;nan,nan;nan;nan
pt_sacrecoeur_trevi_tajmahal_trevi_fountain_00358444_4165248133.png,pt_sacrecoeur_trevi_tajmahal,cluster37,trevi_fountain_00358444_4165248133.png,0.708789319;-0.037885559;-0.704402147;-0.080507534;0.987687946;-0.134130752;0.700811128;0.151780125;0.697012594,2.373666724;0.802910492;0.329142717
pt_sacrecoeur_trevi_tajmahal_trevi_fountain_40184297_2989394429.png,pt_sacrecoeur_trevi_tajmahal,cluster37,trevi_fountain_40184297_2989394429.png,0.886364679;0.082310551;-0.455612368;-0.127949600;0.989293623;-0.070192789;0.444956803;0.120511829;0.887406526,-0.122284984;-0.740569379;-1.766253043
pt_sacrecoeur_trevi_tajmahal_trevi_fountain_18865921_5109712344.png,pt_sacrecoeur_trevi_tajmahal,cluster37,trevi_fountain_18865921_5109712344.png,0.896422259;0.116042195;-0.427739806;-0.262094304;0.917069654;-0.300482653;0.357398530;0.381467505;0.852495650,-0.017524125;1.248886947;-2.752823028
pt_sacrecoeur_trevi_tajmahal_trevi_fountain_90669518_8321386929.png,pt_sacrecoeur_trevi_tajmahal,cluster37,trevi_fountain_90669518_8321386929.png,0.870290355;0.034638139;-0.491319547;-0.203363624;0.933796950;-0.294391732;0.448595513;0.356122809;0.819718617,-0.078903657;-0.524493271;1.294161858
pt_sacrecoeur_trevi_tajmahal_trevi_fountain_75017867_5746101695.png,pt_sacrecoeur_trevi_tajmahal,cluster37,trevi_fountain_75017867_5746101695.png,0.923751732;0.318267157;0.213046364;-0.247062763;0.920244349;-0.303496836;-0.292647788;0.227719905;0.928709275,-3.753489060;0.222641079;4.506958229
pt_sacrecoeur_trevi_tajmahal_trevi_fountain_78010545_349314185.png,pt_sacrecoeur_trevi_tajmahal,cluster37,trevi_fountain_78010545_349314185.png,0.905112013;0.122991780;-0.406995412;-0.257200423;0.920620573;-0.293778322;0.338556031;0.370581680;0.864898279,0.159099614;0.510414396;0.750810572
pt_sacrecoeur_trevi_tajmahal_trevi_fountain_66677085_4725569846.png,pt_sacrecoeur_trevi_tajmahal,cluster37,trevi_fountain_66677085_4725569846.png,0.560274529;-0.149002919;-0.814794810;-0.205635663;0.927869699;-0.311081655;0.802375490;0.341841999;0.489221444,3.857717092;-0.059621353;-0.367639600
pt_sacrecoeur_trevi_tajmahal_trevi_fountain_34630714_3685665828.png,pt_sacrecoeur_trevi_tajmahal,cluster37,trevi_fountain_34630714_3685665828.png,0.797501634;-0.009771683;-0.603237646;-0.266138402;0.891629781;-0.366287707;0.541443897;0.452659749;0.708475587,1.910637836;-0.027284293;-0.147895951
pt_sacrecoeur_trevi_tajmahal_trevi_fountain_19939802_5963665770.png,pt_sacrecoeur_trevi_tajmahal,cluster37,trevi_fountain_19939802_5963665770.png,0.937966737;0.119944471;-0.325317880;-0.221847759;0.928672990;-0.297237361;0.266461951;0.350969800;0.897673787,0.330502227;0.072584579;5.839987750
pt_sacrecoeur_trevi_tajmahal_trevi_fountain_09071644_2938441433.png,pt_sacrecoeur_trevi_tajmahal,cluster37,trevi_fountain_09071644_2938441433.png,0.969204433;0.245560629;-0.018513351;-0.240993194;0.930339710;-0.276387960;-0.050646295;0.272338028;0.960867812,-2.914606567;0.906064013;5.583075670
pt_sacrecoeur_trevi_tajmahal_trevi_fountain_29511430_5519433926.png,pt_sacrecoeur_trevi_tajmahal,cluster37,trevi_fountain_29511430_5519433926.png,0.934842716;0.337748707;0.109521260;-0.295420904;0.910998223;-0.287765057;-0.196965950;0.236660198;0.951418081,-4.016287582;1.026834358;-0.098544881
pt_sacrecoeur_trevi_tajmahal_trevi_fountain_58525833_5956866479.png,pt_sacrecoeur_trevi_tajmahal,cluster37,trevi_fountain_58525833_5956866479.png,0.916617719;0.115113204;-0.382832741;-0.136072294;0.990302406;-0.028026319;0.375893985;0.077782350;0.923392451,-0.956113407;-0.499116168;0.820305991
pt_sacrecoeur_trevi_tajmahal_trevi_fountain_38993702_4733402071.png,pt_sacrecoeur_trevi_tajmahal,cluster37,trevi_fountain_38993702_4733402071.png,0.910969348;0.348476770;0.220678018;-0.268435201;0.907078242;-0.324270883;-0.313173099;0.236163087;0.919863907,-4.197400645;0.367376486;2.283956456
pt_sacrecoeur_trevi_tajmahal_trevi_fountain_96647518_7739315718.png,pt_sacrecoeur_trevi_tajmahal,outliers,trevi_fountain_96647518_7739315718.png,nan;nan;nan;nan;nan;nan;nan;nan;nan,nan;nan;nan
pt_sacrecoeur_trevi_tajmahal_trevi_fountain_54470469_2296508341.png,pt_sacrecoeur_trevi_tajmahal,cluster37,trevi_fountain_54470469_2296508341.png,0.789189894;-0.020284122;-0.613814195;-0.198323273;0.937491581;-0.285967508;0.581246240;0.347416308;0.735836067,2.043752804;0.201392004;-0.270727286
pt_sacrecoeur_trevi_tajmahal_trevi_fountain_99804374_8024711160.png,pt_sacrecoeur_trevi_tajmahal,cluster37,trevi_fountain_99804374_8024711160.png,0.975131593;0.202741151;-0.089523193;-0.213871293;0.966744442;-0.140229292;0.058115801;0.155888454;0.986063560,-2.369380844;1.048668433;1.778436886
pt_sacrecoeur_trevi_tajmahal_trevi_fountain_30910735_201249046.png,pt_sacrecoeur_trevi_tajmahal,outliers,trevi_fountain_30910735_201249046.png,nan;nan;nan;nan;nan;nan;nan;nan;nan,nan;nan;nan
pt_sacrecoeur_trevi_tajmahal_trevi_fountain_29250228_5522743340.png,pt_sacrecoeur_trevi_tajmahal,outliers,trevi_fountain_29250228_5522743340.png,nan;nan;nan;nan;nan;nan;nan;nan;nan,nan;nan;nan
pt_sacrecoeur_trevi_tajmahal_trevi_fountain_69481877_5327669439.png,pt_sacrecoeur_trevi_tajmahal,outliers,trevi_fountain_69481877_5327669439.png,nan;nan;nan;nan;nan;nan;nan;nan;nan,nan;nan;nan
pt_sacrecoeur_trevi_tajmahal_trevi_fountain_21017479_3693575843.png,pt_sacrecoeur_trevi_tajmahal,cluster37,trevi_fountain_21017479_3693575843.png,0.870076685;0.144655334;-0.471212686;-0.246700378;0.955417332;-0.162224057;0.426738193;0.257395717;0.866972871,0.443105070;-0.492170736;-2.469391874
pt_sacrecoeur_trevi_tajmahal_trevi_fountain_78842056_325218062.png,pt_sacrecoeur_trevi_tajmahal,cluster37,trevi_fountain_78842056_325218062.png,0.896910931;0.360767894;0.255728976;-0.271900805;0.905974897;-0.324467930;-0.348741644;0.221485918;0.910671869,-4.388185932;0.191789973;1.944771871
pt_sacrecoeur_trevi_tajmahal_trevi_fountain_93831605_13948911711.png,pt_sacrecoeur_trevi_tajmahal,cluster37,trevi_fountain_93831605_13948911711.png,0.878749051;0.096564799;-0.467413462;-0.257297919;0.920675553;-0.293520540;0.401992396;0.378195407;0.833888690,0.961193109;-0.143220614;1.822155880
pt_sacrecoeur_trevi_tajmahal_trevi_fountain_78723734_3158991011.png,pt_sacrecoeur_trevi_tajmahal,cluster37,trevi_fountain_78723734_3158991011.png,0.948348645;0.175257034;-0.264423559;-0.242468806;0.937938178;-0.247953325;0.204557387;0.299260665;0.931986765,-0.392793325;1.198370541;2.828029814
pt_sacrecoeur_trevi_tajmahal_trevi_fountain_95794971_4901889397.png,pt_sacrecoeur_trevi_tajmahal,cluster37,trevi_fountain_95794971_4901889397.png,0.700371621;-0.084269992;-0.708786400;-0.206586630;0.926573826;-0.314297484;0.683228773;0.366550832;0.631536959,2.793280478;0.742588185;-2.443616595
pt_sacrecoeur_trevi_tajmahal_trevi_fountain_81409989_5495330211.png,pt_sacrecoeur_trevi_tajmahal,cluster37,trevi_fountain_81409989_5495330211.png,0.729051019;-0.048557026;-0.682734815;-0.214475110;0.931038554;-0.295241661;0.649988492;0.361675858;0.668360333,2.380123417;0.513893495;-2.485615624
pt_sacrecoeur_trevi_tajmahal_trevi_fountain_22555231_8007352373.png,pt_sacrecoeur_trevi_tajmahal,cluster37,trevi_fountain_22555231_8007352373.png,0.725919694;0.019009720;-0.687516712;-0.260472373;0.932758274;-0.249231107;0.636549088;0.360000878;0.682059108,2.196639102;-0.404937545;0.328741687
pt_sacrecoeur_trevi_tajmahal_trevi_fountain_90077341_5746101059.png,pt_sacrecoeur_trevi_tajmahal,cluster37,trevi_fountain_90077341_5746101059.png,0.887765453;0.357315085;0.290169659;-0.257380906;0.907982279;-0.330640665;-0.381611805;0.218847230;0.898041380,-3.498751561;0.175849398;4.984671428
pt_sacrecoeur_trevi_tajmahal_trevi_fountain_98071474_3495805188.png,pt_sacrecoeur_trevi_tajmahal,cluster37,trevi_fountain_98071474_3495805188.png,0.245474416;-0.223854418;-0.943202794;-0.038302323;0.969973314;-0.240176400;0.968646088;0.095084019;0.229529488,5.009716545;0.362118601;3.578374640
pt_sacrecoeur_trevi_tajmahal_trevi_fountain_64273020_5411668132.png,pt_sacrecoeur_trevi_tajmahal,cluster37,trevi_fountain_64273020_5411668132.png,0.915981413;0.145008643;-0.374099645;-0.291368783;0.881418874;-0.371759333;0.275830172;0.449525597;0.849614297,0.237707027;-0.396494497;2.214019825
pt_sacrecoeur_trevi_tajmahal_trevi_fountain_89086898_3494993799.png,pt_sacrecoeur_trevi_tajmahal,cluster37,trevi_fountain_89086898_3494993799.png,0.812864251;0.095887618;-0.574506113;-0.191767687;0.975421306;-0.108528474;0.549978966;0.198390626;0.811273257,1.923788978;-1.218286321;-0.020116083
pt_sacrecoeur_trevi_tajmahal_trevi_fountain_16771025_6187661240.png,pt_sacrecoeur_trevi_tajmahal,cluster37,trevi_fountain_16771025_6187661240.png,0.972233190;0.222776608;0.071646398;-0.211634376;0.967689340;-0.137070176;-0.099867485;0.118101334;0.987966882,-3.406129309;-0.067583367;6.378727284
pt_sacrecoeur_trevi_tajmahal_trevi_fountain_30002765_4759346847.png,pt_sacrecoeur_trevi_tajmahal,cluster37,trevi_fountain_30002765_4759346847.png,0.869158774;0.100184375;-0.484278966;-0.304171997;0.880424030;-0.363775924;0.389926175;0.463483136;0.795701552,-0.281876138;0.304555301;1.196107968
pt_sacrecoeur_trevi_tajmahal_trevi_fountain_91266839_729663994.png,pt_sacrecoeur_trevi_tajmahal,cluster37,trevi_fountain_91266839_729663994.png,0.971990729;-0.161682860;-0.170565749;0.079213799;0.908668189;-0.409935722;0.221267251;0.384942560;0.896024569,-0.723789227;-0.495620181;-0.128381276
pt_sacrecoeur_trevi_tajmahal_trevi_fountain_72669213_5987184866.png,pt_sacrecoeur_trevi_tajmahal,cluster37,trevi_fountain_72669213_5987184866.png,0.765019778;-0.039320098;-0.642805312;-0.230345355;0.915397277;-0.330134582;0.601403157;0.400626702;0.691239819,2.335071123;-0.142605451;0.013397418
pt_sacrecoeur_trevi_tajmahal_trevi_fountain_79598868_8555774052.png,pt_sacrecoeur_trevi_tajmahal,outliers,trevi_fountain_79598868_8555774052.png,nan;nan;nan;nan;nan;nan;nan;nan;nan,nan;nan;nan
pt_sacrecoeur_trevi_tajmahal_trevi_fountain_43321508_5715952972.png,pt_sacrecoeur_trevi_tajmahal,cluster37,trevi_fountain_43321508_5715952972.png,0.912912225;0.138454877;-0.383955097;-0.286364831;0.887586969;-0.360810970;0.290837502;0.439339982;0.849937602,0.754320856;0.299234529;-0.959362781
pt_sacrecoeur_trevi_tajmahal_trevi_fountain_75810419_3515709926.png,pt_sacrecoeur_trevi_tajmahal,cluster37,trevi_fountain_75810419_3515709926.png,0.885465878;0.100911040;-0.453615631;-0.195061594;0.966690064;-0.165714498;0.421783301;0.235217522;0.875654935,-0.284779939;0.074738188;-2.105483210
pt_sacrecoeur_trevi_tajmahal_trevi_fountain_50357199_8205859052.png,pt_sacrecoeur_trevi_tajmahal,cluster37,trevi_fountain_50357199_8205859052.png,0.822981512;0.058835514;-0.565013109;-0.348343531;0.837941943;-0.420131033;0.448729557;0.542578734;0.710105698,-0.248369330;-2.051416904;7.455331111
pt_sacrecoeur_trevi_tajmahal_trevi_fountain_22494549_5871994022.png,pt_sacrecoeur_trevi_tajmahal,cluster37,trevi_fountain_22494549_5871994022.png,0.625970614;-0.056867638;-0.777770443;-0.129236073;0.975982787;-0.175372850;0.769063604;0.210294248;0.603587195,3.754909448;-0.680269709;0.082534253
pt_sacrecoeur_trevi_tajmahal_trevi_fountain_26921609_5411058517.png,pt_sacrecoeur_trevi_tajmahal,cluster37,trevi_fountain_26921609_5411058517.png,0.885620768;0.095345368;-0.454516354;-0.224259614;0.944826591;-0.238768377;0.406673679;0.313387895;0.858140167,-0.605496548;0.274802754;1.945256697
pt_sacrecoeur_trevi_tajmahal_trevi_fountain_66347814_2029982255.png,pt_sacrecoeur_trevi_tajmahal,cluster37,trevi_fountain_66347814_2029982255.png,0.894942251;0.358020634;0.266269774;-0.242596229;0.891301922;-0.383050850;-0.374466870;0.278212347;0.884518204,-3.416641854;0.433101892;2.925745397
pt_sacrecoeur_trevi_tajmahal_trevi_fountain_86451018_5200654015.png,pt_sacrecoeur_trevi_tajmahal,cluster37,trevi_fountain_86451018_5200654015.png,0.894739312;0.089593888;-0.437509427;-0.228838406;0.933258772;-0.276877317;0.383502995;0.347851980;0.855525834,0.605451616;-0.231827398;0.501875146
pt_sacrecoeur_trevi_tajmahal_trevi_fountain_17378230_8657377873.png,pt_sacrecoeur_trevi_tajmahal,cluster37,trevi_fountain_17378230_8657377873.png,0.911900413;0.361484665;0.194335981;-0.301810055;0.911529945;-0.279327496;-0.278115672;0.196066306;0.940324240,-4.410828363;0.642292935;2.144826583
pt_sacrecoeur_trevi_tajmahal_trevi_fountain_84357746_4061156508.png,pt_sacrecoeur_trevi_tajmahal,cluster37,trevi_fountain_84357746_4061156508.png,0.883360528;0.092096573;-0.459556742;-0.267802910;0.903863905;-0.333633995;0.384650203;0.417789735;0.823101426,0.886353252;-0.070750457;1.873577742
pt_sacrecoeur_trevi_tajmahal_trevi_fountain_17804574_3525103748.png,pt_sacrecoeur_trevi_tajmahal,cluster37,trevi_fountain_17804574_3525103748.png,0.376378475;-0.205493811;-0.903388918;-0.120171975;0.956025190;-0.267534170;0.918639178;0.209256133;0.335132706,5.187494388;0.124868597;1.018322080
pt_sacrecoeur_trevi_tajmahal_trevi_fountain_70315674_7178465185.png,pt_sacrecoeur_trevi_tajmahal,cluster37,trevi_fountain_70315674_7178465185.png,0.883076922;0.085159147;-0.461435878;-0.132618841;0.988595487;-0.071352686;0.450097093;0.124205002;0.884299567,-0.292877989;-0.709724426;0.217725847
pt_sacrecoeur_trevi_tajmahal_trevi_fountain_52144216_2711106071.png,pt_sacrecoeur_trevi_tajmahal,cluster37,trevi_fountain_52144216_2711106071.png,0.205935005;-0.232747526;-0.950483752;-0.144953613;0.953332212;-0.264851173;0.967770233;0.192318181;0.162586879,5.050435135;0.231883802;1.734709337
pt_sacrecoeur_trevi_tajmahal_sacre_coeur_93423882_13476569344.png,pt_sacrecoeur_trevi_tajmahal,cluster38,sacre_coeur_93423882_13476569344.png,0.981551165;-0.152242154;0.115670380;0.117038946;0.956800096;0.266149321;-0.151192577;-0.247701237;0.956966510,-2.097230957;-0.334801906;-1.773455014
pt_sacrecoeur_trevi_tajmahal_sacre_coeur_45927449_5904684394.png,pt_sacrecoeur_trevi_tajmahal,cluster38,sacre_coeur_45927449_5904684394.png,0.989805642;-0.128617134;0.061175352;0.095914144;0.919476446;0.381265712;-0.105286599;-0.371511371;0.922439176,-2.008922317;-1.024799608;-0.212544468
pt_sacrecoeur_trevi_tajmahal_sacre_coeur_90467261_5816977333.png,pt_sacrecoeur_trevi_tajmahal,outliers,sacre_coeur_90467261_5816977333.png,nan;nan;nan;nan;nan;nan;nan;nan;nan,nan;nan;nan
pt_sacrecoeur_trevi_tajmahal_sacre_coeur_47029087_8959697396.png,pt_sacrecoeur_trevi_tajmahal,cluster38,sacre_coeur_47029087_8959697396.png,0.989420462;-0.105651284;0.099423112;0.088387383;0.982429880;0.164375188;-0.115042686;-0.153848425;0.981374466,-0.909972812;0.285709097;1.744422500
pt_sacrecoeur_trevi_tajmahal_sacre_coeur_33340964_112626481.png,pt_sacrecoeur_trevi_tajmahal,outliers,sacre_coeur_33340964_112626481.png,nan;nan;nan;nan;nan;nan;nan;nan;nan,nan;nan;nan
pt_sacrecoeur_trevi_tajmahal_sacre_coeur_55695069_9640098822.png,pt_sacrecoeur_trevi_tajmahal,cluster38,sacre_coeur_55695069_9640098822.png,0.979197647;-0.194431846;-0.058036408;0.202291797;0.913149013;0.353888271;-0.015811261;-0.358266852;0.933485333,-1.688358636;-1.348496669;-1.261472967
pt_sacrecoeur_trevi_tajmahal_sacre_coeur_86731151_442052253.png,pt_sacrecoeur_trevi_tajmahal,cluster38,sacre_coeur_86731151_442052253.png,0.991083696;-0.106351406;-0.080265093;0.124125830;0.955936313;0.266042371;0.048434337;-0.273633228;0.960613852,-1.077953194;-0.595963220;-0.934795805
pt_sacrecoeur_trevi_tajmahal_sacre_coeur_90517919_4394638107.png,pt_sacrecoeur_trevi_tajmahal,outliers,sacre_coeur_90517919_4394638107.png,nan;nan;nan;nan;nan;nan;nan;nan;nan,nan;nan;nan
pt_sacrecoeur_trevi_tajmahal_sacre_coeur_55297752_267282770.png,pt_sacrecoeur_trevi_tajmahal,cluster38,sacre_coeur_55297752_267282770.png,0.986960055;-0.105555233;-0.121523422;0.133587575;0.958319382;0.252543703;0.089800941;-0.265484566;0.959923818,-0.491262683;-0.455312000;-1.552767704
pt_sacrecoeur_trevi_tajmahal_sacre_coeur_98546957_2200688611.png,pt_sacrecoeur_trevi_tajmahal,cluster38,sacre_coeur_98546957_2200688611.png,0.989085656;-0.129309498;0.070630159;0.119392627;0.984287680;0.130089063;-0.086342147;-0.120236506;0.988983426,-1.517337670;0.298663789;1.077049225
pt_sacrecoeur_trevi_tajmahal_sacre_coeur_68663909_1356782012.png,pt_sacrecoeur_trevi_tajmahal,cluster38,sacre_coeur_68663909_1356782012.png,0.979955810;-0.157489181;-0.121999054;0.186136827;0.942074893;0.279012505;0.070990795;-0.296128442;0.952506301,-0.506177445;-0.647622498;-2.122771471
pt_sacrecoeur_trevi_tajmahal_sacre_coeur_80691366_2623658065.png,pt_sacrecoeur_trevi_tajmahal,cluster38,sacre_coeur_80691366_2623658065.png,0.886858019;-0.125290688;-0.444730365;0.206553248;0.968504758;0.139047795;0.413302080;-0.215176154;0.884805410,1.504116842;0.127572640;3.172474664
pt_sacrecoeur_trevi_tajmahal_sacre_coeur_16537684_4545274148.png,pt_sacrecoeur_trevi_tajmahal,cluster38,sacre_coeur_16537684_4545274148.png,0.987854826;-0.143938876;-0.058518730;0.151539811;0.975712959;0.158176822;0.034329690;-0.165123655;0.985675226,-0.778600549;0.809433415;-0.944304430
pt_sacrecoeur_trevi_tajmahal_sacre_coeur_04739785_8198592553.png,pt_sacrecoeur_trevi_tajmahal,outliers,sacre_coeur_04739785_8198592553.png,nan;nan;nan;nan;nan;nan;nan;nan;nan,nan;nan;nan
pt_sacrecoeur_trevi_tajmahal_sacre_coeur_55167859_91653543.png,pt_sacrecoeur_trevi_tajmahal,cluster38,sacre_coeur_55167859_91653543.png,0.988992161;-0.128524408;-0.073321096;0.137588048;0.981094658;0.136098495;0.054442957;-0.144688451;0.987978348,-0.436058106;0.246934128;2.069371165
pt_sacrecoeur_trevi_tajmahal_sacre_coeur_70116109_2697195876.png,pt_sacrecoeur_trevi_tajmahal,cluster38,sacre_coeur_70116109_2697195876.png,0.978743919;-0.134978535;-0.154405751;0.141022246;0.989586519;0.028831359;0.148906235;-0.049993163;0.987586764,-0.739550811;0.553528459;4.088391800
pt_sacrecoeur_trevi_tajmahal_sacre_coeur_39702035_1808089104.png,pt_sacrecoeur_trevi_tajmahal,cluster38,sacre_coeur_39702035_1808089104.png,0.619610314;-0.112765095;-0.776767077;0.266807952;0.960956454;0.073322640;0.738171102;-0.252679097;0.625505155,4.610214941;0.218791843;1.563952166
pt_sacrecoeur_trevi_tajmahal_sacre_coeur_46031506_3822251715.png,pt_sacrecoeur_trevi_tajmahal,cluster38,sacre_coeur_46031506_3822251715.png,0.984171084;-0.101146344;-0.145522145;0.123329966;0.980573618;0.152529013;0.127267424;-0.168061885;0.977526575,-0.922182970;0.107362539;3.531798058
pt_sacrecoeur_trevi_tajmahal_sacre_coeur_68688218_4738908453.png,pt_sacrecoeur_trevi_tajmahal,cluster38,sacre_coeur_68688218_4738908453.png,0.977851988;-0.146276353;-0.149695418;0.138438912;0.988455999;-0.061558148;0.156971835;0.039471086;0.986814003,-0.687234089;2.441401159;1.240552703
pt_sacrecoeur_trevi_tajmahal_sacre_coeur_82410562_10997050704.png,pt_sacrecoeur_trevi_tajmahal,cluster38,sacre_coeur_82410562_10997050704.png,0.339650571;-0.113612851;-0.933664613;0.154608855;0.985918314;-0.063727385;0.927757291;-0.122707774;0.352433271,5.005562276;-0.017595928;9.389200216
pt_sacrecoeur_trevi_tajmahal_sacre_coeur_41224690_4580747259.png,pt_sacrecoeur_trevi_tajmahal,cluster38,sacre_coeur_41224690_4580747259.png,0.970216238;-0.130340651;-0.204185616;0.192562934;0.926377574;0.323641942;0.146969275;-0.353321248;0.923885343,-0.276425920;-0.909071681;-1.685252881
pt_sacrecoeur_trevi_tajmahal_sacre_coeur_34264811_99184810.png,pt_sacrecoeur_trevi_tajmahal,cluster38,sacre_coeur_34264811_99184810.png,0.508658762;-0.129934789;-0.851107052;0.297963119;0.954026392;0.032428744;0.807764968;-0.270093677;0.523989658,4.124627407;0.495358826;0.014008084
pt_sacrecoeur_trevi_tajmahal_sacre_coeur_47042061_9637017399.png,pt_sacrecoeur_trevi_tajmahal,cluster38,sacre_coeur_47042061_9637017399.png,0.661651489;-0.171004275;-0.730051262;0.423872855;0.888446408;0.176053352;0.618505546;-0.425934875;0.660325959,3.420203730;-0.709664810;-0.145692888
pt_sacrecoeur_trevi_tajmahal_sacre_coeur_73084286_312927075.png,pt_sacrecoeur_trevi_tajmahal,cluster38,sacre_coeur_73084286_312927075.png,0.581574413;-0.100507783;-0.807260421;0.324798610;0.938500125;0.117146824;0.745839839;-0.330326658;0.578452447,4.229720996;0.022538098;0.298319858
pt_sacrecoeur_trevi_tajmahal_sacre_coeur_10474405_6093717701.png,pt_sacrecoeur_trevi_tajmahal,cluster38,sacre_coeur_10474405_6093717701.png,0.213494928;-0.118285021;-0.969756964;0.214166702;0.974164045;-0.071673122;0.953180224;-0.192387803;0.233311796,5.335363250;1.759783415;4.876173028
pt_sacrecoeur_trevi_tajmahal_sacre_coeur_11626754_2718827730.png,pt_sacrecoeur_trevi_tajmahal,cluster38,sacre_coeur_11626754_2718827730.png,0.983294562;-0.170003277;-0.065043752;0.180245279;0.959208473;0.217786004;0.025366184;-0.225871623;0.973826764,-0.831404877;-0.332824344;-0.484262994
pt_sacrecoeur_trevi_tajmahal_sacre_coeur_42287322_536307676.png,pt_sacrecoeur_trevi_tajmahal,cluster38,sacre_coeur_42287322_536307676.png,0.999197955;-0.039048166;0.008870556;0.036360404;0.977558973;0.207500302;-0.016773998;-0.207011341;0.978194734,-1.201730417;0.307044895;0.785059243
pt_sacrecoeur_trevi_tajmahal_sacre_coeur_70118605_5991576631.png,pt_sacrecoeur_trevi_tajmahal,cluster38,sacre_coeur_70118605_5991576631.png,0.423476312;-0.126825240;-0.896985603;0.368156601;0.928792481;0.042488162;0.827724912;-0.348223901;0.440013164,5.119501592;0.864392002;3.050470148
pt_sacrecoeur_trevi_tajmahal_sacre_coeur_35905283_32603557.png,pt_sacrecoeur_trevi_tajmahal,cluster38,sacre_coeur_35905283_32603557.png,0.995161092;-0.097697913;0.010465076;0.098256739;0.989625314;-0.104820565;-0.000115754;0.105341612;0.994436087,-0.776024306;-0.007927295;6.287849234
pt_sacrecoeur_trevi_tajmahal_sacre_coeur_70724808_2779990339.png,pt_sacrecoeur_trevi_tajmahal,cluster38,sacre_coeur_70724808_2779990339.png,0.989189809;-0.134322828;0.058829419;0.129141373;0.988022840;0.084459306;-0.069469622;-0.075948973;0.994688758,-1.504055117;0.824854813;-2.238326366
pt_sacrecoeur_trevi_tajmahal_sacre_coeur_02928139_3448003521.png,pt_sacrecoeur_trevi_tajmahal,cluster38,sacre_coeur_02928139_3448003521.png,0.996215739;-0.086882334;0.002379328;0.086354673;0.992526605;0.086219535;-0.009852501;-0.085687792;0.996273321,-1.441843617;1.011337976;2.024590521
pt_sacrecoeur_trevi_tajmahal_sacre_coeur_28088482_1061487806.png,pt_sacrecoeur_trevi_tajmahal,cluster38,sacre_coeur_28088482_1061487806.png,0.992653054;-0.114611610;-0.038782655;0.120331113;0.901571693;0.415558547;-0.012662490;-0.417172221;0.908739236,-1.252826153;-0.569179452;-1.565854988
pt_sacrecoeur_trevi_tajmahal_sacre_coeur_70970334_5790897082.png,pt_sacrecoeur_trevi_tajmahal,cluster38,sacre_coeur_70970334_5790897082.png,0.991556314;-0.127574604;-0.023255044;0.129584295;0.981559053;0.140533755;0.004897661;-0.142360621;0.989802741,-0.580130244;0.319201551;2.057042693
pt_sacrecoeur_trevi_tajmahal_sacre_coeur_91671915_1791174514.png,pt_sacrecoeur_trevi_tajmahal,outliers,sacre_coeur_91671915_1791174514.png,nan;nan;nan;nan;nan;nan;nan;nan;nan,nan;nan;nan
pt_sacrecoeur_trevi_tajmahal_sacre_coeur_75030977_10341125684.png,pt_sacrecoeur_trevi_tajmahal,cluster38,sacre_coeur_75030977_10341125684.png,0.975325677;-0.144059337;-0.167292352;0.187078808;0.941654124;0.279801771;0.117223475;-0.304194706;0.945369895,-0.142049072;-0.124773416;-1.287831858
pt_sacrecoeur_trevi_tajmahal_sacre_coeur_39852107_3868092306.png,pt_sacrecoeur_trevi_tajmahal,cluster38,sacre_coeur_39852107_3868092306.png,0.939788391;-0.090716005;0.329497173;0.010683010;0.971454001;0.236987334;-0.341589891;-0.219197924;0.913930313,-3.203108362;-0.208303155;0.530975965
pt_sacrecoeur_trevi_tajmahal_sacre_coeur_32069695_13023252634.png,pt_sacrecoeur_trevi_tajmahal,outliers,sacre_coeur_32069695_13023252634.png,nan;nan;nan;nan;nan;nan;nan;nan;nan,nan;nan;nan
pt_sacrecoeur_trevi_tajmahal_sacre_coeur_30642459_5864476232.png,pt_sacrecoeur_trevi_tajmahal,cluster38,sacre_coeur_30642459_5864476232.png,0.982563343;0.043025770;-0.180881344;-0.017813393;0.990165244;0.138764090;0.185072852;-0.133122397;0.973666507,0.556921320;-0.642479210;1.959201203
pt_sacrecoeur_trevi_tajmahal_sacre_coeur_69399539_4178098151.png,pt_sacrecoeur_trevi_tajmahal,cluster38,sacre_coeur_69399539_4178098151.png,0.990733412;-0.121797365;-0.060105811;0.112455559;0.983764548;-0.139860864;0.076164650;0.131805598;0.988345198,0.200591034;0.144373739;11.264455256
pt_sacrecoeur_trevi_tajmahal_sacre_coeur_91139284_7856526282.png,pt_sacrecoeur_trevi_tajmahal,cluster38,sacre_coeur_91139284_7856526282.png,0.993477417;-0.105580587;-0.043073912;0.102773841;0.992715944;-0.062869649;0.049397974;0.058032705;0.997091794,-0.484962407;1.522779233;5.335916278
pt_sacrecoeur_trevi_tajmahal_sacre_coeur_55640818_3363877988.png,pt_sacrecoeur_trevi_tajmahal,cluster38,sacre_coeur_55640818_3363877988.png,0.772732312;-0.088266014;-0.628564941;0.286684457;0.932054434;0.221554854;0.566300976;-0.351402393;0.745533072,3.157312356;-0.644068504;-0.460008664
pt_sacrecoeur_trevi_tajmahal_sacre_coeur_95021816_8071366303.png,pt_sacrecoeur_trevi_tajmahal,cluster38,sacre_coeur_95021816_8071366303.png,0.975908545;-0.159739570;-0.148612856;0.164103661;0.986287828;0.017501664;0.143779343;-0.041467937;0.988740568,-0.534196397;0.317052707;-3.154567665
pt_sacrecoeur_trevi_tajmahal_sacre_coeur_23327088_8208333914.png,pt_sacrecoeur_trevi_tajmahal,cluster38,sacre_coeur_23327088_8208333914.png,0.992140244;-0.090431645;-0.086486143;0.091496626;0.995769771;0.008422004;0.085358671;-0.016269000;0.996217455,-0.679120226;0.105173383;5.123366472
pt_sacrecoeur_trevi_tajmahal_sacre_coeur_16971221_7856309770.png,pt_sacrecoeur_trevi_tajmahal,cluster38,sacre_coeur_16971221_7856309770.png,0.561703430;-0.120481127;-0.818519123;0.255279010;0.966305843;0.032949112;0.786970065;-0.227458381;0.573533610,5.042885539;0.149716745;3.488323290
pt_sacrecoeur_trevi_tajmahal_sacre_coeur_04822190_12621366523.png,pt_sacrecoeur_trevi_tajmahal,cluster38,sacre_coeur_04822190_12621366523.png,0.553061734;-0.148157994;-0.819860919;0.412403372;0.903728295;0.114885283;0.723910338;-0.401652062;0.560918394,4.708615352;-0.392870470;0.943883437
pt_sacrecoeur_trevi_tajmahal_sacre_coeur_38755762_4239668423.png,pt_sacrecoeur_trevi_tajmahal,cluster38,sacre_coeur_38755762_4239668423.png,0.545836306;-0.143038501;-0.825592341;0.244894954;0.969530645;-0.006065528;0.801304679;-0.198872613;0.564234433,4.493656239;0.618936867;-0.480033950
pt_sacrecoeur_trevi_tajmahal_sacre_coeur_79500596_4830716729.png,pt_sacrecoeur_trevi_tajmahal,cluster38,sacre_coeur_79500596_4830716729.png,0.936465487;-0.131366541;-0.325231031;0.191495134;0.968320302;0.160266671;0.293874132;-0.212364366;0.931954597,0.096088030;0.049876430;-0.296794802
pt_sacrecoeur_trevi_tajmahal_sacre_coeur_16776129_4239663609.png,pt_sacrecoeur_trevi_tajmahal,outliers,sacre_coeur_16776129_4239663609.png,nan;nan;nan;nan;nan;nan;nan;nan;nan,nan;nan;nan
pt_sacrecoeur_trevi_tajmahal_sacre_coeur_77299481_4479618965.png,pt_sacrecoeur_trevi_tajmahal,cluster38,sacre_coeur_77299481_4479618965.png,0.973905138;-0.093023980;0.207015268;0.019286496;0.942763201;0.332904757;-0.226134502;-0.320225055;0.919956032,-2.549803531;-0.619320687;-1.905188905
pt_sacrecoeur_trevi_tajmahal_sacre_coeur_61531052_7402696624.png,pt_sacrecoeur_trevi_tajmahal,cluster38,sacre_coeur_61531052_7402696624.png,0.847241516;-0.321547093;0.422834815;0.161728709;0.914337886;0.371254702;-0.505989761;-0.246157868;0.826668413,-5.259652518;-0.510178211;-1.104489580
pt_sacrecoeur_trevi_tajmahal_sacre_coeur_81935357_9658163122.png,pt_sacrecoeur_trevi_tajmahal,cluster38,sacre_coeur_81935357_9658163122.png,0.990652809;-0.072601268;0.115481896;0.065870947;0.995957533;0.061070534;-0.119448862;-0.052892794;0.991430442,-1.380150337;-0.013217454;2.310969508
pt_sacrecoeur_trevi_tajmahal_sacre_coeur_39172134_3155998144.png,pt_sacrecoeur_trevi_tajmahal,cluster38,sacre_coeur_39172134_3155998144.png,0.514910288;-0.118560030;-0.849005839;0.327486787;0.942477034;0.067003321;0.792224589;-0.312538893;0.524117965,4.756793954;0.703242570;0.408114632
pt_sacrecoeur_trevi_tajmahal_sacre_coeur_32086795_402359870.png,pt_sacrecoeur_trevi_tajmahal,cluster38,sacre_coeur_32086795_402359870.png,0.938281313;-0.166056562;-0.303403025;0.208000983;0.971765588;0.111387757;0.276339951;-0.167621178;0.946329421,0.029373653;0.140333418;0.591710319
pt_sacrecoeur_trevi_tajmahal_sacre_coeur_76611857_9600863579.png,pt_sacrecoeur_trevi_tajmahal,cluster38,sacre_coeur_76611857_9600863579.png,0.808285425;-0.053455389;-0.586359269;0.353069925;0.840959847;0.410034344;0.471186056;-0.538450608;0.698609078,2.869262964;-1.559052493;-1.117709382
pt_sacrecoeur_trevi_tajmahal_sacre_coeur_48325951_2932818065.png,pt_sacrecoeur_trevi_tajmahal,cluster38,sacre_coeur_48325951_2932818065.png,0.957777897;-0.110562202;-0.265400641;0.152444420;0.977949707;0.142741267;0.243766691;-0.177173278;0.953513204,0.188056805;0.273093633;0.396937798
pt_sacrecoeur_trevi_tajmahal_sacre_coeur_75716321_3698743515.png,pt_sacrecoeur_trevi_tajmahal,cluster38,sacre_coeur_75716321_3698743515.png,0.328259436;-0.111283115;-0.938009494;0.315323123;0.948981731;-0.002236494;0.890402758;-0.295041933;0.346602347,5.500906757;0.680236756;0.741068705
pt_sacrecoeur_trevi_tajmahal_sacre_coeur_93638576_44195081.png,pt_sacrecoeur_trevi_tajmahal,cluster38,sacre_coeur_93638576_44195081.png,0.987958243;-0.147988987;-0.045141673;0.154559390;0.957309131;0.244275710;0.007064421;-0.248311271;0.968654534,-1.034187259;-0.910326587;-2.737198069
pt_sacrecoeur_trevi_tajmahal_sacre_coeur_52914810_3288295639.png,pt_sacrecoeur_trevi_tajmahal,cluster38,sacre_coeur_52914810_3288295639.png,0.982063344;-0.151361148;-0.112433945;0.169724577;0.969379907;0.177471586;0.082128904;-0.193371143;0.977682180,-0.342077972;0.115976595;0.147843447
pt_sacrecoeur_trevi_tajmahal_sacre_coeur_24292909_11972893303.png,pt_sacrecoeur_trevi_tajmahal,cluster38,sacre_coeur_24292909_11972893303.png,0.991835463;-0.122910038;0.033993191;0.116814748;0.982595047;0.144434372;-0.051153975;-0.139284226;0.988930319,-1.116216188;-0.126564639;2.897987878
pt_sacrecoeur_trevi_tajmahal_sacre_coeur_71955478_140210696.png,pt_sacrecoeur_trevi_tajmahal,cluster38,sacre_coeur_71955478_140210696.png,0.986093095;-0.128394982;-0.105523154;0.145058292;0.974804978;0.169450131;0.081107950;-0.182400613;0.979873215,-0.849613516;-0.438976724;1.033883704
pt_sacrecoeur_trevi_tajmahal_sacre_coeur_18725380_2402129328.png,pt_sacrecoeur_trevi_tajmahal,cluster38,sacre_coeur_18725380_2402129328.png,0.971083505;-0.121337468;-0.205606528;0.161412140;0.968237046;0.190953253;0.175906073;-0.218618944;0.959824365,-0.358504323;0.159551271;3.121792147
pt_sacrecoeur_trevi_tajmahal_sacre_coeur_66573940_9624143830.png,pt_sacrecoeur_trevi_tajmahal,cluster38,sacre_coeur_66573940_9624143830.png,0.993494629;-0.105975639;0.041684366;0.107395002;0.993654499;-0.033422296;-0.037877908;0.037681564;0.998571662,-0.546337428;1.113135185;6.038305343
pt_sacrecoeur_trevi_tajmahal_sacre_coeur_32188921_4453876221.png,pt_sacrecoeur_trevi_tajmahal,cluster38,sacre_coeur_32188921_4453876221.png,0.987565400;-0.129957463;-0.088462639;0.140215584;0.982599092;0.121813853;0.071092689;-0.132702987;0.988602927,0.087619619;0.623290785;5.229458928
pt_sacrecoeur_trevi_tajmahal_sacre_coeur_85164542_170630708.png,pt_sacrecoeur_trevi_tajmahal,cluster38,sacre_coeur_85164542_170630708.png,0.985990419;-0.118239299;-0.117653569;0.135986667;0.978273869;0.156485987;0.096594619;-0.170293000;0.980647630,-0.238745328;0.245095059;0.601449802
pt_sacrecoeur_trevi_tajmahal_sacre_coeur_67466492_5056065534.png,pt_sacrecoeur_trevi_tajmahal,cluster38,sacre_coeur_67466492_5056065534.png,0.576662919;-0.143628450;-0.804257885;0.300799438;0.952598685;0.045557041;0.759591716;-0.268191377;0.592531695,4.027169570;0.122111804;-0.768349154
pt_sacrecoeur_trevi_tajmahal_sacre_coeur_37175111_6635304477.png,pt_sacrecoeur_trevi_tajmahal,cluster38,sacre_coeur_37175111_6635304477.png,0.952335779;-0.130806318;-0.275583511;0.147396340;0.988256964;0.040280181;0.267078422;-0.078980258;0.960432838,-0.355602427;-0.341696309;5.578637763
pt_sacrecoeur_trevi_tajmahal_sacre_coeur_16385535_4660789205.png,pt_sacrecoeur_trevi_tajmahal,cluster38,sacre_coeur_16385535_4660789205.png,0.985295374;-0.127411818;-0.113838719;0.124637556;0.991711882;-0.031193307;0.116869607;0.016546042;0.993009428,-1.044064999;-0.045576528;11.074497742
pt_sacrecoeur_trevi_tajmahal_sacre_coeur_47788810_3531619701.png,pt_sacrecoeur_trevi_tajmahal,cluster38,sacre_coeur_47788810_3531619701.png,0.991056243;-0.095837069;-0.092858918;0.113802268;0.970386674;0.213069819;0.069689069;-0.221731730;0.972614247,-0.958873358;0.088759254;3.053025899
pt_sacrecoeur_trevi_tajmahal_sacre_coeur_49896012_2400282601.png,pt_sacrecoeur_trevi_tajmahal,outliers,sacre_coeur_49896012_2400282601.png,nan;nan;nan;nan;nan;nan;nan;nan;nan,nan;nan;nan
pt_sacrecoeur_trevi_tajmahal_sacre_coeur_34904068_5083153.png,pt_sacrecoeur_trevi_tajmahal,cluster38,sacre_coeur_34904068_5083153.png,0.994245324;-0.106868539;-0.007439890;0.107109569;0.990421618;0.087135292;-0.001943394;-0.087430740;0.996168705,-0.843511233;0.449371073;3.127666292
pt_sacrecoeur_trevi_tajmahal_sacre_coeur_95734826_713795234.png,pt_sacrecoeur_trevi_tajmahal,cluster38,sacre_coeur_95734826_713795234.png,0.993047006;-0.094709293;-0.069912764;0.087376413;0.991002517;-0.101387247;0.078886039;0.094573576;0.992387440,-0.980740564;2.949495568;2.493153316
pt_sacrecoeur_trevi_tajmahal_sacre_coeur_88008039_6208734830.png,pt_sacrecoeur_trevi_tajmahal,cluster38,sacre_coeur_88008039_6208734830.png,0.983833192;-0.147884653;-0.101006835;0.160644733;0.978042287;0.132765033;0.079155045;-0.146844862;0.985987356,-0.621105133;-0.093929060;-0.895434195
pt_sacrecoeur_trevi_tajmahal_sacre_coeur_87446292_3971192822.png,pt_sacrecoeur_trevi_tajmahal,cluster38,sacre_coeur_87446292_3971192822.png,0.971626941;-0.114918011;-0.206724303;0.167030206;0.952210475;0.255726654;0.167457449;-0.283000109;0.944388130,-0.187616771;-0.349393431;0.019332773
pt_sacrecoeur_trevi_tajmahal_sacre_coeur_81282261_3885204620.png,pt_sacrecoeur_trevi_tajmahal,cluster38,sacre_coeur_81282261_3885204620.png,0.990315906;-0.111754067;-0.082373746;0.120983174;0.985711390;0.117201227;0.068099026;-0.126032077;0.989686030,-0.750694198;0.280149700;1.556705910
pt_sacrecoeur_trevi_tajmahal_sacre_coeur_46459330_5716002401.png,pt_sacrecoeur_trevi_tajmahal,cluster38,sacre_coeur_46459330_5716002401.png,0.989688732;-0.142169490;0.017437047;0.138275223;0.980071488;0.142617813;-0.037365455;-0.138736131;0.989624226,-1.163157839;0.294101854;0.719203081
pt_sacrecoeur_trevi_tajmahal_taj_mahal_68263048_3884219324.png,pt_sacrecoeur_trevi_tajmahal,outliers,taj_mahal_68263048_3884219324.png,nan;nan;nan;nan;nan;nan;nan;nan;nan,nan;nan;nan
pt_sacrecoeur_trevi_tajmahal_taj_mahal_21749909_452666809.png,pt_sacrecoeur_trevi_tajmahal,outliers,taj_mahal_21749909_452666809.png,nan;nan;nan;nan;nan;nan;nan;nan;nan,nan;nan;nan
pt_sacrecoeur_trevi_tajmahal_taj_mahal_16773607_5525472114.png,pt_sacrecoeur_trevi_tajmahal,outliers,taj_mahal_16773607_5525472114.png,nan;nan;nan;nan;nan;nan;nan;nan;nan,nan;nan;nan
pt_sacrecoeur_trevi_tajmahal_taj_mahal_73346411_11842150495.png,pt_sacrecoeur_trevi_tajmahal,outliers,taj_mahal_73346411_11842150495.png,nan;nan;nan;nan;nan;nan;nan;nan;nan,nan;nan;nan
pt_sacrecoeur_trevi_tajmahal_taj_mahal_07295255_5949580464.png,pt_sacrecoeur_trevi_tajmahal,outliers,taj_mahal_07295255_5949580464.png,nan;nan;nan;nan;nan;nan;nan;nan;nan,nan;nan;nan
pt_sacrecoeur_trevi_tajmahal_taj_mahal_33243562_4772593759.png,pt_sacrecoeur_trevi_tajmahal,outliers,taj_mahal_33243562_4772593759.png,nan;nan;nan;nan;nan;nan;nan;nan;nan,nan;nan;nan
pt_sacrecoeur_trevi_tajmahal_taj_mahal_35310867_4710497352.png,pt_sacrecoeur_trevi_tajmahal,outliers,taj_mahal_35310867_4710497352.png,nan;nan;nan;nan;nan;nan;nan;nan;nan,nan;nan;nan
pt_sacrecoeur_trevi_tajmahal_taj_mahal_88681740_6486186923.png,pt_sacrecoeur_trevi_tajmahal,outliers,taj_mahal_88681740_6486186923.png,nan;nan;nan;nan;nan;nan;nan;nan;nan,nan;nan;nan
pt_sacrecoeur_trevi_tajmahal_taj_mahal_75694348_4552162843.png,pt_sacrecoeur_trevi_tajmahal,outliers,taj_mahal_75694348_4552162843.png,nan;nan;nan;nan;nan;nan;nan;nan;nan,nan;nan;nan
pt_sacrecoeur_trevi_tajmahal_taj_mahal_87027560_6486839789.png,pt_sacrecoeur_trevi_tajmahal,outliers,taj_mahal_87027560_6486839789.png,nan;nan;nan;nan;nan;nan;nan;nan;nan,nan;nan;nan
pt_sacrecoeur_trevi_tajmahal_taj_mahal_84623051_5972175223.png,pt_sacrecoeur_trevi_tajmahal,cluster40,taj_mahal_84623051_5972175223.png,0.999993645;-0.000816574;-0.003470348;0.000839829;0.999977170;0.006704829;0.003464794;-0.006707701;0.999971501,2.315768093;2.444181312;-3.443950227
pt_sacrecoeur_trevi_tajmahal_taj_mahal_82182023_330370375.png,pt_sacrecoeur_trevi_tajmahal,cluster39,taj_mahal_82182023_330370375.png,0.993054852;-0.093720053;0.071123927;0.087083693;0.992010071;0.091282256;-0.079110630;-0.084454553;0.993281902,2.262123208;-0.999951462;-0.484684854
pt_sacrecoeur_trevi_tajmahal_taj_mahal_23360557_2453971988.png,pt_sacrecoeur_trevi_tajmahal,cluster42,taj_mahal_23360557_2453971988.png,0.856212544;-0.152678491;-0.493547725;0.110284718;0.987328293;-0.114105754;0.504715128;0.043268006;0.862200974,1.370913901;-3.777178960;-0.693538938
pt_sacrecoeur_trevi_tajmahal_taj_mahal_52650931_8268706459.png,pt_sacrecoeur_trevi_tajmahal,outliers,taj_mahal_52650931_8268706459.png,nan;nan;nan;nan;nan;nan;nan;nan;nan,nan;nan;nan
pt_sacrecoeur_trevi_tajmahal_taj_mahal_97524709_11495119913.png,pt_sacrecoeur_trevi_tajmahal,cluster39,taj_mahal_97524709_11495119913.png,0.869947148;0.228280728;0.437126835;-0.211053246;0.973473590;-0.088349849;-0.445699997;-0.015397338;0.895049962,-4.623270584;3.049738854;-1.168933742
pt_sacrecoeur_trevi_tajmahal_taj_mahal_99106990_5972735988.png,pt_sacrecoeur_trevi_tajmahal,outliers,taj_mahal_99106990_5972735988.png,nan;nan;nan;nan;nan;nan;nan;nan;nan,nan;nan;nan
pt_sacrecoeur_trevi_tajmahal_taj_mahal_82967489_11494979004.png,pt_sacrecoeur_trevi_tajmahal,outliers,taj_mahal_82967489_11494979004.png,nan;nan;nan;nan;nan;nan;nan;nan;nan,nan;nan;nan
pt_sacrecoeur_trevi_tajmahal_taj_mahal_40301482_6349100470.png,pt_sacrecoeur_trevi_tajmahal,outliers,taj_mahal_40301482_6349100470.png,nan;nan;nan;nan;nan;nan;nan;nan;nan,nan;nan;nan
pt_sacrecoeur_trevi_tajmahal_taj_mahal_09748237_4479958542.png,pt_sacrecoeur_trevi_tajmahal,outliers,taj_mahal_09748237_4479958542.png,nan;nan;nan;nan;nan;nan;nan;nan;nan,nan;nan;nan
pt_sacrecoeur_trevi_tajmahal_taj_mahal_05099279_2123782505.png,pt_sacrecoeur_trevi_tajmahal,outliers,taj_mahal_05099279_2123782505.png,nan;nan;nan;nan;nan;nan;nan;nan;nan,nan;nan;nan
pt_sacrecoeur_trevi_tajmahal_taj_mahal_40047213_6060347747.png,pt_sacrecoeur_trevi_tajmahal,outliers,taj_mahal_40047213_6060347747.png,nan;nan;nan;nan;nan;nan;nan;nan;nan,nan;nan;nan
pt_sacrecoeur_trevi_tajmahal_taj_mahal_35012799_233724898.png,pt_sacrecoeur_trevi_tajmahal,outliers,taj_mahal_35012799_233724898.png,nan;nan;nan;nan;nan;nan;nan;nan;nan,nan;nan;nan
pt_sacrecoeur_trevi_tajmahal_taj_mahal_15626988_320395276.png,pt_sacrecoeur_trevi_tajmahal,outliers,taj_mahal_15626988_320395276.png,nan;nan;nan;nan;nan;nan;nan;nan;nan,nan;nan;nan
pt_sacrecoeur_trevi_tajmahal_taj_mahal_47981545_2123782613.png,pt_sacrecoeur_trevi_tajmahal,outliers,taj_mahal_47981545_2123782613.png,nan;nan;nan;nan;nan;nan;nan;nan;nan,nan;nan;nan
pt_sacrecoeur_trevi_tajmahal_taj_mahal_40357326_9141483717.png,pt_sacrecoeur_trevi_tajmahal,outliers,taj_mahal_40357326_9141483717.png,nan;nan;nan;nan;nan;nan;nan;nan;nan,nan;nan;nan
pt_sacrecoeur_trevi_tajmahal_taj_mahal_33878661_5337234382.png,pt_sacrecoeur_trevi_tajmahal,outliers,taj_mahal_33878661_5337234382.png,nan;nan;nan;nan;nan;nan;nan;nan;nan,nan;nan;nan
pt_sacrecoeur_trevi_tajmahal_taj_mahal_96431892_320398075.png,pt_sacrecoeur_trevi_tajmahal,cluster40,taj_mahal_96431892_320398075.png,0.999877412;0.007946918;0.013491018;-0.007710051;0.999816794;-0.017519544;-0.013627773;0.017413380;0.999755499,-2.146049069;1.726092209;2.547185324
pt_sacrecoeur_trevi_tajmahal_taj_mahal_66281696_4846036976.png,pt_sacrecoeur_trevi_tajmahal,outliers,taj_mahal_66281696_4846036976.png,nan;nan;nan;nan;nan;nan;nan;nan;nan,nan;nan;nan
pt_sacrecoeur_trevi_tajmahal_taj_mahal_97855310_320398500.png,pt_sacrecoeur_trevi_tajmahal,cluster40,taj_mahal_97855310_320398500.png,0.999985787;0.002745274;0.004570369;-0.002787718;0.999952808;0.009306476;-0.004544605;-0.009319085;0.999946249,-0.119312580;-4.209076865;0.987901056
pt_sacrecoeur_trevi_tajmahal_taj_mahal_84741117_2234024581.png,pt_sacrecoeur_trevi_tajmahal,outliers,taj_mahal_84741117_2234024581.png,nan;nan;nan;nan;nan;nan;nan;nan;nan,nan;nan;nan
pt_sacrecoeur_trevi_tajmahal_taj_mahal_86821641_6619697153.png,pt_sacrecoeur_trevi_tajmahal,outliers,taj_mahal_86821641_6619697153.png,nan;nan;nan;nan;nan;nan;nan;nan;nan,nan;nan;nan
pt_sacrecoeur_trevi_tajmahal_taj_mahal_46483850_3092227510.png,pt_sacrecoeur_trevi_tajmahal,outliers,taj_mahal_46483850_3092227510.png,nan;nan;nan;nan;nan;nan;nan;nan;nan,nan;nan;nan
pt_sacrecoeur_trevi_tajmahal_taj_mahal_34892661_4479236831.png,pt_sacrecoeur_trevi_tajmahal,outliers,taj_mahal_34892661_4479236831.png,nan;nan;nan;nan;nan;nan;nan;nan;nan,nan;nan;nan
pt_sacrecoeur_trevi_tajmahal_taj_mahal_33561486_8345882977.png,pt_sacrecoeur_trevi_tajmahal,outliers,taj_mahal_33561486_8345882977.png,nan;nan;nan;nan;nan;nan;nan;nan;nan,nan;nan;nan
pt_sacrecoeur_trevi_tajmahal_taj_mahal_72418664_4552163871.png,pt_sacrecoeur_trevi_tajmahal,outliers,taj_mahal_72418664_4552163871.png,nan;nan;nan;nan;nan;nan;nan;nan;nan,nan;nan;nan
pt_sacrecoeur_trevi_tajmahal_taj_mahal_35871047_6486466789.png,pt_sacrecoeur_trevi_tajmahal,outliers,taj_mahal_35871047_6486466789.png,nan;nan;nan;nan;nan;nan;nan;nan;nan,nan;nan;nan
pt_sacrecoeur_trevi_tajmahal_taj_mahal_05644193_4809375226.png,pt_sacrecoeur_trevi_tajmahal,outliers,taj_mahal_05644193_4809375226.png,nan;nan;nan;nan;nan;nan;nan;nan;nan,nan;nan;nan
pt_sacrecoeur_trevi_tajmahal_taj_mahal_80209116_3299258442.png,pt_sacrecoeur_trevi_tajmahal,outliers,taj_mahal_80209116_3299258442.png,nan;nan;nan;nan;nan;nan;nan;nan;nan,nan;nan;nan
pt_sacrecoeur_trevi_tajmahal_taj_mahal_48590156_9372591744.png,pt_sacrecoeur_trevi_tajmahal,cluster41,taj_mahal_48590156_9372591744.png,0.996048589;0.088808904;-0.000432992;-0.088788492;0.995903174;0.017131005;0.001952604;-0.017024868;0.999853160,-0.053423725;0.095071627;-4.899727186
pt_sacrecoeur_trevi_tajmahal_taj_mahal_41314954_4418442825.png,pt_sacrecoeur_trevi_tajmahal,outliers,taj_mahal_41314954_4418442825.png,nan;nan;nan;nan;nan;nan;nan;nan;nan,nan;nan;nan
pt_sacrecoeur_trevi_tajmahal_taj_mahal_53757432_11494604856.png,pt_sacrecoeur_trevi_tajmahal,outliers,taj_mahal_53757432_11494604856.png,nan;nan;nan;nan;nan;nan;nan;nan;nan,nan;nan;nan
pt_sacrecoeur_trevi_tajmahal_taj_mahal_86871041_2123874981.png,pt_sacrecoeur_trevi_tajmahal,outliers,taj_mahal_86871041_2123874981.png,nan;nan;nan;nan;nan;nan;nan;nan;nan,nan;nan;nan
pt_sacrecoeur_trevi_tajmahal_taj_mahal_80696644_2234023339.png,pt_sacrecoeur_trevi_tajmahal,cluster42,taj_mahal_80696644_2234023339.png,0.836308956;-0.152218046;-0.526703898;0.120663188;0.988232084;-0.094009277;0.534815599;0.015067029;0.844834457,2.389483969;-4.257631868;1.281197814
pt_sacrecoeur_trevi_tajmahal_taj_mahal_79695821_354966524.png,pt_sacrecoeur_trevi_tajmahal,outliers,taj_mahal_79695821_354966524.png,nan;nan;nan;nan;nan;nan;nan;nan;nan,nan;nan;nan
pt_sacrecoeur_trevi_tajmahal_taj_mahal_70456501_320396748.png,pt_sacrecoeur_trevi_tajmahal,outliers,taj_mahal_70456501_320396748.png,nan;nan;nan;nan;nan;nan;nan;nan;nan,nan;nan;nan
pt_sacrecoeur_trevi_tajmahal_taj_mahal_28658320_3250275528.png,pt_sacrecoeur_trevi_tajmahal,outliers,taj_mahal_28658320_3250275528.png,nan;nan;nan;nan;nan;nan;nan;nan;nan,nan;nan;nan
pt_sacrecoeur_trevi_tajmahal_taj_mahal_67319805_2215339300.png,pt_sacrecoeur_trevi_tajmahal,outliers,taj_mahal_67319805_2215339300.png,nan;nan;nan;nan;nan;nan;nan;nan;nan,nan;nan;nan
pt_sacrecoeur_trevi_tajmahal_taj_mahal_68284397_7307804012.png,pt_sacrecoeur_trevi_tajmahal,outliers,taj_mahal_68284397_7307804012.png,nan;nan;nan;nan;nan;nan;nan;nan;nan,nan;nan;nan
pt_sacrecoeur_trevi_tajmahal_taj_mahal_72721370_6780643247.png,pt_sacrecoeur_trevi_tajmahal,outliers,taj_mahal_72721370_6780643247.png,nan;nan;nan;nan;nan;nan;nan;nan;nan,nan;nan;nan
pt_sacrecoeur_trevi_tajmahal_taj_mahal_89175833_3348677963.png,pt_sacrecoeur_trevi_tajmahal,outliers,taj_mahal_89175833_3348677963.png,nan;nan;nan;nan;nan;nan;nan;nan;nan,nan;nan;nan
pt_sacrecoeur_trevi_tajmahal_taj_mahal_17911381_11822031993.png,pt_sacrecoeur_trevi_tajmahal,cluster41,taj_mahal_17911381_11822031993.png,0.999434978;0.032424247;0.008853924;-0.032549490;0.999366558;0.014387962;-0.008381796;-0.014668023;0.999857287,0.006226418;-0.011849246;-0.198587304
pt_sacrecoeur_trevi_tajmahal_taj_mahal_99395911_415466662.png,pt_sacrecoeur_trevi_tajmahal,outliers,taj_mahal_99395911_415466662.png,nan;nan;nan;nan;nan;nan;nan;nan;nan,nan;nan;nan
pt_sacrecoeur_trevi_tajmahal_taj_mahal_70518655_6429111743.png,pt_sacrecoeur_trevi_tajmahal,outliers,taj_mahal_70518655_6429111743.png,nan;nan;nan;nan;nan;nan;nan;nan;nan,nan;nan;nan
pt_sacrecoeur_trevi_tajmahal_taj_mahal_99238567_2155545598.png,pt_sacrecoeur_trevi_tajmahal,outliers,taj_mahal_99238567_2155545598.png,nan;nan;nan;nan;nan;nan;nan;nan;nan,nan;nan;nan
pt_sacrecoeur_trevi_tajmahal_taj_mahal_40461214_8192836476.png,pt_sacrecoeur_trevi_tajmahal,outliers,taj_mahal_40461214_8192836476.png,nan;nan;nan;nan;nan;nan;nan;nan;nan,nan;nan;nan
pt_sacrecoeur_trevi_tajmahal_taj_mahal_78595827_6619694947.png,pt_sacrecoeur_trevi_tajmahal,outliers,taj_mahal_78595827_6619694947.png,nan;nan;nan;nan;nan;nan;nan;nan;nan,nan;nan;nan
pt_sacrecoeur_trevi_tajmahal_taj_mahal_02760416_4808737899.png,pt_sacrecoeur_trevi_tajmahal,outliers,taj_mahal_02760416_4808737899.png,nan;nan;nan;nan;nan;nan;nan;nan;nan,nan;nan;nan
pt_sacrecoeur_trevi_tajmahal_taj_mahal_36670333_3773568633.png,pt_sacrecoeur_trevi_tajmahal,outliers,taj_mahal_36670333_3773568633.png,nan;nan;nan;nan;nan;nan;nan;nan;nan,nan;nan;nan
pt_sacrecoeur_trevi_tajmahal_taj_mahal_87115605_383650319.png,pt_sacrecoeur_trevi_tajmahal,outliers,taj_mahal_87115605_383650319.png,nan;nan;nan;nan;nan;nan;nan;nan;nan,nan;nan;nan
pt_sacrecoeur_trevi_tajmahal_taj_mahal_57532696_297637106.png,pt_sacrecoeur_trevi_tajmahal,outliers,taj_mahal_57532696_297637106.png,nan;nan;nan;nan;nan;nan;nan;nan;nan,nan;nan;nan
pt_sacrecoeur_trevi_tajmahal_taj_mahal_46195638_3569985892.png,pt_sacrecoeur_trevi_tajmahal,outliers,taj_mahal_46195638_3569985892.png,nan;nan;nan;nan;nan;nan;nan;nan;nan,nan;nan;nan
pt_sacrecoeur_trevi_tajmahal_taj_mahal_03779515_11822031593.png,pt_sacrecoeur_trevi_tajmahal,cluster41,taj_mahal_03779515_11822031593.png,0.999822630;0.015748612;-0.010329104;-0.015357669;0.999201153;0.036894406;0.010901888;-0.036729231;0.999265787,0.007706763;0.022551911;5.099021559
pt_sacrecoeur_trevi_tajmahal_taj_mahal_95761991_3716491774.png,pt_sacrecoeur_trevi_tajmahal,cluster42,taj_mahal_95761991_3716491774.png,0.885589259;-0.068309667;-0.459418605;-0.146552826;0.897502385;-0.415946798;0.440742481;0.435687111;0.784807497,-1.398281487;3.881874997;0.801764208
pt_sacrecoeur_trevi_tajmahal_taj_mahal_81509461_2124556500.png,pt_sacrecoeur_trevi_tajmahal,outliers,taj_mahal_81509461_2124556500.png,nan;nan;nan;nan;nan;nan;nan;nan;nan,nan;nan;nan
pt_sacrecoeur_trevi_tajmahal_taj_mahal_07292828_6865863886.png,pt_sacrecoeur_trevi_tajmahal,cluster42,taj_mahal_07292828_6865863886.png,0.898862128;-0.055070576;-0.434757527;-0.147214733;0.896475429;-0.417922992;0.412764701;0.439657862;0.797700612,-1.680900836;3.879488868;2.322985290
pt_sacrecoeur_trevi_tajmahal_taj_mahal_25038173_427948647.png,pt_sacrecoeur_trevi_tajmahal,outliers,taj_mahal_25038173_427948647.png,nan;nan;nan;nan;nan;nan;nan;nan;nan,nan;nan;nan
pt_sacrecoeur_trevi_tajmahal_taj_mahal_75960124_233048597.png,pt_sacrecoeur_trevi_tajmahal,outliers,taj_mahal_75960124_233048597.png,nan;nan;nan;nan;nan;nan;nan;nan;nan,nan;nan;nan
pt_sacrecoeur_trevi_tajmahal_taj_mahal_45203396_7995388605.png,pt_sacrecoeur_trevi_tajmahal,outliers,taj_mahal_45203396_7995388605.png,nan;nan;nan;nan;nan;nan;nan;nan;nan,nan;nan;nan
pt_sacrecoeur_trevi_tajmahal_taj_mahal_96947007_371077369.png,pt_sacrecoeur_trevi_tajmahal,outliers,taj_mahal_96947007_371077369.png,nan;nan;nan;nan;nan;nan;nan;nan;nan,nan;nan;nan
pt_sacrecoeur_trevi_tajmahal_taj_mahal_51297211_3293524007.png,pt_sacrecoeur_trevi_tajmahal,outliers,taj_mahal_51297211_3293524007.png,nan;nan;nan;nan;nan;nan;nan;nan;nan,nan;nan;nan
pt_sacrecoeur_trevi_tajmahal_taj_mahal_88652653_6486332399.png,pt_sacrecoeur_trevi_tajmahal,outliers,taj_mahal_88652653_6486332399.png,nan;nan;nan;nan;nan;nan;nan;nan;nan,nan;nan;nan
pt_sacrecoeur_trevi_tajmahal_taj_mahal_92344991_5630498660.png,pt_sacrecoeur_trevi_tajmahal,outliers,taj_mahal_92344991_5630498660.png,nan;nan;nan;nan;nan;nan;nan;nan;nan,nan;nan;nan
pt_sacrecoeur_trevi_tajmahal_taj_mahal_85291466_3299259390.png,pt_sacrecoeur_trevi_tajmahal,outliers,taj_mahal_85291466_3299259390.png,nan;nan;nan;nan;nan;nan;nan;nan;nan,nan;nan;nan
pt_sacrecoeur_trevi_tajmahal_taj_mahal_73045053_2123874963.png,pt_sacrecoeur_trevi_tajmahal,outliers,taj_mahal_73045053_2123874963.png,nan;nan;nan;nan;nan;nan;nan;nan;nan,nan;nan;nan
pt_sacrecoeur_trevi_tajmahal_taj_mahal_54900410_4709458745.png,pt_sacrecoeur_trevi_tajmahal,outliers,taj_mahal_54900410_4709458745.png,nan;nan;nan;nan;nan;nan;nan;nan;nan,nan;nan;nan
pt_stpeters_stpauls_st_pauls_cathedral_61499819_8185541808.png,pt_stpeters_stpauls,outliers,st_pauls_cathedral_61499819_8185541808.png,nan;nan;nan;nan;nan;nan;nan;nan;nan,nan;nan;nan
pt_stpeters_stpauls_st_pauls_cathedral_08811062_7652433566.png,pt_stpeters_stpauls,cluster43,st_pauls_cathedral_08811062_7652433566.png,0.978202051;-0.090594926;-0.186851030;0.108451792;0.990229896;0.087652508;0.177084603;-0.106006192;0.978470097,-3.248025756;0.101568496;1.463042825
pt_stpeters_stpauls_st_pauls_cathedral_29137875_1898785145.png,pt_stpeters_stpauls,cluster43,st_pauls_cathedral_29137875_1898785145.png,0.910808750;-0.125652686;-0.393241431;0.108590294;0.991930317;-0.065439998;0.398290809;0.016901120;0.917103475,-0.638902179;1.655070588;-0.851185959
pt_stpeters_stpauls_st_pauls_cathedral_80420443_8644508595.png,pt_stpeters_stpauls,cluster43,st_pauls_cathedral_80420443_8644508595.png,0.736646208;-0.035939257;-0.675322689;-0.243747863;0.917360252;-0.314701680;0.630824337;0.396432261;0.667009833,-0.094163123;0.342173397;11.755631298
pt_stpeters_stpauls_st_pauls_cathedral_28850329_4038914991.png,pt_stpeters_stpauls,cluster43,st_pauls_cathedral_28850329_4038914991.png,0.896619329;-0.133763558;-0.422115019;0.096169517;0.989352338;-0.109239991;0.432232811;0.057352090;0.899936406,-0.580388480;2.079283851;-0.762113172
pt_stpeters_stpauls_st_pauls_cathedral_77160340_9329931708.png,pt_stpeters_stpauls,cluster43,st_pauls_cathedral_77160340_9329931708.png,0.598029907;-0.252296812;-0.760727644;0.311333961;0.947750249;-0.069574633;0.738533272;-0.195232640;0.645331560,0.615319878;-0.030360023;-1.115026937
pt_stpeters_stpauls_st_pauls_cathedral_34381859_7319928252.png,pt_stpeters_stpauls,cluster43,st_pauls_cathedral_34381859_7319928252.png,0.788447292;-0.187225752;-0.585915851;0.237010838;0.971469729;0.008510441;0.567606140;-0.145578441;0.810327210,1.229599240;-0.517247955;0.022742948
pt_stpeters_stpauls_st_pauls_cathedral_23624636_5162872877.png,pt_stpeters_stpauls,cluster43,st_pauls_cathedral_23624636_5162872877.png,0.644876569;-0.251741984;-0.721637156;-0.128960731;0.894817978;-0.427399012;0.753328176;0.368682464;0.544582317,-1.748409317;-1.373119837;23.447383689
pt_stpeters_stpauls_st_pauls_cathedral_16894231_3531570752.png,pt_stpeters_stpauls,cluster43,st_pauls_cathedral_16894231_3531570752.png,0.806960412;-0.195114277;-0.557445344;0.166476981;0.980726756;-0.102276321;0.566657134;-0.010268876;0.823889703,0.852996365;0.242277180;-0.876418414
pt_stpeters_stpauls_st_pauls_cathedral_59351891_5209994388.png,pt_stpeters_stpauls,cluster43,st_pauls_cathedral_59351891_5209994388.png,0.966549922;-0.180144252;-0.182563133;0.208585053;0.966305756;0.150815988;0.149243173;-0.183851122;0.971558151,-2.534981503;-1.676686172;0.104299803
pt_stpeters_stpauls_st_pauls_cathedral_74628702_527678504.png,pt_stpeters_stpauls,cluster43,st_pauls_cathedral_74628702_527678504.png,0.917261186;-0.167413528;-0.361392623;0.211627463;0.973546374;0.086146818;0.337410335;-0.155499736;0.928425602,-0.568484209;-1.740391693;1.337919779
pt_stpeters_stpauls_st_pauls_cathedral_05641764_12250203953.png,pt_stpeters_stpauls,cluster43,st_pauls_cathedral_05641764_12250203953.png,0.799615367;-0.196758045;-0.567363673;0.154561151;0.980401147;-0.122165632;0.580281066;0.009993135;0.814354972,0.699614279;0.017988136;-1.103811906
pt_stpeters_stpauls_st_pauls_cathedral_02796054_3846089993.png,pt_stpeters_stpauls,cluster43,st_pauls_cathedral_02796054_3846089993.png,0.650737780;-0.223928470;-0.725531793;0.220465717;0.970081666;-0.101668229;0.726591501;-0.093795529;0.680637340,0.366680132;0.692617516;-2.007522008
pt_stpeters_stpauls_st_pauls_cathedral_61565132_8158727335.png,pt_stpeters_stpauls,cluster43,st_pauls_cathedral_61565132_8158727335.png,0.929846524;-0.173354082;-0.324551696;0.246468696;0.948378954;0.199575902;0.273200701;-0.265566792;0.924573229,-0.892559617;-1.707355780;-1.253015120
pt_stpeters_stpauls_st_pauls_cathedral_62295984_6069707235.png,pt_stpeters_stpauls,cluster43,st_pauls_cathedral_62295984_6069707235.png,0.493799931;-0.166025287;-0.853579072;0.418616859;0.905761738;0.065996960;0.762182100;-0.389911885;0.516766068,2.899643727;-1.102156267;-0.650299618
pt_stpeters_stpauls_st_pauls_cathedral_16273036_6590036823.png,pt_stpeters_stpauls,cluster43,st_pauls_cathedral_16273036_6590036823.png,0.958898658;-0.070631984;-0.274817189;0.068767401;0.997497478;-0.016426400;0.275289682;-0.003147210;0.961356170,-1.582051255;0.838455627;-0.539479696
pt_stpeters_stpauls_st_pauls_cathedral_18206585_1326228024.png,pt_stpeters_stpauls,cluster43,st_pauls_cathedral_18206585_1326228024.png,0.637316031;-0.202642636;-0.743481162;0.277540776;0.960417493;-0.023861192;0.718887609;-0.191139218;0.668331059,1.236483030;-0.537945029;-0.179834968
pt_stpeters_stpauls_st_pauls_cathedral_04223687_109190093.png,pt_stpeters_stpauls,cluster43,st_pauls_cathedral_04223687_109190093.png,0.841838963;-0.170900005;-0.511957370;0.039550092;0.965528450;-0.257275343;0.538277764;0.196336447;0.819578580,1.440148624;1.802646511;3.364688000
pt_stpeters_stpauls_st_pauls_cathedral_87389732_138449670.png,pt_stpeters_stpauls,outliers,st_pauls_cathedral_87389732_138449670.png,nan;nan;nan;nan;nan;nan;nan;nan;nan,nan;nan;nan
pt_stpeters_stpauls_st_pauls_cathedral_75319895_8696585631.png,pt_stpeters_stpauls,cluster43,st_pauls_cathedral_75319895_8696585631.png,0.991349773;-0.130935270;0.009032304;0.130619036;0.990992691;0.029532263;-0.012817762;-0.028097011;0.999523018,-3.285318241;-0.894851575;0.848214101
pt_stpeters_stpauls_st_pauls_cathedral_22051479_11389229645.png,pt_stpeters_stpauls,outliers,st_pauls_cathedral_22051479_11389229645.png,nan;nan;nan;nan;nan;nan;nan;nan;nan,nan;nan;nan
pt_stpeters_stpauls_st_pauls_cathedral_37031536_5918950469.png,pt_stpeters_stpauls,cluster43,st_pauls_cathedral_37031536_5918950469.png,0.713741355;-0.185478093;-0.675404438;0.234831221;0.971855724;-0.018728324;0.659869363;-0.145238870;0.737209668,2.287003848;-0.600998788;-0.352599395
pt_stpeters_stpauls_st_pauls_cathedral_61928556_183808445.png,pt_stpeters_stpauls,cluster43,st_pauls_cathedral_61928556_183808445.png,0.899608483;-0.140532492;-0.413467285;0.193757920;0.976956851;0.089516363;0.391359739;-0.160642240;0.906107954,-1.576473613;-0.688924944;-0.203301457
pt_stpeters_stpauls_st_pauls_cathedral_72125766_3947493463.png,pt_stpeters_stpauls,cluster43,st_pauls_cathedral_72125766_3947493463.png,0.756930561;-0.215226414;-0.617036236;0.010418941;0.948063678;-0.317909906;0.653412253;0.234206859;0.719860803,0.847458360;-0.117489141;0.539534193
pt_stpeters_stpauls_st_pauls_cathedral_79100344_12250598976.png,pt_stpeters_stpauls,cluster43,st_pauls_cathedral_79100344_12250598976.png,0.928338902;-0.140358876;-0.344218345;0.088903636;0.982936381;-0.161034825;0.360947402;0.118892630;0.924976495,-0.952388358;0.921683702;0.777890880
pt_stpeters_stpauls_st_pauls_cathedral_88075832_10885187075.png,pt_stpeters_stpauls,cluster43,st_pauls_cathedral_88075832_10885187075.png,0.895460104;-0.189651871;-0.402719964;0.284448016;0.939684043;0.189955851;0.342404041;-0.284650781;0.895395670,-0.736650956;-1.669599802;-0.902018479
pt_stpeters_stpauls_st_pauls_cathedral_47854767_3623008711.png,pt_stpeters_stpauls,cluster43,st_pauls_cathedral_47854767_3623008711.png,0.854531674;-0.144356455;-0.498935700;0.132318915;0.989411246;-0.059641347;0.502262206;-0.015053211;0.864584338,0.308792316;1.032458808;0.413789764
pt_stpeters_stpauls_st_pauls_cathedral_07127770_6944612870.png,pt_stpeters_stpauls,cluster43,st_pauls_cathedral_07127770_6944612870.png,0.980584529;-0.054656798;0.188325823;0.018146101;0.981542043;0.190383659;-0.195255474;-0.183269891;0.963476749,-4.964373459;-0.354355012;2.109485541
pt_stpeters_stpauls_st_pauls_cathedral_60046937_167213677.png,pt_stpeters_stpauls,cluster43,st_pauls_cathedral_60046937_167213677.png,0.983406506;-0.037814470;-0.177430862;0.047651223;0.997535061;0.051508870;0.175045725;-0.059108956;0.982784374,-2.721466322;0.263151556;-1.019582461
pt_stpeters_stpauls_st_pauls_cathedral_66235659_2635311972.png,pt_stpeters_stpauls,cluster43,st_pauls_cathedral_66235659_2635311972.png,0.519221643;-0.254063713;-0.816002767;0.329336045;0.940532921;-0.083280213;0.788635946;-0.225498234;0.572017387,3.410140102;-0.407245862;-1.771688826
pt_stpeters_stpauls_st_pauls_cathedral_63162714_8395296503.png,pt_stpeters_stpauls,cluster43,st_pauls_cathedral_63162714_8395296503.png,0.960197199;-0.143909900;-0.239397742;0.127915294;0.988460212;-0.081142383;0.248312335;0.047290057;0.967525005,-1.619272442;-0.046091692;2.445459584
pt_stpeters_stpauls_st_pauls_cathedral_60576713_6612091735.png,pt_stpeters_stpauls,cluster43,st_pauls_cathedral_60576713_6612091735.png,0.563041873;-0.250953952;-0.787404574;0.231395999;0.962542146;-0.141309973;0.793372385;-0.102638836;0.600021273,1.851732570;-0.091628040;-0.987428806
pt_stpeters_stpauls_st_pauls_cathedral_77730672_2187628006.png,pt_stpeters_stpauls,cluster43,st_pauls_cathedral_77730672_2187628006.png,0.810497136;-0.164938426;-0.562040664;-0.098180636;0.907705089;-0.407960824;0.577455587;0.385832589;0.719498616,3.198372834;2.531872417;9.237641154
pt_stpeters_stpauls_st_pauls_cathedral_16950686_8459946808.png,pt_stpeters_stpauls,cluster43,st_pauls_cathedral_16950686_8459946808.png,0.957456656;-0.135721305;-0.254669352;0.169725373;0.978570454;0.116589723;0.233388194;-0.154853457;0.959974144,-1.643931163;-1.988394772;2.311407198
pt_stpeters_stpauls_st_pauls_cathedral_02139247_2294669227.png,pt_stpeters_stpauls,cluster43,st_pauls_cathedral_02139247_2294669227.png,0.772283815;-0.169935628;-0.612127104;0.263358757;0.962501684;0.065059001;0.578117526;-0.211453046;0.788078508,1.859795644;-0.645783126;-0.136296518
pt_stpeters_stpauls_st_pauls_cathedral_92567399_6203586908.png,pt_stpeters_stpauls,cluster43,st_pauls_cathedral_92567399_6203586908.png,0.542411911;-0.327141473;-0.773800863;0.382325414;0.916283604;-0.119380209;0.748075261;-0.231090488;0.622077640,2.401522966;-0.281152042;-2.872116120
pt_stpeters_stpauls_st_pauls_cathedral_22597499_4761259569.png,pt_stpeters_stpauls,cluster43,st_pauls_cathedral_22597499_4761259569.png,0.921163064;-0.146135106;-0.360698129;0.101105337;0.984861165;-0.140805525;0.375814210;0.093236343;0.921992768,-0.523637440;-0.448752786;4.267554831
pt_stpeters_stpauls_st_pauls_cathedral_01024897_4276850874.png,pt_stpeters_stpauls,outliers,st_pauls_cathedral_01024897_4276850874.png,nan;nan;nan;nan;nan;nan;nan;nan;nan,nan;nan;nan
pt_stpeters_stpauls_st_pauls_cathedral_92611863_4804339601.png,pt_stpeters_stpauls,cluster43,st_pauls_cathedral_92611863_4804339601.png,0.994745788;-0.097607589;0.030880019;0.091096795;0.981559584;0.168054031;-0.046713928;-0.164357969;0.985294000,-3.807575473;-0.280306162;1.276969595
pt_stpeters_stpauls_st_pauls_cathedral_37863559_4180603861.png,pt_stpeters_stpauls,cluster43,st_pauls_cathedral_37863559_4180603861.png,0.909577540;-0.113412564;-0.399757787;0.025059910;0.975253836;-0.219663280;0.414777891;0.189782892;0.889911094,0.746318636;0.825044241;4.632540521
pt_stpeters_stpauls_st_pauls_cathedral_08212369_4763831145.png,pt_stpeters_stpauls,cluster43,st_pauls_cathedral_08212369_4763831145.png,0.946389020;-0.214296206;-0.241712553;0.249757502;0.959969905;0.126802885;0.204863399;-0.180374382;0.962027063,-1.910253730;-0.941697413;-2.012291030
pt_stpeters_stpauls_st_pauls_cathedral_01405760_428260779.png,pt_stpeters_stpauls,cluster43,st_pauls_cathedral_01405760_428260779.png,0.988926943;0.077068962;0.126822226;-0.069771566;0.995695208;-0.061016233;-0.130978740;0.051492011;0.990047041,-4.980057318;1.089024425;1.909213265
pt_stpeters_stpauls_st_pauls_cathedral_00593112_5162872967.png,pt_stpeters_stpauls,cluster43,st_pauls_cathedral_00593112_5162872967.png,0.844637908;-0.128125762;-0.519779369;0.008690545;0.974090505;-0.225991510;0.535267483;0.186363830;0.823867249,-1.666679701;-1.847385243;5.968758370
pt_stpeters_stpauls_st_pauls_cathedral_72419011_510114579.png,pt_stpeters_stpauls,cluster43,st_pauls_cathedral_72419011_510114579.png,0.883460532;-0.170236639;-0.436482503;0.101122943;0.978976380;-0.177142311;0.457462172;0.112359845;0.882101823,-1.191272044;1.699404145;0.941381103
pt_stpeters_stpauls_st_pauls_cathedral_95298370_81064887.png,pt_stpeters_stpauls,cluster43,st_pauls_cathedral_95298370_81064887.png,0.320478955;-0.434888669;-0.841525451;0.543934758;0.811805737;-0.212382732;0.775518032;-0.389670747;0.496717717,1.360084209;-1.075648724;-2.725628603
pt_stpeters_stpauls_st_pauls_cathedral_78172907_4888149381.png,pt_stpeters_stpauls,cluster43,st_pauls_cathedral_78172907_4888149381.png,0.908971410;-0.136192229;-0.393983062;0.105215163;0.989479470;-0.099298279;0.403361805;0.048806304;0.913738036,-0.684333936;1.086065389;0.129817866
pt_stpeters_stpauls_st_pauls_cathedral_88095326_6571972013.png,pt_stpeters_stpauls,cluster43,st_pauls_cathedral_88095326_6571972013.png,0.895843679;-0.162619640;-0.413544382;0.082066168;0.975169457;-0.205693153;0.436725598;0.150330908;0.886944965,-1.044119447;1.770289447;-2.202715069
pt_stpeters_stpauls_st_pauls_cathedral_36924691_6406659277.png,pt_stpeters_stpauls,cluster43,st_pauls_cathedral_36924691_6406659277.png,0.993120840;-0.088812379;-0.076310929;0.087035514;0.995857732;-0.026309629;0.078331449;0.019486880;0.996736899,-0.475008482;-1.943623029;3.083821834
pt_stpeters_stpauls_st_pauls_cathedral_89944336_8704609569.png,pt_stpeters_stpauls,cluster43,st_pauls_cathedral_89944336_8704609569.png,0.907083998;-0.189203424;-0.376032825;0.274953800;0.942713172;0.188924016;0.318746027;-0.274761605;0.907142233,-1.149770885;-1.527154259;-1.829276520
pt_stpeters_stpauls_st_pauls_cathedral_62863183_527769429.png,pt_stpeters_stpauls,outliers,st_pauls_cathedral_62863183_527769429.png,nan;nan;nan;nan;nan;nan;nan;nan;nan,nan;nan;nan
pt_stpeters_stpauls_st_pauls_cathedral_07173502_9664669062.png,pt_stpeters_stpauls,cluster43,st_pauls_cathedral_07173502_9664669062.png,0.782871246;-0.178747778;-0.595954565;0.319813843;0.937226923;0.139013672;0.533696279;-0.299424326;0.790894023,1.463534461;-3.045674462;1.800628814
pt_stpeters_stpauls_st_pauls_cathedral_93701474_6332090181.png,pt_stpeters_stpauls,cluster43,st_pauls_cathedral_93701474_6332090181.png,0.779055223;-0.238383048;-0.579867641;0.297205229;0.954789523;0.006783702;0.552034429;-0.177624573;0.814682453,1.019127227;-0.657075399;0.144135241
pt_stpeters_stpauls_st_pauls_cathedral_89029188_167214313.png,pt_stpeters_stpauls,cluster43,st_pauls_cathedral_89029188_167214313.png,0.903418738;-0.111008435;-0.414139724;0.076013941;0.992069423;-0.100100651;0.421967373;0.058952411;0.904692295,0.012981143;0.466101244;-0.502215402
pt_stpeters_stpauls_st_pauls_cathedral_76072058_330233851.png,pt_stpeters_stpauls,cluster43,st_pauls_cathedral_76072058_330233851.png,0.623479484;-0.186399847;-0.759294692;0.263464857;0.964452732;-0.020425414;0.736111134;-0.187312641;0.650426301,1.704605669;-1.125141460;1.865151359
pt_stpeters_stpauls_st_pauls_cathedral_50777283_4936535855.png,pt_stpeters_stpauls,cluster43,st_pauls_cathedral_50777283_4936535855.png,0.693718383;-0.197475209;-0.692645903;0.000758117;0.961878827;-0.273474949;0.720245951;0.189189493;0.667422734,1.308254323;1.319820398;7.471706347
pt_stpeters_stpauls_st_pauls_cathedral_89408252_1252638430.png,pt_stpeters_stpauls,cluster43,st_pauls_cathedral_89408252_1252638430.png,0.817927506;-0.171008921;-0.549318254;0.030128317;0.966224187;-0.255935745;0.574531879;0.192786850;0.795453550,-3.131074987;-1.442192453;12.596607862
pt_stpeters_stpauls_st_pauls_cathedral_01207461_5308976270.png,pt_stpeters_stpauls,cluster43,st_pauls_cathedral_01207461_5308976270.png,0.986987959;-0.122016900;-0.104721754;0.130473899;0.988371315;0.078094213;0.093975164;-0.090741504;0.991430607,-3.114240991;0.183651908;-0.233145303
pt_stpeters_stpauls_st_pauls_cathedral_95155835_6249315212.png,pt_stpeters_stpauls,cluster43,st_pauls_cathedral_95155835_6249315212.png,0.706278959;-0.171196647;-0.686921932;0.262609941;0.964446481;0.029648016;0.657423799;-0.201332298;0.726126198,2.008317531;-0.572742355;-0.539555816
pt_stpeters_stpauls_st_pauls_cathedral_49523263_2763776233.png,pt_stpeters_stpauls,cluster43,st_pauls_cathedral_49523263_2763776233.png,0.789520301;-0.113191858;-0.603195903;0.173084574;0.984015493;0.041895580;0.588811875;-0.137481317;0.796491973,-0.732407411;-2.287177426;3.347182503
pt_stpeters_stpauls_st_pauls_cathedral_04913236_119772663.png,pt_stpeters_stpauls,cluster43,st_pauls_cathedral_04913236_119772663.png,0.458129371;-0.224332985;-0.860111732;0.330505704;0.941245008;-0.069453689;0.825156627;-0.252453058;0.505355315,0.859652900;-1.639246000;0.885443518
pt_stpeters_stpauls_st_pauls_cathedral_06850079_5924336712.png,pt_stpeters_stpauls,cluster43,st_pauls_cathedral_06850079_5924336712.png,0.634119182;-0.248407619;-0.732247579;0.357698454;0.933810741;-0.007022559;0.685525112;-0.257470688;0.681002325,0.913990898;-0.620168599;-2.302748187
pt_stpeters_stpauls_st_pauls_cathedral_15866879_138904614.png,pt_stpeters_stpauls,cluster43,st_pauls_cathedral_15866879_138904614.png,0.856779769;-0.133376449;-0.498135675;-0.005701152;0.963464689;-0.267774700;0.515650972;0.232263893;0.824716654,1.342477767;3.375732712;1.446777586
pt_stpeters_stpauls_st_pauls_cathedral_86793288_81064886.png,pt_stpeters_stpauls,cluster43,st_pauls_cathedral_86793288_81064886.png,0.937335563;-0.204833658;-0.281860275;0.277038480;0.928736967;0.246368275;0.211309542;-0.309015888;0.927284993,-1.995763702;-1.719390690;-2.243781614
pt_stpeters_stpauls_st_pauls_cathedral_64682734_3599756412.png,pt_stpeters_stpauls,cluster43,st_pauls_cathedral_64682734_3599756412.png,0.446230770;-0.253690618;-0.858206950;0.407556232;0.911368418;-0.057493692;0.796728321;-0.324112137;0.510073824,3.330278425;-0.034767379;-0.976352605
pt_stpeters_stpauls_st_pauls_cathedral_75906168_9021331.png,pt_stpeters_stpauls,cluster43,st_pauls_cathedral_75906168_9021331.png,0.982451445;-0.139556346;-0.123746452;0.174995767;0.919252418;0.352635044;0.064541767;-0.368101914;0.927542636,-3.099509451;-1.464215459;-1.594115656
pt_stpeters_stpauls_st_pauls_cathedral_37175263_9450449849.png,pt_stpeters_stpauls,cluster43,st_pauls_cathedral_37175263_9450449849.png,0.389143709;-0.174097935;-0.904575637;0.374385593;0.927110291;-0.017376312;0.841666562;-0.331898204;0.425958896,4.030624407;-0.521330861;2.260297304
pt_stpeters_stpauls_st_pauls_cathedral_29687506_6744340327.png,pt_stpeters_stpauls,cluster43,st_pauls_cathedral_29687506_6744340327.png,0.887490489;0.027254260;-0.460019389;0.120448378;0.949828685;0.288647981;0.444806498;-0.311580927;0.839681193,-0.189419485;-1.598497720;-1.212293763
pt_stpeters_stpauls_st_pauls_cathedral_57396867_1162831381.png,pt_stpeters_stpauls,cluster43,st_pauls_cathedral_57396867_1162831381.png,0.836165910;-0.158834812;-0.524974355;0.161305856;0.986035382;-0.041408283;0.524220366;-0.050057243;0.850110158,0.059712989;1.673130661;-2.325862329
pt_stpeters_stpauls_st_pauls_cathedral_79454276_6423703259.png,pt_stpeters_stpauls,cluster43,st_pauls_cathedral_79454276_6423703259.png,0.481349450;-0.257891085;-0.837731994;0.273416882;0.952227568;-0.136036270;0.832794041;-0.163569086;0.528865993,2.050727079;0.015270100;0.530070592
pt_stpeters_stpauls_st_pauls_cathedral_76302715_6756627863.png,pt_stpeters_stpauls,cluster43,st_pauls_cathedral_76302715_6756627863.png,0.945812600;-0.101201647;-0.308539709;0.022151275;0.968087618;-0.249631098;0.323956550;0.229269690;0.917871213,-1.472660257;3.937977937;6.960924274
pt_stpeters_stpauls_st_pauls_cathedral_66281560_69430718.png,pt_stpeters_stpauls,cluster43,st_pauls_cathedral_66281560_69430718.png,0.947126361;-0.131374449;-0.292732661;0.137582322;0.990490139;0.000624282;0.289866799;-0.040866113;0.956194122,-2.865716255;0.577165792;-0.310453173
pt_stpeters_stpauls_st_pauls_cathedral_79907102_3247748633.png,pt_stpeters_stpauls,outliers,st_pauls_cathedral_79907102_3247748633.png,nan;nan;nan;nan;nan;nan;nan;nan;nan,nan;nan;nan
pt_stpeters_stpauls_st_pauls_cathedral_20239254_119772598.png,pt_stpeters_stpauls,cluster43,st_pauls_cathedral_20239254_119772598.png,-0.435336339;-0.470800329;-0.767352150;-0.618123629;0.776008420;-0.125435684;0.654526890;0.419711784;-0.628837473,-24404082823722.285156250;-138156160828584.468750000;653876451189172.500000000
pt_stpeters_stpauls_st_pauls_cathedral_45685596_2848901240.png,pt_stpeters_stpauls,cluster43,st_pauls_cathedral_45685596_2848901240.png,0.684073823;-0.222207906;-0.694742148;0.182766940;0.974300440;-0.131662059;0.706143931;-0.036909328;0.707105685,1.850588485;0.085600948;-1.628799588
pt_stpeters_stpauls_st_pauls_cathedral_94451439_81070120.png,pt_stpeters_stpauls,cluster43,st_pauls_cathedral_94451439_81070120.png,0.648493847;-0.164049830;-0.743332620;0.319949541;0.944799279;0.070615962;0.690715586;-0.283622948;0.665184187,2.338785349;-0.621158750;-1.733495136
pt_stpeters_stpauls_st_pauls_cathedral_43920096_10906605833.png,pt_stpeters_stpauls,cluster43,st_pauls_cathedral_43920096_10906605833.png,0.899616258;-0.151772841;-0.409457682;0.033768237;0.959028701;-0.281289277;0.435373742;0.239225743;0.867882912,0.141525488;0.058153141;2.842680559
pt_stpeters_stpauls_st_pauls_cathedral_79467047_6166196003.png,pt_stpeters_stpauls,cluster43,st_pauls_cathedral_79467047_6166196003.png,0.727446878;-0.131088330;-0.673525716;0.063577226;0.990235547;-0.124062478;0.683212249;0.047427965;0.728677989,-0.188554306;-0.258709252;5.303327357
pt_stpeters_stpauls_st_pauls_cathedral_66354598_8658993474.png,pt_stpeters_stpauls,cluster43,st_pauls_cathedral_66354598_8658993474.png,0.947749216;-0.114190514;-0.297879087;0.032617677;0.963534664;-0.265588101;0.317344468;0.241994790;0.916913851,-0.625903264;-0.150149867;3.035117836
pt_stpeters_stpauls_st_pauls_cathedral_79023023_183808253.png,pt_stpeters_stpauls,cluster43,st_pauls_cathedral_79023023_183808253.png,0.910514561;-0.128683462;-0.392942491;0.061855578;0.982034847;-0.178273515;0.408824072;0.138014946;0.902116818,0.346348974;0.406060910;4.331057416
pt_stpeters_stpauls_st_pauls_cathedral_37891131_11165782483.png,pt_stpeters_stpauls,cluster43,st_pauls_cathedral_37891131_11165782483.png,0.691728444;-0.119779717;-0.712154884;0.281595297;0.952825468;0.113259507;0.664993119;-0.278884289;0.692825883,2.927211314;-1.666932430;0.782297429
pt_stpeters_stpauls_st_pauls_cathedral_37670824_2154551459.png,pt_stpeters_stpauls,cluster43,st_pauls_cathedral_37670824_2154551459.png,0.790063912;-0.194139630;-0.581471254;0.178648558;0.980273030;-0.084554592;0.586415986;-0.037075469;0.809161110,1.405615654;0.666593363;0.290440144
pt_stpeters_stpauls_st_pauls_cathedral_35236682_3866876026.png,pt_stpeters_stpauls,cluster43,st_pauls_cathedral_35236682_3866876026.png,0.403341522;-0.162236467;-0.900552578;0.573140006;0.811984159;0.110418563;0.713320510;-0.560679101;0.420491137,3.544361245;-2.158172361;-1.115156232
pt_stpeters_stpauls_st_pauls_cathedral_78098197_5849317301.png,pt_stpeters_stpauls,cluster43,st_pauls_cathedral_78098197_5849317301.png,0.879413475;-0.162521348;-0.447458101;0.128208817;0.986048198;-0.106167083;0.458469672;0.035996690;0.887980742,0.374751233;0.259660493;2.644557499
pt_stpeters_stpauls_st_pauls_cathedral_00162897_2573777698.png,pt_stpeters_stpauls,cluster43,st_pauls_cathedral_00162897_2573777698.png,0.748732913;-0.157840473;-0.643805413;0.262611949;0.962397949;0.069463322;0.608632885;-0.221080469;0.762029814,1.619880535;-0.368893374;-1.634767676
pt_stpeters_stpauls_st_pauls_cathedral_72783275_3199359396.png,pt_stpeters_stpauls,cluster43,st_pauls_cathedral_72783275_3199359396.png,0.586255880;-0.333647732;-0.738229798;0.493430798;0.869784156;-0.001252733;0.642518553;-0.363530896;0.674548142,0.502145971;-1.329131025;-3.845370314
pt_stpeters_stpauls_st_pauls_cathedral_31055607_5795560563.png,pt_stpeters_stpauls,cluster43,st_pauls_cathedral_31055607_5795560563.png,0.895445597;-0.147471078;-0.420035075;0.105272427;0.986921918;-0.122077205;0.432544679;0.065095384;0.899259524,-1.019422839;-1.392757731;7.489053371
pt_stpeters_stpauls_st_pauls_cathedral_18009039_2159636076.png,pt_stpeters_stpauls,cluster43,st_pauls_cathedral_18009039_2159636076.png,0.511459353;-0.157330623;-0.844781868;0.398882603;0.914231175;0.071232208;0.761118912;-0.373401170;0.530348534,3.229094324;-1.535077658;-2.352812936
pt_stpeters_stpauls_st_pauls_cathedral_19156543_414105990.png,pt_stpeters_stpauls,cluster43,st_pauls_cathedral_19156543_414105990.png,0.744060972;-0.149324602;-0.651210745;0.228262159;0.972868498;0.037726285;0.627908956;-0.176717427;0.757958636,1.830080774;-0.641250945;-0.130933463
pt_stpeters_stpauls_st_pauls_cathedral_65579340_8658903934.png,pt_stpeters_stpauls,cluster43,st_pauls_cathedral_65579340_8658903934.png,0.943834399;-0.144037380;-0.297371585;0.107175475;0.984779730;-0.136829456;0.312554066;0.097273407;0.944906260,-0.461358965;-0.233470777;4.496462755
pt_stpeters_stpauls_st_pauls_cathedral_19750027_343386986.png,pt_stpeters_stpauls,cluster43,st_pauls_cathedral_19750027_343386986.png,0.916056787;-0.096575808;-0.389246807;0.051958236;0.990972104;-0.123590576;0.397668587;0.092991408;0.912804630,-2.560042465;-0.268551631;5.263325497
pt_stpeters_stpauls_st_pauls_cathedral_37347628_10902811376.png,pt_stpeters_stpauls,cluster43,st_pauls_cathedral_37347628_10902811376.png,0.878294425;-0.102831541;-0.466931020;-0.133443511;0.885067765;-0.445923626;0.459120608;0.453961149;0.763627882,1.952821127;1.538507442;5.578149980
pt_stpeters_stpauls_st_pauls_cathedral_51592699_1165340842.png,pt_stpeters_stpauls,outliers,st_pauls_cathedral_51592699_1165340842.png,nan;nan;nan;nan;nan;nan;nan;nan;nan,nan;nan;nan
pt_stpeters_stpauls_st_pauls_cathedral_92227797_2634489539.png,pt_stpeters_stpauls,cluster43,st_pauls_cathedral_92227797_2634489539.png,0.730334523;-0.216869716;-0.647749189;0.289805695;0.957064605;0.006324632;0.618566200;-0.192340501;0.761827400,1.469514555;-0.107077580;-1.598365108
pt_stpeters_stpauls_st_pauls_cathedral_44160609_6465554263.png,pt_stpeters_stpauls,cluster43,st_pauls_cathedral_44160609_6465554263.png,0.721056950;-0.184591502;-0.667834450;0.300659278;0.951743106;0.061555334;0.624244242;-0.245175525;0.741760128,2.094731158;-0.831918636;-0.381813464
pt_stpeters_stpauls_st_pauls_cathedral_62837228_5299508393.png,pt_stpeters_stpauls,cluster43,st_pauls_cathedral_62837228_5299508393.png,0.782060525;-0.081226347;-0.617886410;0.287097869;0.926952280;0.241524914;0.553133030;-0.366280972;0.748252698,1.092701917;-1.995734562;-2.543250021
pt_stpeters_stpauls_st_pauls_cathedral_15717585_5849870034.png,pt_stpeters_stpauls,cluster43,st_pauls_cathedral_15717585_5849870034.png,0.956913947;-0.170350957;-0.235151544;0.153826964;0.984255907;-0.087049262;0.246278222;0.047126005;0.968052776,-1.525865152;-0.028054332;2.397698978
pt_stpeters_stpauls_st_pauls_cathedral_64178508_2848319812.png,pt_stpeters_stpauls,cluster43,st_pauls_cathedral_64178508_2848319812.png,0.639907488;-0.316575371;-0.700213140;0.386796747;0.920045896;-0.062480598;0.664008044;-0.230858363;0.711194582,0.252834511;-0.922656130;-3.049112585
pt_stpeters_stpauls_st_pauls_cathedral_15340635_6286567877.png,pt_stpeters_stpauls,cluster43,st_pauls_cathedral_15340635_6286567877.png,0.523746830;-0.221897610;-0.822466235;0.263593642;0.960310029;-0.091230695;0.810066448;-0.169015083;0.561450133,2.243381261;-0.148774173;0.307324136
pt_stpeters_stpauls_st_pauls_cathedral_61359543_7319932086.png,pt_stpeters_stpauls,cluster43,st_pauls_cathedral_61359543_7319932086.png,0.782179177;-0.141807247;-0.606701277;0.153323820;0.987619104;-0.033170932;0.603893650;-0.067076145;0.794237527,1.292087703;-0.579772371;0.094696883
pt_stpeters_stpauls_st_pauls_cathedral_62683867_5924337162.png,pt_stpeters_stpauls,outliers,st_pauls_cathedral_62683867_5924337162.png,nan;nan;nan;nan;nan;nan;nan;nan;nan,nan;nan;nan
pt_stpeters_stpauls_st_peters_square_18412179_6172244512.png,pt_stpeters_stpauls,cluster44,st_peters_square_18412179_6172244512.png,0.997237005;-0.037363921;-0.064205085;0.068491280;0.797112776;0.599933468;0.028762827;-0.602673344;0.797469461,0.657089264;-0.201184006;2.518509281
pt_stpeters_stpauls_st_peters_square_03091803_3301752366.png,pt_stpeters_stpauls,cluster44,st_peters_square_03091803_3301752366.png,0.996443372;-0.067451061;-0.050507031;0.084133086;0.829903123;0.551527362;0.004714837;-0.553815097;0.832626332,-0.546325602;0.682387014;-0.696784502
pt_stpeters_stpauls_st_peters_square_72862254_5114619647.png,pt_stpeters_stpauls,cluster44,st_peters_square_72862254_5114619647.png,0.995933309;-0.085794067;-0.027499509;0.081947860;0.735827734;0.672192007;-0.037435185;-0.671711935;0.739865990,0.088315003;-0.027798423;2.866786257
pt_stpeters_stpauls_st_peters_square_92930792_3241113575.png,pt_stpeters_stpauls,cluster44,st_peters_square_92930792_3241113575.png,0.987814551;0.010418126;-0.155286429;0.089533786;0.778083390;0.621747488;0.127303235;-0.628074598;0.767669321,1.569787864;-1.429898138;2.080529121
pt_stpeters_stpauls_st_peters_square_44390759_5115213112.png,pt_stpeters_stpauls,cluster44,st_peters_square_44390759_5115213112.png,0.976561536;0.078416927;-0.200445383;0.063719998;0.784198211;0.617230044;0.205590194;-0.615535500;0.760821083,2.200007537;-0.015419954;1.907504357
pt_stpeters_stpauls_st_peters_square_46663883_6534848061.png,pt_stpeters_stpauls,cluster44,st_peters_square_46663883_6534848061.png,0.945734528;0.140523438;-0.292983559;0.104923523;0.721290635;0.684639230;0.307534155;-0.678227826;0.667405244,2.454428188;-0.466529898;-1.913923706
pt_stpeters_stpauls_st_peters_square_24636762_4089050891.png,pt_stpeters_stpauls,cluster44,st_peters_square_24636762_4089050891.png,0.996431709;-0.028752152;-0.079354670;0.073159620;0.763068191;0.642164003;0.042089427;-0.645678132;0.762448838,-1.574233826;-0.440967153;7.148702187
pt_stpeters_stpauls_st_peters_square_03746789_4463922325.png,pt_stpeters_stpauls,cluster44,st_peters_square_03746789_4463922325.png,0.962849865;0.104679914;-0.248922181;0.069345256;0.795044005;0.602574697;0.260981556;-0.597450539;0.758248958,2.368454568;0.797951879;-1.607989936
pt_stpeters_stpauls_st_peters_square_45146398_300508266.png,pt_stpeters_stpauls,cluster44,st_peters_square_45146398_300508266.png,0.990132463;-0.127539894;0.058062740;0.062501920;0.772763306;0.631609360;-0.125424145;-0.621747898;0.773109523,-1.365163568;0.626060163;-1.089965180
pt_stpeters_stpauls_st_peters_square_43335638_88784147.png,pt_stpeters_stpauls,cluster44,st_peters_square_43335638_88784147.png,0.986051650;-0.156976611;0.055321677;0.094171045;0.800249661;0.592226556;-0.137236871;-0.578756272;0.803870150,-1.842655750;-0.030004736;-1.144908160
pt_stpeters_stpauls_st_peters_square_57090695_8548496597.png,pt_stpeters_stpauls,cluster44,st_peters_square_57090695_8548496597.png,0.995991738;-0.017680782;-0.087680373;0.068499191;0.781138198;0.620589217;0.057517986;-0.624107767;0.779218311,1.033637562;-1.538825431;1.960714126
pt_stpeters_stpauls_st_peters_square_41659819_2070196997.png,pt_stpeters_stpauls,cluster44,st_peters_square_41659819_2070196997.png,0.995007538;-0.099226105;-0.010685476;0.083056349;0.763952205;0.639905205;-0.055332108;-0.637597999;0.768379560,-1.726409031;-0.346952387;5.029866514
pt_stpeters_stpauls_st_peters_square_61199489_492461058.png,pt_stpeters_stpauls,cluster44,st_peters_square_61199489_492461058.png,0.932898170;-0.257381041;0.251904751;0.031004262;0.754263049;0.655839911;-0.358803204;-0.604021732;0.711630527,-1.498873941;0.494142514;1.675051317
pt_stpeters_stpauls_st_peters_square_24719115_774461939.png,pt_stpeters_stpauls,cluster44,st_peters_square_24719115_774461939.png,0.993143867;0.046805434;-0.107119145;0.026228932;0.803757533;0.594378559;0.113917966;-0.593113041;0.797019208,-0.934998345;-3.837111254;8.425824928
pt_stpeters_stpauls_st_peters_square_55218853_3759440157.png,pt_stpeters_stpauls,cluster44,st_peters_square_55218853_3759440157.png,0.996159550;-0.087462265;0.004062311;0.069963226;0.823033012;0.563668172;-0.052643111;-0.561219220;0.825991338,0.240151432;0.215416142;2.687435352
pt_stpeters_stpauls_st_peters_square_67407966_4358094261.png,pt_stpeters_stpauls,cluster44,st_peters_square_67407966_4358094261.png,0.993201168;-0.018333424;-0.114957926;0.096337484;0.683809700;0.723272690;0.065349280;-0.729430038;0.680926789,0.643177568;-1.088119943;-2.800195659
pt_stpeters_stpauls_st_peters_square_50829067_6827571714.png,pt_stpeters_stpauls,cluster44,st_peters_square_50829067_6827571714.png,0.993912276;-0.031819934;-0.105479284;0.095979367;0.720148733;0.687149011;0.054095737;-0.693089673;0.718818723,0.822741045;-1.048778506;-0.433412196
pt_stpeters_stpauls_st_peters_square_73950904_275489778.png,pt_stpeters_stpauls,cluster44,st_peters_square_73950904_275489778.png,0.970046516;0.074991573;-0.231054152;0.069642151;0.825377790;0.560269109;0.232722427;-0.559578205;0.795432275,3.467596597;0.014895261;1.728846534
pt_stpeters_stpauls_st_peters_square_44478569_2733152198.png,pt_stpeters_stpauls,cluster44,st_peters_square_44478569_2733152198.png,0.815349857;-0.397448779;0.420997718;-0.023425885;0.703908752;0.709904005;-0.578494458;-0.588682373;0.564621311,-5.012719086;-0.597964610;-1.783738245
pt_stpeters_stpauls_st_peters_square_24059795_9603235434.png,pt_stpeters_stpauls,cluster44,st_peters_square_24059795_9603235434.png,0.996633453;-0.079645054;-0.019453145;0.073130762;0.756335752;0.650083165;-0.037062800;-0.649317254;0.759614016,-0.131536260;0.554711606;-0.235164068
pt_stpeters_stpauls_st_peters_square_05894880_3961210476.png,pt_stpeters_stpauls,cluster44,st_peters_square_05894880_3961210476.png,0.994939627;-0.095624176;-0.030840805;0.098248612;0.861677576;0.497854361;-0.021032083;-0.498365099;0.866712109,0.616106782;-0.062499446;0.444404929
pt_stpeters_stpauls_st_peters_square_74375638_1347790951.png,pt_stpeters_stpauls,cluster44,st_peters_square_74375638_1347790951.png,0.979804888;0.029747540;-0.197730791;0.098557045;0.788559748;0.607009088;0.173979570;-0.614238234;0.769702866,2.445089886;-0.405893539;4.232123457
pt_stpeters_stpauls_st_peters_square_21905075_5452965061.png,pt_stpeters_stpauls,cluster44,st_peters_square_21905075_5452965061.png,0.897574852;-0.236816378;0.371856677;-0.161455310;0.608301350;0.777111093;-0.410233553;-0.757553609;0.507760732,-1.741477410;-1.841938504;-2.409827238
pt_stpeters_stpauls_st_peters_square_96944137_5746647680.png,pt_stpeters_stpauls,outliers,st_peters_square_96944137_5746647680.png,nan;nan;nan;nan;nan;nan;nan;nan;nan,nan;nan;nan
pt_stpeters_stpauls_st_peters_square_84278273_4258469058.png,pt_stpeters_stpauls,cluster44,st_peters_square_84278273_4258469058.png,0.997425966;-0.066638025;-0.026472937;0.069231513;0.798884220;0.597487239;-0.018666557;-0.597782048;0.801441316,-0.643004592;-1.166672493;1.229060448
pt_stpeters_stpauls_st_peters_square_71826517_5746260945.png,pt_stpeters_stpauls,cluster44,st_peters_square_71826517_5746260945.png,0.994977058;-0.051242371;-0.085993447;0.093255374;0.786750668;0.610185890;0.036388030;-0.615140313;0.787577492,1.372275244;-0.399739082;5.772841340
pt_stpeters_stpauls_st_peters_square_16560660_87393276.png,pt_stpeters_stpauls,cluster44,st_peters_square_16560660_87393276.png,0.988607164;0.004005419;-0.150465382;0.082493377;0.821724188;0.563883146;0.125899632;-0.569871315;0.812031998,1.905394347;1.205602276;2.465019049
pt_stpeters_stpauls_st_peters_square_84897883_3397284524.png,pt_stpeters_stpauls,cluster44,st_peters_square_84897883_3397284524.png,0.868394775;0.242509213;-0.432527220;0.123779281;0.738630142;0.662649382;0.480176223;-0.628979169;0.611404940,3.867557578;-0.681327040;0.540522184
pt_stpeters_stpauls_st_peters_square_96961885_104769206.png,pt_stpeters_stpauls,cluster44,st_peters_square_96961885_104769206.png,0.990536628;-0.023601059;-0.135204214;0.103714622;0.773911038;0.624743933;0.089891415;-0.632854403;0.769035005,-0.085427322;0.255328055;1.785238621
pt_stpeters_stpauls_st_peters_square_58475035_2122656414.png,pt_stpeters_stpauls,cluster44,st_peters_square_58475035_2122656414.png,0.998000176;-0.059815405;-0.020439309;0.058691725;0.756798261;0.651008197;-0.023471885;-0.650905914;0.758795468,-0.257801843;-0.067254103;1.158633964
pt_stpeters_stpauls_st_peters_square_22746486_9560856076.png,pt_stpeters_stpauls,cluster44,st_peters_square_22746486_9560856076.png,0.980793450;0.071676397;-0.181402048;0.070008441;0.738695303;0.670393965;0.182052265;-0.670217684;0.719489561,1.656134022;-1.305424238;-1.529273243
pt_stpeters_stpauls_st_peters_square_18948310_1391071648.png,pt_stpeters_stpauls,cluster44,st_peters_square_18948310_1391071648.png,0.989378503;0.011307536;-0.144921762;0.079259243;0.793767197;0.603035331;0.121852985;-0.608116582;0.784439974,0.640133002;-0.845313353;0.298624489
pt_stpeters_stpauls_st_peters_square_44455970_5746646894.png,pt_stpeters_stpauls,cluster44,st_peters_square_44455970_5746646894.png,0.997296103;-0.025079216;-0.069076166;0.057563647;0.850911615;0.522145429;0.045682713;-0.524709878;0.850054489,-0.114270918;2.754199205;-3.727344946
pt_stpeters_stpauls_st_peters_square_01113045_2151200754.png,pt_stpeters_stpauls,cluster44,st_peters_square_01113045_2151200754.png,0.981949419;-0.174609291;0.072711301;0.071616684;0.699032876;0.711494265;-0.175061098;-0.693444038;0.698919865,-2.615897742;-0.757267022;-4.187187305
pt_stpeters_stpauls_st_peters_square_79705761_286952048.png,pt_stpeters_stpauls,cluster44,st_peters_square_79705761_286952048.png,0.996569307;-0.068467915;-0.046494731;0.082439556;0.771655703;0.630675190;-0.007303091;-0.632344542;0.774652854,0.558427466;0.137933383;2.752277068
pt_stpeters_stpauls_st_peters_square_70611917_5987268232.png,pt_stpeters_stpauls,cluster44,st_peters_square_70611917_5987268232.png,0.948783327;-0.281309084;0.143789422;0.075576484;0.644017713;0.761268271;-0.306754615;-0.711411544;0.632293620,-2.714442040;-1.230301942;-2.358570605
pt_stpeters_stpauls_st_peters_square_74059884_5303611340.png,pt_stpeters_stpauls,cluster44,st_peters_square_74059884_5303611340.png,0.990701276;-0.135173313;0.015464699;0.098407829;0.790414654;0.604616055;-0.093951480;-0.597472050;0.796366919,-0.870351411;0.124711097;1.304824009
pt_stpeters_stpauls_st_peters_square_60121796_5502368748.png,pt_stpeters_stpauls,outliers,st_peters_square_60121796_5502368748.png,nan;nan;nan;nan;nan;nan;nan;nan;nan,nan;nan;nan
pt_stpeters_stpauls_st_peters_square_37466637_151112376.png,pt_stpeters_stpauls,cluster44,st_peters_square_37466637_151112376.png,0.954563707;0.063545497;-0.291153051;0.150953626;0.739278806;0.656262029;0.256945777;-0.670394524;0.696096294,1.330046037;0.038761442;1.765914575
pt_stpeters_stpauls_st_peters_square_95260621_11241567214.png,pt_stpeters_stpauls,cluster44,st_peters_square_95260621_11241567214.png,0.991768028;0.006807574;-0.127866472;0.057472954;0.868682107;0.492024650;0.114424811;-0.495323181;0.861139889,0.519204670;2.702660576;1.078806724
pt_stpeters_stpauls_st_peters_square_85112064_8554016061.png,pt_stpeters_stpauls,cluster44,st_peters_square_85112064_8554016061.png,0.931716719;0.150466685;-0.330550651;0.069730043;0.819097812;0.569400119;0.356429063;-0.553568921;0.752675077,2.482161648;-0.286494383;0.597151603
pt_stpeters_stpauls_st_peters_square_79673014_480541710.png,pt_stpeters_stpauls,cluster44,st_peters_square_79673014_480541710.png,0.981223494;-0.183857811;0.058281731;0.111262902;0.786403191;0.607610557;-0.157546886;-0.589717159;0.792093840,-1.570322742;-0.200276458;0.387444142
pt_stpeters_stpauls_st_peters_square_60887425_4988344850.png,pt_stpeters_stpauls,cluster44,st_peters_square_60887425_4988344850.png,0.996301382;-0.051842778;-0.068526509;0.083631694;0.768157111;0.634775860;0.019730581;-0.638159054;0.769651691,0.373355425;-0.388541449;-1.000258556
pt_stpeters_stpauls_st_peters_square_04610226_4103646673.png,pt_stpeters_stpauls,cluster44,st_peters_square_04610226_4103646673.png,0.997134924;-0.047470437;-0.058893977;0.074875364;0.730076843;0.679250678;0.010752802;-0.681714281;0.731539484,0.149875415;-0.255025583;-2.433717666
pt_stpeters_stpauls_st_peters_square_12334689_522974921.png,pt_stpeters_stpauls,cluster44,st_peters_square_12334689_522974921.png,0.940722886;-0.252234735;0.226755572;0.027369040;0.722819528;0.690494653;-0.338070092;-0.643358040;0.686876295,-3.612057976;-0.801694147;-2.374896146
pt_stpeters_stpauls_st_peters_square_97299190_230228215.png,pt_stpeters_stpauls,cluster44,st_peters_square_97299190_230228215.png,0.995764020;-0.065745263;-0.064277348;0.091757680;0.665871322;0.740402533;-0.005877517;-0.743164142;0.669083337,0.167637367;-0.787728898;-1.770799702
pt_stpeters_stpauls_st_peters_square_29679303_181377461.png,pt_stpeters_stpauls,cluster44,st_peters_square_29679303_181377461.png,0.974001174;0.059051158;-0.218711392;0.081455322;0.809578367;0.581332863;0.211392391;-0.584034098;0.783720249,2.054173614;0.872927218;-1.662112291
pt_stpeters_stpauls_st_peters_square_95364400_2795430893.png,pt_stpeters_stpauls,cluster44,st_peters_square_95364400_2795430893.png,0.979697108;0.064512273;-0.189820290;0.065508535;0.791833362;0.607213766;0.189478779;-0.607320420;0.771530751,1.695223340;0.598213847;0.658383769
pt_stpeters_stpauls_st_peters_square_27722146_2540992403.png,pt_stpeters_stpauls,cluster44,st_peters_square_27722146_2540992403.png,0.996427582;-0.018122431;-0.082484245;0.059854599;0.840576892;0.538375256;0.059577682;-0.541389016;0.838658711,0.700737946;1.520222179;-1.572789229
pt_stpeters_stpauls_st_peters_square_36268301_7354161880.png,pt_stpeters_stpauls,cluster44,st_peters_square_36268301_7354161880.png,0.972101533;-0.212630936;0.099028756;0.074944373;0.681616498;0.727861450;-0.222265495;-0.700133584;0.678535935,-1.797085475;-0.863923188;-1.511113571
pt_stpeters_stpauls_st_peters_square_60793175_3515361889.png,pt_stpeters_stpauls,outliers,st_peters_square_60793175_3515361889.png,nan;nan;nan;nan;nan;nan;nan;nan;nan,nan;nan;nan
pt_stpeters_stpauls_st_peters_square_17992917_296706864.png,pt_stpeters_stpauls,cluster44,st_peters_square_17992917_296706864.png,0.847116852;0.272805620;-0.456037425;0.109914294;0.749663737;0.652627864;0.519915269;-0.602977093;0.605067548,4.419019369;-0.629322084;-0.775528369
pt_stpeters_stpauls_st_peters_square_61596216_926981615.png,pt_stpeters_stpauls,cluster44,st_peters_square_61596216_926981615.png,0.907788898;-0.324845694;0.265319792;0.018745526;0.663367044;0.748059336;-0.419008260;-0.674106401;0.608286641,-4.018838915;-0.812902565;-3.072326952
pt_stpeters_stpauls_st_peters_square_58474381_9559488022.png,pt_stpeters_stpauls,cluster44,st_peters_square_58474381_9559488022.png,0.974049513;-0.173928448;0.144832461;0.108531576;0.920461004;0.375462963;-0.198616323;-0.350000621;0.915451321,-1.241238729;-1.424509354;6.854800414
pt_stpeters_stpauls_st_peters_square_84026672_4257874044.png,pt_stpeters_stpauls,cluster44,st_peters_square_84026672_4257874044.png,0.951734206;-0.242614369;0.187990076;0.076219873;0.780138530;0.620946379;-0.297308815;-0.576647329;0.760976561,-3.009580710;-0.668859958;-1.183985949
pt_stpeters_stpauls_st_peters_square_27821246_220471245.png,pt_stpeters_stpauls,cluster44,st_peters_square_27821246_220471245.png,0.932397285;-0.249884709;0.261137771;0.050207310;0.805044023;0.591086582;-0.357930901;-0.538016499;0.763166900,-1.542422716;-0.640960386;4.935481659
pt_stpeters_stpauls_st_peters_square_93827329_275493871.png,pt_stpeters_stpauls,cluster44,st_peters_square_93827329_275493871.png,0.995394945;-0.040732031;-0.086774455;0.088321811;0.741547252;0.665061600;0.037258049;-0.669663031;0.741729912,0.754976228;-0.160348267;-0.653717645
pt_stpeters_stpauls_st_peters_square_70326181_5251675186.png,pt_stpeters_stpauls,cluster44,st_peters_square_70326181_5251675186.png,0.972799722;-0.177863099;0.148409635;0.061419653;0.815782654;0.575088070;-0.223356952;-0.550330246;0.804517428,0.083247092;-0.439704240;4.533935928
pt_stpeters_stpauls_st_peters_square_80363066_1340868362.png,pt_stpeters_stpauls,cluster44,st_peters_square_80363066_1340868362.png,0.934042193;-0.266313839;0.237996053;0.051489904;0.759794945;0.648120692;-0.353431708;-0.593117678;0.723393011,-3.550609355;-1.725472089;-1.595735815
pt_stpeters_stpauls_st_peters_square_64157046_4825759910.png,pt_stpeters_stpauls,cluster44,st_peters_square_64157046_4825759910.png,0.900577968;-0.327845659;0.285440970;0.040437577;0.716983950;0.695915813;-0.432809572;-0.615183907;0.658957233,-4.285674283;-0.423899678;-3.988872271
pt_stpeters_stpauls_st_peters_square_64605808_5986711471.png,pt_stpeters_stpauls,outliers,st_peters_square_64605808_5986711471.png,nan;nan;nan;nan;nan;nan;nan;nan;nan,nan;nan;nan
pt_stpeters_stpauls_st_peters_square_03988695_8001663418.png,pt_stpeters_stpauls,cluster44,st_peters_square_03988695_8001663418.png,0.969726283;0.068303659;-0.234447319;0.090535154;0.791098667;0.604951474;0.226791361;-0.607863068;0.760965288,1.028371169;0.579250419;1.051254484
pt_stpeters_stpauls_st_peters_square_45336170_8518744916.png,pt_stpeters_stpauls,cluster44,st_peters_square_45336170_8518744916.png,0.995352684;-0.019699564;-0.094260077;0.071181067;0.809771944;0.582411070;0.064855922;-0.586413954;0.807410914,1.353249105;-0.519280935;4.240605854
pt_stpeters_stpauls_st_peters_square_72710271_9087579115.png,pt_stpeters_stpauls,cluster44,st_peters_square_72710271_9087579115.png,0.992892963;-0.098162302;0.067288378;0.032513244;0.767624309;0.640074846;-0.114483415;-0.633338048;0.765360350,-2.175459073;0.813893029;-2.592373130
pt_stpeters_stpauls_st_peters_square_46268845_5210431.png,pt_stpeters_stpauls,cluster44,st_peters_square_46268845_5210431.png,0.979014690;0.084561783;-0.185417211;0.011274359;0.885977906;0.463590378;0.203477581;-0.455952251;0.866432005,0.651550944;2.499581176;-1.029187500
pt_stpeters_stpauls_st_peters_square_95709487_7541298516.png,pt_stpeters_stpauls,cluster44,st_peters_square_95709487_7541298516.png,0.987376367;0.028672566;-0.155774820;0.076696993;0.773939877;0.628597358;0.138583844;-0.632609635;0.761970844,1.222685745;0.334890893;-2.977838550
pt_stpeters_stpauls_st_peters_square_48496249_4257721183.png,pt_stpeters_stpauls,cluster44,st_peters_square_48496249_4257721183.png,0.904026587;0.216191412;-0.368777987;0.101315638;0.729745636;0.676170429;0.415296366;-0.648639021;0.637805886,2.978807184;-1.640088200;-0.172196784
pt_stpeters_stpauls_st_peters_square_94126033_8728856148.png,pt_stpeters_stpauls,cluster44,st_peters_square_94126033_8728856148.png,0.946165988;0.061784971;-0.317730295;0.179162679;0.717557924;0.673061186;0.269574957;-0.693753013;0.667859342,1.952719585;0.268994430;4.656250136
pt_stpeters_stpauls_st_peters_square_56468077_4089051561.png,pt_stpeters_stpauls,cluster44,st_peters_square_56468077_4089051561.png,0.991035061;-0.131444637;0.023912668;0.091725261;0.799549070;0.593555187;-0.097138998;-0.586040606;0.804437955,-2.774647774;-2.051034086;6.667867903
pt_stpeters_stpauls_st_peters_square_87967653_2756655360.png,pt_stpeters_stpauls,cluster44,st_peters_square_87967653_2756655360.png,0.997320208;-0.062195292;-0.038524649;0.072809183;0.895295577;0.439482255;0.007157220;-0.441109482;0.897424760,-0.433386286;0.931450851;-0.993690095
pt_stpeters_stpauls_st_peters_square_40696807_2666761892.png,pt_stpeters_stpauls,cluster44,st_peters_square_40696807_2666761892.png,0.871303551;-0.339081518;0.354758857;0.074088140;0.805502675;0.587942503;-0.485119644;-0.485992967;0.726959260,-2.312076517;-0.013779960;2.817868636
pt_stpeters_stpauls_st_peters_square_33563670_5242619236.png,pt_stpeters_stpauls,cluster44,st_peters_square_33563670_5242619236.png,0.988885452;0.006036171;-0.148556813;0.089978668;0.771131264;0.630285977;0.118361317;-0.636647578;0.762017362,0.934590012;0.695107969;2.799687755
pt_stpeters_stpauls_st_peters_square_09150846_12806538585.png,pt_stpeters_stpauls,cluster44,st_peters_square_09150846_12806538585.png,0.959523929;0.105474984;-0.261129963;0.121234504;0.682211107;0.721034119;0.254196823;-0.723507452;0.641810674,1.164480315;0.793254698;-1.711025704
pt_stpeters_stpauls_st_peters_square_32164473_4104406816.png,pt_stpeters_stpauls,cluster44,st_peters_square_32164473_4104406816.png,0.989070411;0.065219599;-0.132235114;0.012332213;0.857114935;0.514977576;0.146927322;-0.510979835;0.846942720,1.689618401;-0.038612090;3.234919877
pt_stpeters_stpauls_st_peters_square_85174888_2795417037.png,pt_stpeters_stpauls,cluster44,st_peters_square_85174888_2795417037.png,0.991837100;-0.127070642;-0.010593337;0.108191182;0.794680283;0.597308895;-0.067482109;-0.593579228;0.801941311,-0.444846660;0.542415634;0.872213051
pt_stpeters_stpauls_st_peters_square_11170243_108218811.png,pt_stpeters_stpauls,cluster44,st_peters_square_11170243_108218811.png,0.994571639;-0.083769965;-0.061723968;0.104024370;0.786284218;0.609045203;-0.002487113;-0.612159883;0.790730101,0.047084408;-0.100627653;-1.325766213
pt_stpeters_stpauls_st_peters_square_05036686_9559490324.png,pt_stpeters_stpauls,cluster44,st_peters_square_05036686_9559490324.png,0.982567544;-0.028172577;-0.183758883;0.127391538;0.821932671;0.555155906;0.135397257;-0.568887502;0.811193314,-0.637673289;-1.003706870;4.576546605
pt_stpeters_stpauls_st_peters_square_89231283_4583657302.png,pt_stpeters_stpauls,cluster44,st_peters_square_89231283_4583657302.png,0.996610610;-0.082230531;-0.002330438;0.072511719;0.864737332;0.496962170;-0.038850246;-0.495446755;0.867769077,-0.494716514;-1.445730754;5.965771718
pt_stpeters_stpauls_st_peters_square_14434211_3241927710.png,pt_stpeters_stpauls,cluster44,st_peters_square_14434211_3241927710.png,0.992877512;-0.118901142;0.007534221;0.089734445;0.787924694;0.609198166;-0.078370756;-0.604183080;0.792982238,-0.388525598;-1.699777185;4.630398273
pt_stpeters_stpauls_st_peters_square_51383333_4555047040.png,pt_stpeters_stpauls,cluster44,st_peters_square_51383333_4555047040.png,0.959284551;0.043251475;-0.279110123;0.134859760;0.798138729;0.587186014;0.248165260;-0.600919195;0.759809268,1.641191801;-0.105156907;-0.178393014
pt_stpeters_stpauls_st_peters_square_77282490_453023076.png,pt_stpeters_stpauls,cluster44,st_peters_square_77282490_453023076.png,0.716054539;-0.514707232;0.471531932;-0.021233271;0.659131254;0.751728101;-0.697721324;-0.548290484;0.461045008,-6.420217330;-1.051923866;-2.567536317
pt_stpeters_stpauls_st_peters_square_07459783_2116496273.png,pt_stpeters_stpauls,cluster44,st_peters_square_07459783_2116496273.png,0.984322184;-0.150713060;0.091626483;0.054805357;0.755114197;0.653298494;-0.167649074;-0.638034578;0.751535538,-0.819614912;0.070594365;2.447184548
pt_stpeters_stpauls_st_peters_square_64856605_10034558183.png,pt_stpeters_stpauls,outliers,st_peters_square_64856605_10034558183.png,nan;nan;nan;nan;nan;nan;nan;nan;nan,nan;nan;nan
pt_stpeters_stpauls_st_peters_square_84356787_41289007.png,pt_stpeters_stpauls,cluster44,st_peters_square_84356787_41289007.png,0.952251004;0.104048046;-0.287040118;0.110013210;0.760056737;0.640477049;0.284807161;-0.641473118;0.712318131,2.296968358;-0.027142535;4.138269409
pt_stpeters_stpauls_st_peters_square_91440455_2973906531.png,pt_stpeters_stpauls,cluster44,st_peters_square_91440455_2973906531.png,0.965255843;0.088749276;-0.245773725;0.082654388;0.788565672;0.609370522;0.247889916;-0.608512733;0.753832105,1.763754911;-0.275236656;4.235253134
pt_stpeters_stpauls_st_peters_square_16459160_169609859.png,pt_stpeters_stpauls,cluster44,st_peters_square_16459160_169609859.png,0.995486362;-0.094855234;-0.003063935;0.078958696;0.809880155;0.581256964;-0.052653845;-0.578875305;0.813714295,0.029671505;0.276688413;2.176948129
pt_stpeters_stpauls_st_peters_square_04687924_2163037290.png,pt_stpeters_stpauls,cluster44,st_peters_square_04687924_2163037290.png,0.990393727;-0.127878910;0.052604652;0.070029047;0.791900827;0.606620980;-0.119231697;-0.597109760;0.793248849,-1.152669468;1.056042748;-2.704784229
pt_stpeters_stpauls_st_peters_square_47361588_602059416.png,pt_stpeters_stpauls,cluster44,st_peters_square_47361588_602059416.png,0.995163212;-0.098183517;-0.003190434;0.082458129;0.817240828;0.570366625;-0.053393248;-0.567870959;0.821384036,-0.619464294;0.921410755;-1.873231074
pt_stpeters_stpauls_st_peters_square_57954696_5417448065.png,pt_stpeters_stpauls,outliers,st_peters_square_57954696_5417448065.png,nan;nan;nan;nan;nan;nan;nan;nan;nan,nan;nan;nan
pt_stpeters_stpauls_st_peters_square_20328156_5873219320.png,pt_stpeters_stpauls,cluster44,st_peters_square_20328156_5873219320.png,0.897224751;-0.341220643;0.280278825;0.012003222;0.653338293;0.756970936;-0.441410998;-0.675808810;0.590287034,-4.203579789;-1.062732614;-2.801495267
pt_stpeters_stpauls_st_peters_square_93849170_8602630853.png,pt_stpeters_stpauls,cluster44,st_peters_square_93849170_8602630853.png,0.997601822;-0.064640888;-0.024741874;0.066540018;0.797284470;0.599924912;-0.019053367;-0.600132510;0.799673646,-0.842856487;0.212635402;-3.611081285
pt_stpeters_stpauls_st_peters_square_78236367_3680548187.png,pt_stpeters_stpauls,cluster44,st_peters_square_78236367_3680548187.png,0.836483785;-0.339900224;0.429840338;0.052072155;0.830144966;0.555110643;-0.545512024;-0.441958339;0.712102140,-3.355805228;1.056564598;-1.625134271
pt_stpeters_stpauls_st_peters_square_94275623_8588288449.png,pt_stpeters_stpauls,cluster44,st_peters_square_94275623_8588288449.png,0.904983149;0.238760725;-0.352134655;0.037977314;0.779041440;0.625821187;0.423749009;-0.579730757;0.695951885,2.579909073;-1.252638850;1.491964776
pt_stpeters_stpauls_st_peters_square_48141965_9536256202.png,pt_stpeters_stpauls,cluster44,st_peters_square_48141965_9536256202.png,0.962283347;-0.187772462;0.196855942;0.048547762;0.830514164;0.554877768;-0.267682413;-0.524392721;0.808305883,-0.999782794;0.525294333;3.354373941
pt_stpeters_stpauls_st_peters_square_22421524_4050930227.png,pt_stpeters_stpauls,cluster44,st_peters_square_22421524_4050930227.png,0.981145679;-0.162630268;0.104424867;0.046688477;0.723746627;0.688484572;-0.187545576;-0.670628225;0.717693835,-1.730166823;-0.347119114;-2.042029216
pt_stpeters_stpauls_st_peters_square_01086691_5427945640.png,pt_stpeters_stpauls,cluster44,st_peters_square_01086691_5427945640.png,0.991804922;-0.122934740;0.034785711;0.075297969;0.782409232;0.618195770;-0.103214398;-0.610510314;0.785254064,-1.122412016;0.519576902;-3.060612745
pt_stpeters_stpauls_st_peters_square_35727766_2927321004.png,pt_stpeters_stpauls,cluster44,st_peters_square_35727766_2927321004.png,0.994783084;-0.095376464;-0.036193163;0.097470824;0.783970920;0.613097900;-0.030100723;-0.613427197;0.789177433,-0.532443001;0.687317849;-3.071925144
pt_stpeters_stpauls_st_peters_square_71743967_13589039945.png,pt_stpeters_stpauls,cluster44,st_peters_square_71743967_13589039945.png,0.995631137;-0.023875373;-0.090269625;0.073565922;0.795949042;0.600877007;0.057503858;-0.604892626;0.794228064,-0.037787643;0.969872699;-6.495995133
pt_stpeters_stpauls_st_peters_square_51093586_7936643532.png,pt_stpeters_stpauls,cluster44,st_peters_square_51093586_7936643532.png,0.948434942;0.087609971;-0.304623789;0.119005200;0.792318038;0.598389412;0.293783802;-0.603785243;0.741036071,0.541157961;-0.515889707;6.742875764
pt_stpeters_stpauls_st_peters_square_33011793_12700964863.png,pt_stpeters_stpauls,cluster44,st_peters_square_33011793_12700964863.png,0.997872401;-0.058355554;-0.029074059;0.064985210;0.854324671;0.515661011;-0.005252998;-0.516453275;0.856299259,-0.186123415;1.829421350;-1.607693394
amy_gardens_peach_0100.png,amy_gardens,outliers,peach_0100.png,nan;nan;nan;nan;nan;nan;nan;nan;nan,nan;nan;nan
amy_gardens_peach_0091.png,amy_gardens,outliers,peach_0091.png,nan;nan;nan;nan;nan;nan;nan;nan;nan,nan;nan;nan
amy_gardens_peach_0075.png,amy_gardens,outliers,peach_0075.png,nan;nan;nan;nan;nan;nan;nan;nan;nan,nan;nan;nan
amy_gardens_peach_0087.png,amy_gardens,outliers,peach_0087.png,nan;nan;nan;nan;nan;nan;nan;nan;nan,nan;nan;nan
amy_gardens_peach_0089.png,amy_gardens,outliers,peach_0089.png,nan;nan;nan;nan;nan;nan;nan;nan;nan,nan;nan;nan
amy_gardens_peach_0028.png,amy_gardens,outliers,peach_0028.png,nan;nan;nan;nan;nan;nan;nan;nan;nan,nan;nan;nan
amy_gardens_peach_0161.png,amy_gardens,outliers,peach_0161.png,nan;nan;nan;nan;nan;nan;nan;nan;nan,nan;nan;nan
amy_gardens_peach_0189.png,amy_gardens,outliers,peach_0189.png,nan;nan;nan;nan;nan;nan;nan;nan;nan,nan;nan;nan
amy_gardens_peach_0155.png,amy_gardens,outliers,peach_0155.png,nan;nan;nan;nan;nan;nan;nan;nan;nan,nan;nan;nan
amy_gardens_peach_0042.png,amy_gardens,outliers,peach_0042.png,nan;nan;nan;nan;nan;nan;nan;nan;nan,nan;nan;nan
amy_gardens_peach_0188.png,amy_gardens,outliers,peach_0188.png,nan;nan;nan;nan;nan;nan;nan;nan;nan,nan;nan;nan
amy_gardens_peach_0082.png,amy_gardens,outliers,peach_0082.png,nan;nan;nan;nan;nan;nan;nan;nan;nan,nan;nan;nan
amy_gardens_peach_0011.png,amy_gardens,outliers,peach_0011.png,nan;nan;nan;nan;nan;nan;nan;nan;nan,nan;nan;nan
amy_gardens_peach_0121.png,amy_gardens,outliers,peach_0121.png,nan;nan;nan;nan;nan;nan;nan;nan;nan,nan;nan;nan
amy_gardens_peach_0126.png,amy_gardens,outliers,peach_0126.png,nan;nan;nan;nan;nan;nan;nan;nan;nan,nan;nan;nan
amy_gardens_peach_0045.png,amy_gardens,outliers,peach_0045.png,nan;nan;nan;nan;nan;nan;nan;nan;nan,nan;nan;nan
amy_gardens_peach_0080.png,amy_gardens,outliers,peach_0080.png,nan;nan;nan;nan;nan;nan;nan;nan;nan,nan;nan;nan
amy_gardens_peach_0043.png,amy_gardens,outliers,peach_0043.png,nan;nan;nan;nan;nan;nan;nan;nan;nan,nan;nan;nan
amy_gardens_peach_0140.png,amy_gardens,outliers,peach_0140.png,nan;nan;nan;nan;nan;nan;nan;nan;nan,nan;nan;nan
amy_gardens_peach_0136.png,amy_gardens,outliers,peach_0136.png,nan;nan;nan;nan;nan;nan;nan;nan;nan,nan;nan;nan
amy_gardens_peach_0135.png,amy_gardens,outliers,peach_0135.png,nan;nan;nan;nan;nan;nan;nan;nan;nan,nan;nan;nan
amy_gardens_peach_0158.png,amy_gardens,outliers,peach_0158.png,nan;nan;nan;nan;nan;nan;nan;nan;nan,nan;nan;nan
amy_gardens_peach_0151.png,amy_gardens,outliers,peach_0151.png,nan;nan;nan;nan;nan;nan;nan;nan;nan,nan;nan;nan
amy_gardens_peach_0154.png,amy_gardens,outliers,peach_0154.png,nan;nan;nan;nan;nan;nan;nan;nan;nan,nan;nan;nan
amy_gardens_peach_0097.png,amy_gardens,outliers,peach_0097.png,nan;nan;nan;nan;nan;nan;nan;nan;nan,nan;nan;nan
amy_gardens_peach_0024.png,amy_gardens,outliers,peach_0024.png,nan;nan;nan;nan;nan;nan;nan;nan;nan,nan;nan;nan
amy_gardens_peach_0116.png,amy_gardens,outliers,peach_0116.png,nan;nan;nan;nan;nan;nan;nan;nan;nan,nan;nan;nan
amy_gardens_peach_0006.png,amy_gardens,outliers,peach_0006.png,nan;nan;nan;nan;nan;nan;nan;nan;nan,nan;nan;nan
amy_gardens_peach_0023.png,amy_gardens,outliers,peach_0023.png,nan;nan;nan;nan;nan;nan;nan;nan;nan,nan;nan;nan
amy_gardens_peach_0170.png,amy_gardens,outliers,peach_0170.png,nan;nan;nan;nan;nan;nan;nan;nan;nan,nan;nan;nan
amy_gardens_peach_0096.png,amy_gardens,outliers,peach_0096.png,nan;nan;nan;nan;nan;nan;nan;nan;nan,nan;nan;nan
amy_gardens_peach_0175.png,amy_gardens,outliers,peach_0175.png,nan;nan;nan;nan;nan;nan;nan;nan;nan,nan;nan;nan
amy_gardens_peach_0132.png,amy_gardens,outliers,peach_0132.png,nan;nan;nan;nan;nan;nan;nan;nan;nan,nan;nan;nan
amy_gardens_peach_0181.png,amy_gardens,outliers,peach_0181.png,nan;nan;nan;nan;nan;nan;nan;nan;nan,nan;nan;nan
amy_gardens_peach_0078.png,amy_gardens,outliers,peach_0078.png,nan;nan;nan;nan;nan;nan;nan;nan;nan,nan;nan;nan
amy_gardens_peach_0057.png,amy_gardens,outliers,peach_0057.png,nan;nan;nan;nan;nan;nan;nan;nan;nan,nan;nan;nan
amy_gardens_peach_0002.png,amy_gardens,outliers,peach_0002.png,nan;nan;nan;nan;nan;nan;nan;nan;nan,nan;nan;nan
amy_gardens_peach_0086.png,amy_gardens,outliers,peach_0086.png,nan;nan;nan;nan;nan;nan;nan;nan;nan,nan;nan;nan
amy_gardens_peach_0064.png,amy_gardens,outliers,peach_0064.png,nan;nan;nan;nan;nan;nan;nan;nan;nan,nan;nan;nan
amy_gardens_peach_0145.png,amy_gardens,cluster45,peach_0145.png,0.991315208;0.063563297;-0.115125434;-0.058829933;0.997295243;0.044059473;0.117614613;-0.036904004;0.992373366,-0.475000203;2.603364723;4.675819340
amy_gardens_peach_0007.png,amy_gardens,cluster45,peach_0007.png,0.993820147;0.056059145;-0.095806514;-0.052003677;0.997663089;0.044316803;0.098066985;-0.039060641;0.994412959,-0.295508494;2.794737623;4.711164104
amy_gardens_peach_0177.png,amy_gardens,outliers,peach_0177.png,nan;nan;nan;nan;nan;nan;nan;nan;nan,nan;nan;nan
amy_gardens_peach_0174.png,amy_gardens,outliers,peach_0174.png,nan;nan;nan;nan;nan;nan;nan;nan;nan,nan;nan;nan
amy_gardens_peach_0083.png,amy_gardens,outliers,peach_0083.png,nan;nan;nan;nan;nan;nan;nan;nan;nan,nan;nan;nan
amy_gardens_peach_0120.png,amy_gardens,outliers,peach_0120.png,nan;nan;nan;nan;nan;nan;nan;nan;nan,nan;nan;nan
amy_gardens_peach_0029.png,amy_gardens,outliers,peach_0029.png,nan;nan;nan;nan;nan;nan;nan;nan;nan,nan;nan;nan
amy_gardens_peach_0050.png,amy_gardens,outliers,peach_0050.png,nan;nan;nan;nan;nan;nan;nan;nan;nan,nan;nan;nan
amy_gardens_peach_0001.png,amy_gardens,outliers,peach_0001.png,nan;nan;nan;nan;nan;nan;nan;nan;nan,nan;nan;nan
amy_gardens_peach_0068.png,amy_gardens,outliers,peach_0068.png,nan;nan;nan;nan;nan;nan;nan;nan;nan,nan;nan;nan
amy_gardens_peach_0172.png,amy_gardens,outliers,peach_0172.png,nan;nan;nan;nan;nan;nan;nan;nan;nan,nan;nan;nan
amy_gardens_peach_0143.png,amy_gardens,cluster47,peach_0143.png,0.968507798;-0.007480650;0.248870822;-0.002890133;0.999143442;0.041279884;-0.248966450;-0.040699159;0.967656595,2.251434981;-0.012106216;5.750133436
amy_gardens_peach_0041.png,amy_gardens,outliers,peach_0041.png,nan;nan;nan;nan;nan;nan;nan;nan;nan,nan;nan;nan
amy_gardens_peach_0106.png,amy_gardens,outliers,peach_0106.png,nan;nan;nan;nan;nan;nan;nan;nan;nan,nan;nan;nan
amy_gardens_peach_0102.png,amy_gardens,outliers,peach_0102.png,nan;nan;nan;nan;nan;nan;nan;nan;nan,nan;nan;nan
amy_gardens_peach_0167.png,amy_gardens,cluster49,peach_0167.png,0.999919295;-0.010160215;-0.007627111;0.010164701;0.999948187;0.000549683;0.007621131;-0.000627165;0.999970762,1.790676189;-1.630400382;0.198478694
amy_gardens_peach_0131.png,amy_gardens,cluster45,peach_0131.png,0.765851368;-0.134568998;0.628778870;0.017354372;0.981825795;0.188989244;-0.642783407;-0.133825608;0.754267989,-2.036025271;-2.545350571;-2.275728681
amy_gardens_peach_0000.png,amy_gardens,outliers,peach_0000.png,nan;nan;nan;nan;nan;nan;nan;nan;nan,nan;nan;nan
amy_gardens_peach_0184.png,amy_gardens,outliers,peach_0184.png,nan;nan;nan;nan;nan;nan;nan;nan;nan,nan;nan;nan
amy_gardens_peach_0196.png,amy_gardens,cluster45,peach_0196.png,0.771585269;-0.129730049;0.622757004;0.014058943;0.982222440;0.187193547;-0.635970533;-0.135680478;0.759692233,-2.765132928;-2.709522438;-2.140486680
amy_gardens_peach_0156.png,amy_gardens,outliers,peach_0156.png,nan;nan;nan;nan;nan;nan;nan;nan;nan,nan;nan;nan
amy_gardens_peach_0031.png,amy_gardens,outliers,peach_0031.png,nan;nan;nan;nan;nan;nan;nan;nan;nan,nan;nan;nan
amy_gardens_peach_0074.png,amy_gardens,outliers,peach_0074.png,nan;nan;nan;nan;nan;nan;nan;nan;nan,nan;nan;nan
amy_gardens_peach_0056.png,amy_gardens,outliers,peach_0056.png,nan;nan;nan;nan;nan;nan;nan;nan;nan,nan;nan;nan
amy_gardens_peach_0053.png,amy_gardens,outliers,peach_0053.png,nan;nan;nan;nan;nan;nan;nan;nan;nan,nan;nan;nan
amy_gardens_peach_0124.png,amy_gardens,outliers,peach_0124.png,nan;nan;nan;nan;nan;nan;nan;nan;nan,nan;nan;nan
amy_gardens_peach_0084.png,amy_gardens,outliers,peach_0084.png,nan;nan;nan;nan;nan;nan;nan;nan;nan,nan;nan;nan
amy_gardens_peach_0032.png,amy_gardens,outliers,peach_0032.png,nan;nan;nan;nan;nan;nan;nan;nan;nan,nan;nan;nan
amy_gardens_peach_0088.png,amy_gardens,outliers,peach_0088.png,nan;nan;nan;nan;nan;nan;nan;nan;nan,nan;nan;nan
amy_gardens_peach_0098.png,amy_gardens,outliers,peach_0098.png,nan;nan;nan;nan;nan;nan;nan;nan;nan,nan;nan;nan
amy_gardens_peach_0148.png,amy_gardens,outliers,peach_0148.png,nan;nan;nan;nan;nan;nan;nan;nan;nan,nan;nan;nan
amy_gardens_peach_0110.png,amy_gardens,cluster48,peach_0110.png,0.892857046;0.182769167;0.411584411;-0.148210023;0.982284110;-0.114680935;-0.425252966;0.041392746;0.904127511,-0.223817425;-0.267313845;6.555878339
amy_gardens_peach_0071.png,amy_gardens,outliers,peach_0071.png,nan;nan;nan;nan;nan;nan;nan;nan;nan,nan;nan;nan
amy_gardens_peach_0025.png,amy_gardens,outliers,peach_0025.png,nan;nan;nan;nan;nan;nan;nan;nan;nan,nan;nan;nan
amy_gardens_peach_0138.png,amy_gardens,outliers,peach_0138.png,nan;nan;nan;nan;nan;nan;nan;nan;nan,nan;nan;nan
amy_gardens_peach_0070.png,amy_gardens,outliers,peach_0070.png,nan;nan;nan;nan;nan;nan;nan;nan;nan,nan;nan;nan
amy_gardens_peach_0180.png,amy_gardens,outliers,peach_0180.png,nan;nan;nan;nan;nan;nan;nan;nan;nan,nan;nan;nan
amy_gardens_peach_0123.png,amy_gardens,outliers,peach_0123.png,nan;nan;nan;nan;nan;nan;nan;nan;nan,nan;nan;nan
amy_gardens_peach_0047.png,amy_gardens,outliers,peach_0047.png,nan;nan;nan;nan;nan;nan;nan;nan;nan,nan;nan;nan
amy_gardens_peach_0119.png,amy_gardens,outliers,peach_0119.png,nan;nan;nan;nan;nan;nan;nan;nan;nan,nan;nan;nan
amy_gardens_peach_0107.png,amy_gardens,outliers,peach_0107.png,nan;nan;nan;nan;nan;nan;nan;nan;nan,nan;nan;nan
amy_gardens_peach_0115.png,amy_gardens,outliers,peach_0115.png,nan;nan;nan;nan;nan;nan;nan;nan;nan,nan;nan;nan
amy_gardens_peach_0152.png,amy_gardens,outliers,peach_0152.png,nan;nan;nan;nan;nan;nan;nan;nan;nan,nan;nan;nan
amy_gardens_peach_0127.png,amy_gardens,outliers,peach_0127.png,nan;nan;nan;nan;nan;nan;nan;nan;nan,nan;nan;nan
amy_gardens_peach_0183.png,amy_gardens,outliers,peach_0183.png,nan;nan;nan;nan;nan;nan;nan;nan;nan,nan;nan;nan
amy_gardens_peach_0062.png,amy_gardens,outliers,peach_0062.png,nan;nan;nan;nan;nan;nan;nan;nan;nan,nan;nan;nan
amy_gardens_peach_0021.png,amy_gardens,outliers,peach_0021.png,nan;nan;nan;nan;nan;nan;nan;nan;nan,nan;nan;nan
amy_gardens_peach_0027.png,amy_gardens,outliers,peach_0027.png,nan;nan;nan;nan;nan;nan;nan;nan;nan,nan;nan;nan
amy_gardens_peach_0013.png,amy_gardens,outliers,peach_0013.png,nan;nan;nan;nan;nan;nan;nan;nan;nan,nan;nan;nan
amy_gardens_peach_0192.png,amy_gardens,outliers,peach_0192.png,nan;nan;nan;nan;nan;nan;nan;nan;nan,nan;nan;nan
amy_gardens_peach_0125.png,amy_gardens,cluster48,peach_0125.png,0.864357005;0.148241904;0.480532315;-0.097368438;0.986815291;-0.129286385;-0.493362296;0.064960912;0.867394792,-0.794542567;0.097467633;-2.523635520
amy_gardens_peach_0017.png,amy_gardens,outliers,peach_0017.png,nan;nan;nan;nan;nan;nan;nan;nan;nan,nan;nan;nan
amy_gardens_peach_0114.png,amy_gardens,outliers,peach_0114.png,nan;nan;nan;nan;nan;nan;nan;nan;nan,nan;nan;nan
amy_gardens_peach_0142.png,amy_gardens,outliers,peach_0142.png,nan;nan;nan;nan;nan;nan;nan;nan;nan,nan;nan;nan
amy_gardens_peach_0016.png,amy_gardens,outliers,peach_0016.png,nan;nan;nan;nan;nan;nan;nan;nan;nan,nan;nan;nan
amy_gardens_peach_0165.png,amy_gardens,outliers,peach_0165.png,nan;nan;nan;nan;nan;nan;nan;nan;nan,nan;nan;nan
amy_gardens_peach_0112.png,amy_gardens,cluster49,peach_0112.png,0.997015225;0.003008861;0.077146540;0.006143719;0.992979445;-0.118127377;-0.076960357;0.118248760;0.989997138,-3.331442350;5.094808678;0.563621922
amy_gardens_peach_0095.png,amy_gardens,outliers,peach_0095.png,nan;nan;nan;nan;nan;nan;nan;nan;nan,nan;nan;nan
amy_gardens_peach_0038.png,amy_gardens,outliers,peach_0038.png,nan;nan;nan;nan;nan;nan;nan;nan;nan,nan;nan;nan
amy_gardens_peach_0162.png,amy_gardens,outliers,peach_0162.png,nan;nan;nan;nan;nan;nan;nan;nan;nan,nan;nan;nan
amy_gardens_peach_0191.png,amy_gardens,outliers,peach_0191.png,nan;nan;nan;nan;nan;nan;nan;nan;nan,nan;nan;nan
amy_gardens_peach_0159.png,amy_gardens,outliers,peach_0159.png,nan;nan;nan;nan;nan;nan;nan;nan;nan,nan;nan;nan
amy_gardens_peach_0163.png,amy_gardens,outliers,peach_0163.png,nan;nan;nan;nan;nan;nan;nan;nan;nan,nan;nan;nan
amy_gardens_peach_0085.png,amy_gardens,outliers,peach_0085.png,nan;nan;nan;nan;nan;nan;nan;nan;nan,nan;nan;nan
amy_gardens_peach_0072.png,amy_gardens,outliers,peach_0072.png,nan;nan;nan;nan;nan;nan;nan;nan;nan,nan;nan;nan
amy_gardens_peach_0022.png,amy_gardens,outliers,peach_0022.png,nan;nan;nan;nan;nan;nan;nan;nan;nan,nan;nan;nan
amy_gardens_peach_0103.png,amy_gardens,outliers,peach_0103.png,nan;nan;nan;nan;nan;nan;nan;nan;nan,nan;nan;nan
amy_gardens_peach_0077.png,amy_gardens,outliers,peach_0077.png,nan;nan;nan;nan;nan;nan;nan;nan;nan,nan;nan;nan
amy_gardens_peach_0133.png,amy_gardens,outliers,peach_0133.png,nan;nan;nan;nan;nan;nan;nan;nan;nan,nan;nan;nan
amy_gardens_peach_0049.png,amy_gardens,outliers,peach_0049.png,nan;nan;nan;nan;nan;nan;nan;nan;nan,nan;nan;nan
amy_gardens_peach_0185.png,amy_gardens,cluster48,peach_0185.png,0.848058462;0.119819062;0.516178494;-0.127020651;0.991666956;-0.021503543;-0.514453690;-0.047329067;0.856211049,-0.275382994;0.015468008;-1.642334832
amy_gardens_peach_0093.png,amy_gardens,outliers,peach_0093.png,nan;nan;nan;nan;nan;nan;nan;nan;nan,nan;nan;nan
amy_gardens_peach_0150.png,amy_gardens,outliers,peach_0150.png,nan;nan;nan;nan;nan;nan;nan;nan;nan,nan;nan;nan
amy_gardens_peach_0033.png,amy_gardens,outliers,peach_0033.png,nan;nan;nan;nan;nan;nan;nan;nan;nan,nan;nan;nan
amy_gardens_peach_0060.png,amy_gardens,cluster45,peach_0060.png,0.762879013;-0.138438097;0.631546123;0.017126994;0.980791475;0.194305811;-0.646314380;-0.137415339;0.750596261,-0.551436848;-1.460647628;-2.240084545
amy_gardens_peach_0081.png,amy_gardens,cluster47,peach_0081.png,0.967752539;-0.004392591;0.251864503;0.012911343;0.999398687;-0.032180138;-0.251571699;0.034394319;0.967227332,2.253770313;-0.516103735;4.466691927
amy_gardens_peach_0104.png,amy_gardens,outliers,peach_0104.png,nan;nan;nan;nan;nan;nan;nan;nan;nan,nan;nan;nan
amy_gardens_peach_0113.png,amy_gardens,outliers,peach_0113.png,nan;nan;nan;nan;nan;nan;nan;nan;nan,nan;nan;nan
amy_gardens_peach_0141.png,amy_gardens,cluster47,peach_0141.png,0.969264452;-0.041471610;0.242500574;0.028050990;0.997891041;0.058537266;-0.244416785;-0.049935710;0.968383633,-1.477285759;0.035861152;-3.372541487
amy_gardens_peach_0122.png,amy_gardens,outliers,peach_0122.png,nan;nan;nan;nan;nan;nan;nan;nan;nan,nan;nan;nan
amy_gardens_peach_0015.png,amy_gardens,outliers,peach_0015.png,nan;nan;nan;nan;nan;nan;nan;nan;nan,nan;nan;nan
amy_gardens_peach_0157.png,amy_gardens,outliers,peach_0157.png,nan;nan;nan;nan;nan;nan;nan;nan;nan,nan;nan;nan
amy_gardens_peach_0111.png,amy_gardens,outliers,peach_0111.png,nan;nan;nan;nan;nan;nan;nan;nan;nan,nan;nan;nan
amy_gardens_peach_0073.png,amy_gardens,outliers,peach_0073.png,nan;nan;nan;nan;nan;nan;nan;nan;nan,nan;nan;nan
amy_gardens_peach_0193.png,amy_gardens,outliers,peach_0193.png,nan;nan;nan;nan;nan;nan;nan;nan;nan,nan;nan;nan
amy_gardens_peach_0059.png,amy_gardens,outliers,peach_0059.png,nan;nan;nan;nan;nan;nan;nan;nan;nan,nan;nan;nan
amy_gardens_peach_0020.png,amy_gardens,outliers,peach_0020.png,nan;nan;nan;nan;nan;nan;nan;nan;nan,nan;nan;nan
amy_gardens_peach_0014.png,amy_gardens,outliers,peach_0014.png,nan;nan;nan;nan;nan;nan;nan;nan;nan,nan;nan;nan
amy_gardens_peach_0144.png,amy_gardens,outliers,peach_0144.png,nan;nan;nan;nan;nan;nan;nan;nan;nan,nan;nan;nan
amy_gardens_peach_0034.png,amy_gardens,outliers,peach_0034.png,nan;nan;nan;nan;nan;nan;nan;nan;nan,nan;nan;nan
amy_gardens_peach_0118.png,amy_gardens,outliers,peach_0118.png,nan;nan;nan;nan;nan;nan;nan;nan;nan,nan;nan;nan
amy_gardens_peach_0099.png,amy_gardens,cluster49,peach_0099.png,0.999996625;-0.001866668;-0.001807314;0.001895418;0.999869574;0.016038785;0.001777139;-0.016042157;0.999869737,1.564357626;-3.461748934;0.175314914
amy_gardens_peach_0055.png,amy_gardens,outliers,peach_0055.png,nan;nan;nan;nan;nan;nan;nan;nan;nan,nan;nan;nan
amy_gardens_peach_0090.png,amy_gardens,outliers,peach_0090.png,nan;nan;nan;nan;nan;nan;nan;nan;nan,nan;nan;nan
amy_gardens_peach_0169.png,amy_gardens,outliers,peach_0169.png,nan;nan;nan;nan;nan;nan;nan;nan;nan,nan;nan;nan
amy_gardens_peach_0129.png,amy_gardens,outliers,peach_0129.png,nan;nan;nan;nan;nan;nan;nan;nan;nan,nan;nan;nan
amy_gardens_peach_0128.png,amy_gardens,outliers,peach_0128.png,nan;nan;nan;nan;nan;nan;nan;nan;nan,nan;nan;nan
amy_gardens_peach_0173.png,amy_gardens,outliers,peach_0173.png,nan;nan;nan;nan;nan;nan;nan;nan;nan,nan;nan;nan
amy_gardens_peach_0199.png,amy_gardens,cluster47,peach_0199.png,0.967928553;-0.046449710;0.246894191;0.040437402;0.998750345;0.029369457;-0.247949861;-0.018443776;0.968597281,-1.500317056;0.064619159;-3.428504819
amy_gardens_peach_0117.png,amy_gardens,outliers,peach_0117.png,nan;nan;nan;nan;nan;nan;nan;nan;nan,nan;nan;nan
amy_gardens_peach_0108.png,amy_gardens,cluster48,peach_0108.png,0.865031461;0.149207903;0.479017299;-0.087246787;0.984943853;-0.149243442;-0.494073445;0.087307552;0.865025330,-0.815966396;0.107872995;-2.493727920
amy_gardens_peach_0010.png,amy_gardens,outliers,peach_0010.png,nan;nan;nan;nan;nan;nan;nan;nan;nan,nan;nan;nan
amy_gardens_peach_0101.png,amy_gardens,outliers,peach_0101.png,nan;nan;nan;nan;nan;nan;nan;nan;nan,nan;nan;nan
amy_gardens_peach_0146.png,amy_gardens,outliers,peach_0146.png,nan;nan;nan;nan;nan;nan;nan;nan;nan,nan;nan;nan
amy_gardens_peach_0195.png,amy_gardens,outliers,peach_0195.png,nan;nan;nan;nan;nan;nan;nan;nan;nan,nan;nan;nan
amy_gardens_peach_0046.png,amy_gardens,outliers,peach_0046.png,nan;nan;nan;nan;nan;nan;nan;nan;nan,nan;nan;nan
amy_gardens_peach_0109.png,amy_gardens,outliers,peach_0109.png,nan;nan;nan;nan;nan;nan;nan;nan;nan,nan;nan;nan
amy_gardens_peach_0069.png,amy_gardens,outliers,peach_0069.png,nan;nan;nan;nan;nan;nan;nan;nan;nan,nan;nan;nan
amy_gardens_peach_0058.png,amy_gardens,outliers,peach_0058.png,nan;nan;nan;nan;nan;nan;nan;nan;nan,nan;nan;nan
amy_gardens_peach_0187.png,amy_gardens,outliers,peach_0187.png,nan;nan;nan;nan;nan;nan;nan;nan;nan,nan;nan;nan
amy_gardens_peach_0149.png,amy_gardens,outliers,peach_0149.png,nan;nan;nan;nan;nan;nan;nan;nan;nan,nan;nan;nan
amy_gardens_peach_0061.png,amy_gardens,outliers,peach_0061.png,nan;nan;nan;nan;nan;nan;nan;nan;nan,nan;nan;nan
amy_gardens_peach_0018.png,amy_gardens,outliers,peach_0018.png,nan;nan;nan;nan;nan;nan;nan;nan;nan,nan;nan;nan
amy_gardens_peach_0166.png,amy_gardens,outliers,peach_0166.png,nan;nan;nan;nan;nan;nan;nan;nan;nan,nan;nan;nan
amy_gardens_peach_0039.png,amy_gardens,outliers,peach_0039.png,nan;nan;nan;nan;nan;nan;nan;nan;nan,nan;nan;nan
amy_gardens_peach_0092.png,amy_gardens,outliers,peach_0092.png,nan;nan;nan;nan;nan;nan;nan;nan;nan,nan;nan;nan
amy_gardens_peach_0194.png,amy_gardens,outliers,peach_0194.png,nan;nan;nan;nan;nan;nan;nan;nan;nan,nan;nan;nan
amy_gardens_peach_0063.png,amy_gardens,outliers,peach_0063.png,nan;nan;nan;nan;nan;nan;nan;nan;nan,nan;nan;nan
amy_gardens_peach_0030.png,amy_gardens,outliers,peach_0030.png,nan;nan;nan;nan;nan;nan;nan;nan;nan,nan;nan;nan
amy_gardens_peach_0178.png,amy_gardens,outliers,peach_0178.png,nan;nan;nan;nan;nan;nan;nan;nan;nan,nan;nan;nan
amy_gardens_peach_0052.png,amy_gardens,outliers,peach_0052.png,nan;nan;nan;nan;nan;nan;nan;nan;nan,nan;nan;nan
amy_gardens_peach_0036.png,amy_gardens,outliers,peach_0036.png,nan;nan;nan;nan;nan;nan;nan;nan;nan,nan;nan;nan
amy_gardens_peach_0160.png,amy_gardens,cluster48,peach_0160.png,0.896992646;0.201700022;0.393346277;-0.196718427;0.979003994;-0.053413864;-0.395861153;-0.029466618;0.917837494,3.608791182;0.259953726;7.256687966
amy_gardens_peach_0139.png,amy_gardens,outliers,peach_0139.png,nan;nan;nan;nan;nan;nan;nan;nan;nan,nan;nan;nan
amy_gardens_peach_0197.png,amy_gardens,cluster48,peach_0197.png,0.865481118;0.157738498;0.475458727;-0.154832904;0.986889241;-0.045567513;-0.476412853;-0.034178834;0.878557113,0.481213363;0.095742160;-3.496368940
amy_gardens_peach_0179.png,amy_gardens,cluster48,peach_0179.png,0.857678111;0.142027839;0.494182507;-0.122868824;0.989862590;-0.071241176;-0.499291007;0.000382373;0.866434270,-0.574722702;0.076893454;-2.864391743
amy_gardens_peach_0008.png,amy_gardens,outliers,peach_0008.png,nan;nan;nan;nan;nan;nan;nan;nan;nan,nan;nan;nan
amy_gardens_peach_0153.png,amy_gardens,outliers,peach_0153.png,nan;nan;nan;nan;nan;nan;nan;nan;nan,nan;nan;nan
amy_gardens_peach_0186.png,amy_gardens,outliers,peach_0186.png,nan;nan;nan;nan;nan;nan;nan;nan;nan,nan;nan;nan
amy_gardens_peach_0005.png,amy_gardens,cluster48,peach_0005.png,0.854313428;0.145617924;0.498942869;-0.122083905;0.989314898;-0.079696624;-0.505216871;0.007173003;0.862962607,-0.691833768;0.070841197;-2.637492697
amy_gardens_peach_0066.png,amy_gardens,outliers,peach_0066.png,nan;nan;nan;nan;nan;nan;nan;nan;nan,nan;nan;nan
amy_gardens_peach_0054.png,amy_gardens,outliers,peach_0054.png,nan;nan;nan;nan;nan;nan;nan;nan;nan,nan;nan;nan
amy_gardens_peach_0094.png,amy_gardens,cluster48,peach_0094.png,0.899792431;0.173522839;0.400329121;-0.117046978;0.979881985;-0.161651788;-0.420325571;0.098595742;0.902000717,-0.713061381;0.126815141;-2.420794284
amy_gardens_peach_0105.png,amy_gardens,outliers,peach_0105.png,nan;nan;nan;nan;nan;nan;nan;nan;nan,nan;nan;nan
amy_gardens_peach_0012.png,amy_gardens,outliers,peach_0012.png,nan;nan;nan;nan;nan;nan;nan;nan;nan,nan;nan;nan
amy_gardens_peach_0079.png,amy_gardens,outliers,peach_0079.png,nan;nan;nan;nan;nan;nan;nan;nan;nan,nan;nan;nan
amy_gardens_peach_0134.png,amy_gardens,outliers,peach_0134.png,nan;nan;nan;nan;nan;nan;nan;nan;nan,nan;nan;nan
amy_gardens_peach_0003.png,amy_gardens,outliers,peach_0003.png,nan;nan;nan;nan;nan;nan;nan;nan;nan,nan;nan;nan
amy_gardens_peach_0067.png,amy_gardens,outliers,peach_0067.png,nan;nan;nan;nan;nan;nan;nan;nan;nan,nan;nan;nan
amy_gardens_peach_0147.png,amy_gardens,outliers,peach_0147.png,nan;nan;nan;nan;nan;nan;nan;nan;nan,nan;nan;nan
amy_gardens_peach_0044.png,amy_gardens,outliers,peach_0044.png,nan;nan;nan;nan;nan;nan;nan;nan;nan,nan;nan;nan
amy_gardens_peach_0019.png,amy_gardens,outliers,peach_0019.png,nan;nan;nan;nan;nan;nan;nan;nan;nan,nan;nan;nan
amy_gardens_peach_0051.png,amy_gardens,outliers,peach_0051.png,nan;nan;nan;nan;nan;nan;nan;nan;nan,nan;nan;nan
amy_gardens_peach_0198.png,amy_gardens,outliers,peach_0198.png,nan;nan;nan;nan;nan;nan;nan;nan;nan,nan;nan;nan
amy_gardens_peach_0190.png,amy_gardens,outliers,peach_0190.png,nan;nan;nan;nan;nan;nan;nan;nan;nan,nan;nan;nan
amy_gardens_peach_0182.png,amy_gardens,cluster48,peach_0182.png,0.896299005;0.156492607;0.414919460;-0.141730942;0.987678906;-0.066352984;-0.420190950;0.000665187;0.907435465,-0.183514250;0.095783428;6.584626882
amy_gardens_peach_0171.png,amy_gardens,outliers,peach_0171.png,nan;nan;nan;nan;nan;nan;nan;nan;nan,nan;nan;nan
amy_gardens_peach_0009.png,amy_gardens,cluster48,peach_0009.png,0.898028485;0.185598428;0.398870987;-0.129163602;0.977927931;-0.164236797;-0.420549170;0.095969709;0.902179700,-0.455096606;-0.690735485;6.363212649
amy_gardens_peach_0004.png,amy_gardens,outliers,peach_0004.png,nan;nan;nan;nan;nan;nan;nan;nan;nan,nan;nan;nan
amy_gardens_peach_0176.png,amy_gardens,cluster48,peach_0176.png,0.864502052;0.163804428;0.475188711;-0.168060043;0.985194984;-0.033862438;-0.473700352;-0.050586088;0.879232065,0.001854580;0.034788131;-3.984011582
amy_gardens_peach_0065.png,amy_gardens,outliers,peach_0065.png,nan;nan;nan;nan;nan;nan;nan;nan;nan,nan;nan;nan
amy_gardens_peach_0037.png,amy_gardens,cluster47,peach_0037.png,0.967408416;-0.044423059;0.249294102;0.041327088;0.998989908;0.017641875;-0.249825998;-0.006764299;0.968267120,-1.508605009;0.081819993;-3.452010589
amy_gardens_peach_0048.png,amy_gardens,outliers,peach_0048.png,nan;nan;nan;nan;nan;nan;nan;nan;nan,nan;nan;nan
amy_gardens_peach_0076.png,amy_gardens,outliers,peach_0076.png,nan;nan;nan;nan;nan;nan;nan;nan;nan,nan;nan;nan
amy_gardens_peach_0040.png,amy_gardens,outliers,peach_0040.png,nan;nan;nan;nan;nan;nan;nan;nan;nan,nan;nan;nan
amy_gardens_peach_0026.png,amy_gardens,outliers,peach_0026.png,nan;nan;nan;nan;nan;nan;nan;nan;nan,nan;nan;nan
amy_gardens_peach_0035.png,amy_gardens,outliers,peach_0035.png,nan;nan;nan;nan;nan;nan;nan;nan;nan,nan;nan;nan
amy_gardens_peach_0137.png,amy_gardens,outliers,peach_0137.png,nan;nan;nan;nan;nan;nan;nan;nan;nan,nan;nan;nan
amy_gardens_peach_0164.png,amy_gardens,outliers,peach_0164.png,nan;nan;nan;nan;nan;nan;nan;nan;nan,nan;nan;nan
amy_gardens_peach_0130.png,amy_gardens,outliers,peach_0130.png,nan;nan;nan;nan;nan;nan;nan;nan;nan,nan;nan;nan
amy_gardens_peach_0168.png,amy_gardens,outliers,peach_0168.png,nan;nan;nan;nan;nan;nan;nan;nan;nan,nan;nan;nan
fbk_vineyard_vineyard_split_2_frame_1260.png,fbk_vineyard,outliers,vineyard_split_2_frame_1260.png,nan;nan;nan;nan;nan;nan;nan;nan;nan,nan;nan;nan
fbk_vineyard_vineyard_split_2_frame_1225.png,fbk_vineyard,outliers,vineyard_split_2_frame_1225.png,nan;nan;nan;nan;nan;nan;nan;nan;nan,nan;nan;nan
fbk_vineyard_vineyard_split_2_frame_1245.png,fbk_vineyard,outliers,vineyard_split_2_frame_1245.png,nan;nan;nan;nan;nan;nan;nan;nan;nan,nan;nan;nan
fbk_vineyard_vineyard_split_2_frame_1320.png,fbk_vineyard,outliers,vineyard_split_2_frame_1320.png,nan;nan;nan;nan;nan;nan;nan;nan;nan,nan;nan;nan
fbk_vineyard_vineyard_split_2_frame_1205.png,fbk_vineyard,outliers,vineyard_split_2_frame_1205.png,nan;nan;nan;nan;nan;nan;nan;nan;nan,nan;nan;nan
fbk_vineyard_vineyard_split_2_frame_1240.png,fbk_vineyard,outliers,vineyard_split_2_frame_1240.png,nan;nan;nan;nan;nan;nan;nan;nan;nan,nan;nan;nan
fbk_vineyard_vineyard_split_2_frame_1170.png,fbk_vineyard,outliers,vineyard_split_2_frame_1170.png,nan;nan;nan;nan;nan;nan;nan;nan;nan,nan;nan;nan
fbk_vineyard_vineyard_split_2_frame_1300.png,fbk_vineyard,outliers,vineyard_split_2_frame_1300.png,nan;nan;nan;nan;nan;nan;nan;nan;nan,nan;nan;nan
fbk_vineyard_vineyard_split_2_frame_1290.png,fbk_vineyard,outliers,vineyard_split_2_frame_1290.png,nan;nan;nan;nan;nan;nan;nan;nan;nan,nan;nan;nan
fbk_vineyard_vineyard_split_2_frame_1310.png,fbk_vineyard,outliers,vineyard_split_2_frame_1310.png,nan;nan;nan;nan;nan;nan;nan;nan;nan,nan;nan;nan
fbk_vineyard_vineyard_split_2_frame_1200.png,fbk_vineyard,outliers,vineyard_split_2_frame_1200.png,nan;nan;nan;nan;nan;nan;nan;nan;nan,nan;nan;nan
fbk_vineyard_vineyard_split_2_frame_1295.png,fbk_vineyard,outliers,vineyard_split_2_frame_1295.png,nan;nan;nan;nan;nan;nan;nan;nan;nan,nan;nan;nan
fbk_vineyard_vineyard_split_2_frame_1180.png,fbk_vineyard,outliers,vineyard_split_2_frame_1180.png,nan;nan;nan;nan;nan;nan;nan;nan;nan,nan;nan;nan
fbk_vineyard_vineyard_split_2_frame_1255.png,fbk_vineyard,outliers,vineyard_split_2_frame_1255.png,nan;nan;nan;nan;nan;nan;nan;nan;nan,nan;nan;nan
fbk_vineyard_vineyard_split_2_frame_1220.png,fbk_vineyard,outliers,vineyard_split_2_frame_1220.png,nan;nan;nan;nan;nan;nan;nan;nan;nan,nan;nan;nan
fbk_vineyard_vineyard_split_2_frame_1165.png,fbk_vineyard,outliers,vineyard_split_2_frame_1165.png,nan;nan;nan;nan;nan;nan;nan;nan;nan,nan;nan;nan
fbk_vineyard_vineyard_split_2_frame_1275.png,fbk_vineyard,outliers,vineyard_split_2_frame_1275.png,nan;nan;nan;nan;nan;nan;nan;nan;nan,nan;nan;nan
fbk_vineyard_vineyard_split_2_frame_1305.png,fbk_vineyard,outliers,vineyard_split_2_frame_1305.png,nan;nan;nan;nan;nan;nan;nan;nan;nan,nan;nan;nan
fbk_vineyard_vineyard_split_2_frame_1160.png,fbk_vineyard,outliers,vineyard_split_2_frame_1160.png,nan;nan;nan;nan;nan;nan;nan;nan;nan,nan;nan;nan
fbk_vineyard_vineyard_split_2_frame_1280.png,fbk_vineyard,outliers,vineyard_split_2_frame_1280.png,nan;nan;nan;nan;nan;nan;nan;nan;nan,nan;nan;nan
fbk_vineyard_vineyard_split_2_frame_1155.png,fbk_vineyard,outliers,vineyard_split_2_frame_1155.png,nan;nan;nan;nan;nan;nan;nan;nan;nan,nan;nan;nan
fbk_vineyard_vineyard_split_2_frame_1195.png,fbk_vineyard,outliers,vineyard_split_2_frame_1195.png,nan;nan;nan;nan;nan;nan;nan;nan;nan,nan;nan;nan
fbk_vineyard_vineyard_split_2_frame_1190.png,fbk_vineyard,outliers,vineyard_split_2_frame_1190.png,nan;nan;nan;nan;nan;nan;nan;nan;nan,nan;nan;nan
fbk_vineyard_vineyard_split_2_frame_1270.png,fbk_vineyard,outliers,vineyard_split_2_frame_1270.png,nan;nan;nan;nan;nan;nan;nan;nan;nan,nan;nan;nan
fbk_vineyard_vineyard_split_2_frame_1210.png,fbk_vineyard,outliers,vineyard_split_2_frame_1210.png,nan;nan;nan;nan;nan;nan;nan;nan;nan,nan;nan;nan
fbk_vineyard_vineyard_split_2_frame_1250.png,fbk_vineyard,outliers,vineyard_split_2_frame_1250.png,nan;nan;nan;nan;nan;nan;nan;nan;nan,nan;nan;nan
fbk_vineyard_vineyard_split_2_frame_1185.png,fbk_vineyard,outliers,vineyard_split_2_frame_1185.png,nan;nan;nan;nan;nan;nan;nan;nan;nan,nan;nan;nan
fbk_vineyard_vineyard_split_2_frame_1285.png,fbk_vineyard,outliers,vineyard_split_2_frame_1285.png,nan;nan;nan;nan;nan;nan;nan;nan;nan,nan;nan;nan
fbk_vineyard_vineyard_split_2_frame_1265.png,fbk_vineyard,outliers,vineyard_split_2_frame_1265.png,nan;nan;nan;nan;nan;nan;nan;nan;nan,nan;nan;nan
fbk_vineyard_vineyard_split_2_frame_1150.png,fbk_vineyard,outliers,vineyard_split_2_frame_1150.png,nan;nan;nan;nan;nan;nan;nan;nan;nan,nan;nan;nan
fbk_vineyard_vineyard_split_2_frame_1175.png,fbk_vineyard,outliers,vineyard_split_2_frame_1175.png,nan;nan;nan;nan;nan;nan;nan;nan;nan,nan;nan;nan
fbk_vineyard_vineyard_split_2_frame_1235.png,fbk_vineyard,outliers,vineyard_split_2_frame_1235.png,nan;nan;nan;nan;nan;nan;nan;nan;nan,nan;nan;nan
fbk_vineyard_vineyard_split_2_frame_1315.png,fbk_vineyard,outliers,vineyard_split_2_frame_1315.png,nan;nan;nan;nan;nan;nan;nan;nan;nan,nan;nan;nan
fbk_vineyard_vineyard_split_2_frame_1230.png,fbk_vineyard,outliers,vineyard_split_2_frame_1230.png,nan;nan;nan;nan;nan;nan;nan;nan;nan,nan;nan;nan
fbk_vineyard_vineyard_split_2_frame_1215.png,fbk_vineyard,outliers,vineyard_split_2_frame_1215.png,nan;nan;nan;nan;nan;nan;nan;nan;nan,nan;nan;nan
fbk_vineyard_vineyard_split_3_frame_1395.png,fbk_vineyard,outliers,vineyard_split_3_frame_1395.png,nan;nan;nan;nan;nan;nan;nan;nan;nan,nan;nan;nan
fbk_vineyard_vineyard_split_3_frame_1475.png,fbk_vineyard,outliers,vineyard_split_3_frame_1475.png,nan;nan;nan;nan;nan;nan;nan;nan;nan,nan;nan;nan
fbk_vineyard_vineyard_split_3_frame_0255.png,fbk_vineyard,outliers,vineyard_split_3_frame_0255.png,nan;nan;nan;nan;nan;nan;nan;nan;nan,nan;nan;nan
fbk_vineyard_vineyard_split_3_frame_1425.png,fbk_vineyard,outliers,vineyard_split_3_frame_1425.png,nan;nan;nan;nan;nan;nan;nan;nan;nan,nan;nan;nan
fbk_vineyard_vineyard_split_3_frame_0125.png,fbk_vineyard,outliers,vineyard_split_3_frame_0125.png,nan;nan;nan;nan;nan;nan;nan;nan;nan,nan;nan;nan
fbk_vineyard_vineyard_split_3_frame_1480.png,fbk_vineyard,outliers,vineyard_split_3_frame_1480.png,nan;nan;nan;nan;nan;nan;nan;nan;nan,nan;nan;nan
fbk_vineyard_vineyard_split_3_frame_0215.png,fbk_vineyard,outliers,vineyard_split_3_frame_0215.png,nan;nan;nan;nan;nan;nan;nan;nan;nan,nan;nan;nan
fbk_vineyard_vineyard_split_3_frame_0295.png,fbk_vineyard,outliers,vineyard_split_3_frame_0295.png,nan;nan;nan;nan;nan;nan;nan;nan;nan,nan;nan;nan
fbk_vineyard_vineyard_split_3_frame_0090.png,fbk_vineyard,cluster50,vineyard_split_3_frame_0090.png,0.999980995;-0.002982466;-0.005395721;0.003004454;0.999987197;0.004071715;0.005383508;-0.004087849;0.999977153,-4.961537199;0.106913736;-0.609686864
fbk_vineyard_vineyard_split_3_frame_0190.png,fbk_vineyard,outliers,vineyard_split_3_frame_0190.png,nan;nan;nan;nan;nan;nan;nan;nan;nan,nan;nan;nan
fbk_vineyard_vineyard_split_3_frame_0265.png,fbk_vineyard,outliers,vineyard_split_3_frame_0265.png,nan;nan;nan;nan;nan;nan;nan;nan;nan,nan;nan;nan
fbk_vineyard_vineyard_split_3_frame_1445.png,fbk_vineyard,outliers,vineyard_split_3_frame_1445.png,nan;nan;nan;nan;nan;nan;nan;nan;nan,nan;nan;nan
fbk_vineyard_vineyard_split_3_frame_0290.png,fbk_vineyard,outliers,vineyard_split_3_frame_0290.png,nan;nan;nan;nan;nan;nan;nan;nan;nan,nan;nan;nan
fbk_vineyard_vineyard_split_3_frame_1450.png,fbk_vineyard,outliers,vineyard_split_3_frame_1450.png,nan;nan;nan;nan;nan;nan;nan;nan;nan,nan;nan;nan
fbk_vineyard_vineyard_split_3_frame_1390.png,fbk_vineyard,outliers,vineyard_split_3_frame_1390.png,nan;nan;nan;nan;nan;nan;nan;nan;nan,nan;nan;nan
fbk_vineyard_vineyard_split_3_frame_1555.png,fbk_vineyard,outliers,vineyard_split_3_frame_1555.png,nan;nan;nan;nan;nan;nan;nan;nan;nan,nan;nan;nan
fbk_vineyard_vineyard_split_3_frame_1550.png,fbk_vineyard,outliers,vineyard_split_3_frame_1550.png,nan;nan;nan;nan;nan;nan;nan;nan;nan,nan;nan;nan
fbk_vineyard_vineyard_split_3_frame_0145.png,fbk_vineyard,outliers,vineyard_split_3_frame_0145.png,nan;nan;nan;nan;nan;nan;nan;nan;nan,nan;nan;nan
fbk_vineyard_vineyard_split_3_frame_1405.png,fbk_vineyard,outliers,vineyard_split_3_frame_1405.png,nan;nan;nan;nan;nan;nan;nan;nan;nan,nan;nan;nan
fbk_vineyard_vineyard_split_3_frame_0070.png,fbk_vineyard,outliers,vineyard_split_3_frame_0070.png,nan;nan;nan;nan;nan;nan;nan;nan;nan,nan;nan;nan
fbk_vineyard_vineyard_split_3_frame_1500.png,fbk_vineyard,outliers,vineyard_split_3_frame_1500.png,nan;nan;nan;nan;nan;nan;nan;nan;nan,nan;nan;nan
fbk_vineyard_vineyard_split_3_frame_1455.png,fbk_vineyard,outliers,vineyard_split_3_frame_1455.png,nan;nan;nan;nan;nan;nan;nan;nan;nan,nan;nan;nan
fbk_vineyard_vineyard_split_3_frame_0075.png,fbk_vineyard,outliers,vineyard_split_3_frame_0075.png,nan;nan;nan;nan;nan;nan;nan;nan;nan,nan;nan;nan
fbk_vineyard_vineyard_split_3_frame_0160.png,fbk_vineyard,outliers,vineyard_split_3_frame_0160.png,nan;nan;nan;nan;nan;nan;nan;nan;nan,nan;nan;nan
fbk_vineyard_vineyard_split_3_frame_0150.png,fbk_vineyard,outliers,vineyard_split_3_frame_0150.png,nan;nan;nan;nan;nan;nan;nan;nan;nan,nan;nan;nan
fbk_vineyard_vineyard_split_3_frame_0140.png,fbk_vineyard,outliers,vineyard_split_3_frame_0140.png,nan;nan;nan;nan;nan;nan;nan;nan;nan,nan;nan;nan
fbk_vineyard_vineyard_split_3_frame_0270.png,fbk_vineyard,outliers,vineyard_split_3_frame_0270.png,nan;nan;nan;nan;nan;nan;nan;nan;nan,nan;nan;nan
fbk_vineyard_vineyard_split_3_frame_0170.png,fbk_vineyard,outliers,vineyard_split_3_frame_0170.png,nan;nan;nan;nan;nan;nan;nan;nan;nan,nan;nan;nan
fbk_vineyard_vineyard_split_3_frame_0285.png,fbk_vineyard,outliers,vineyard_split_3_frame_0285.png,nan;nan;nan;nan;nan;nan;nan;nan;nan,nan;nan;nan
fbk_vineyard_vineyard_split_3_frame_1490.png,fbk_vineyard,outliers,vineyard_split_3_frame_1490.png,nan;nan;nan;nan;nan;nan;nan;nan;nan,nan;nan;nan
fbk_vineyard_vineyard_split_3_frame_0280.png,fbk_vineyard,outliers,vineyard_split_3_frame_0280.png,nan;nan;nan;nan;nan;nan;nan;nan;nan,nan;nan;nan
fbk_vineyard_vineyard_split_3_frame_0275.png,fbk_vineyard,outliers,vineyard_split_3_frame_0275.png,nan;nan;nan;nan;nan;nan;nan;nan;nan,nan;nan;nan
fbk_vineyard_vineyard_split_3_frame_0225.png,fbk_vineyard,outliers,vineyard_split_3_frame_0225.png,nan;nan;nan;nan;nan;nan;nan;nan;nan,nan;nan;nan
fbk_vineyard_vineyard_split_3_frame_0080.png,fbk_vineyard,outliers,vineyard_split_3_frame_0080.png,nan;nan;nan;nan;nan;nan;nan;nan;nan,nan;nan;nan
fbk_vineyard_vineyard_split_3_frame_0250.png,fbk_vineyard,outliers,vineyard_split_3_frame_0250.png,nan;nan;nan;nan;nan;nan;nan;nan;nan,nan;nan;nan
fbk_vineyard_vineyard_split_3_frame_1495.png,fbk_vineyard,outliers,vineyard_split_3_frame_1495.png,nan;nan;nan;nan;nan;nan;nan;nan;nan,nan;nan;nan
fbk_vineyard_vineyard_split_3_frame_0120.png,fbk_vineyard,outliers,vineyard_split_3_frame_0120.png,nan;nan;nan;nan;nan;nan;nan;nan;nan,nan;nan;nan
fbk_vineyard_vineyard_split_3_frame_1510.png,fbk_vineyard,outliers,vineyard_split_3_frame_1510.png,nan;nan;nan;nan;nan;nan;nan;nan;nan,nan;nan;nan
fbk_vineyard_vineyard_split_3_frame_0105.png,fbk_vineyard,outliers,vineyard_split_3_frame_0105.png,nan;nan;nan;nan;nan;nan;nan;nan;nan,nan;nan;nan
fbk_vineyard_vineyard_split_3_frame_1535.png,fbk_vineyard,outliers,vineyard_split_3_frame_1535.png,nan;nan;nan;nan;nan;nan;nan;nan;nan,nan;nan;nan
fbk_vineyard_vineyard_split_3_frame_1540.png,fbk_vineyard,outliers,vineyard_split_3_frame_1540.png,nan;nan;nan;nan;nan;nan;nan;nan;nan,nan;nan;nan
fbk_vineyard_vineyard_split_3_frame_0205.png,fbk_vineyard,outliers,vineyard_split_3_frame_0205.png,nan;nan;nan;nan;nan;nan;nan;nan;nan,nan;nan;nan
fbk_vineyard_vineyard_split_3_frame_1410.png,fbk_vineyard,outliers,vineyard_split_3_frame_1410.png,nan;nan;nan;nan;nan;nan;nan;nan;nan,nan;nan;nan
fbk_vineyard_vineyard_split_3_frame_0305.png,fbk_vineyard,outliers,vineyard_split_3_frame_0305.png,nan;nan;nan;nan;nan;nan;nan;nan;nan,nan;nan;nan
fbk_vineyard_vineyard_split_3_frame_0235.png,fbk_vineyard,outliers,vineyard_split_3_frame_0235.png,nan;nan;nan;nan;nan;nan;nan;nan;nan,nan;nan;nan
fbk_vineyard_vineyard_split_3_frame_1505.png,fbk_vineyard,outliers,vineyard_split_3_frame_1505.png,nan;nan;nan;nan;nan;nan;nan;nan;nan,nan;nan;nan
fbk_vineyard_vineyard_split_3_frame_0175.png,fbk_vineyard,outliers,vineyard_split_3_frame_0175.png,nan;nan;nan;nan;nan;nan;nan;nan;nan,nan;nan;nan
fbk_vineyard_vineyard_split_3_frame_1545.png,fbk_vineyard,outliers,vineyard_split_3_frame_1545.png,nan;nan;nan;nan;nan;nan;nan;nan;nan,nan;nan;nan
fbk_vineyard_vineyard_split_3_frame_1520.png,fbk_vineyard,outliers,vineyard_split_3_frame_1520.png,nan;nan;nan;nan;nan;nan;nan;nan;nan,nan;nan;nan
fbk_vineyard_vineyard_split_3_frame_1465.png,fbk_vineyard,outliers,vineyard_split_3_frame_1465.png,nan;nan;nan;nan;nan;nan;nan;nan;nan,nan;nan;nan
fbk_vineyard_vineyard_split_3_frame_1525.png,fbk_vineyard,outliers,vineyard_split_3_frame_1525.png,nan;nan;nan;nan;nan;nan;nan;nan;nan,nan;nan;nan
fbk_vineyard_vineyard_split_3_frame_0110.png,fbk_vineyard,outliers,vineyard_split_3_frame_0110.png,nan;nan;nan;nan;nan;nan;nan;nan;nan,nan;nan;nan
fbk_vineyard_vineyard_split_3_frame_0195.png,fbk_vineyard,outliers,vineyard_split_3_frame_0195.png,nan;nan;nan;nan;nan;nan;nan;nan;nan,nan;nan;nan
fbk_vineyard_vineyard_split_3_frame_1570.png,fbk_vineyard,outliers,vineyard_split_3_frame_1570.png,nan;nan;nan;nan;nan;nan;nan;nan;nan,nan;nan;nan
fbk_vineyard_vineyard_split_3_frame_0210.png,fbk_vineyard,outliers,vineyard_split_3_frame_0210.png,nan;nan;nan;nan;nan;nan;nan;nan;nan,nan;nan;nan
fbk_vineyard_vineyard_split_3_frame_0100.png,fbk_vineyard,outliers,vineyard_split_3_frame_0100.png,nan;nan;nan;nan;nan;nan;nan;nan;nan,nan;nan;nan
fbk_vineyard_vineyard_split_3_frame_1560.png,fbk_vineyard,outliers,vineyard_split_3_frame_1560.png,nan;nan;nan;nan;nan;nan;nan;nan;nan,nan;nan;nan
fbk_vineyard_vineyard_split_3_frame_1430.png,fbk_vineyard,outliers,vineyard_split_3_frame_1430.png,nan;nan;nan;nan;nan;nan;nan;nan;nan,nan;nan;nan
fbk_vineyard_vineyard_split_3_frame_0245.png,fbk_vineyard,outliers,vineyard_split_3_frame_0245.png,nan;nan;nan;nan;nan;nan;nan;nan;nan,nan;nan;nan
fbk_vineyard_vineyard_split_3_frame_0130.png,fbk_vineyard,outliers,vineyard_split_3_frame_0130.png,nan;nan;nan;nan;nan;nan;nan;nan;nan,nan;nan;nan
fbk_vineyard_vineyard_split_3_frame_0135.png,fbk_vineyard,outliers,vineyard_split_3_frame_0135.png,nan;nan;nan;nan;nan;nan;nan;nan;nan,nan;nan;nan
fbk_vineyard_vineyard_split_3_frame_0220.png,fbk_vineyard,outliers,vineyard_split_3_frame_0220.png,nan;nan;nan;nan;nan;nan;nan;nan;nan,nan;nan;nan
fbk_vineyard_vineyard_split_3_frame_0200.png,fbk_vineyard,outliers,vineyard_split_3_frame_0200.png,nan;nan;nan;nan;nan;nan;nan;nan;nan,nan;nan;nan
fbk_vineyard_vineyard_split_3_frame_1440.png,fbk_vineyard,outliers,vineyard_split_3_frame_1440.png,nan;nan;nan;nan;nan;nan;nan;nan;nan,nan;nan;nan
fbk_vineyard_vineyard_split_3_frame_0240.png,fbk_vineyard,outliers,vineyard_split_3_frame_0240.png,nan;nan;nan;nan;nan;nan;nan;nan;nan,nan;nan;nan
fbk_vineyard_vineyard_split_3_frame_1460.png,fbk_vineyard,outliers,vineyard_split_3_frame_1460.png,nan;nan;nan;nan;nan;nan;nan;nan;nan,nan;nan;nan
fbk_vineyard_vineyard_split_3_frame_1515.png,fbk_vineyard,outliers,vineyard_split_3_frame_1515.png,nan;nan;nan;nan;nan;nan;nan;nan;nan,nan;nan;nan
fbk_vineyard_vineyard_split_3_frame_0165.png,fbk_vineyard,outliers,vineyard_split_3_frame_0165.png,nan;nan;nan;nan;nan;nan;nan;nan;nan,nan;nan;nan
fbk_vineyard_vineyard_split_3_frame_0230.png,fbk_vineyard,outliers,vineyard_split_3_frame_0230.png,nan;nan;nan;nan;nan;nan;nan;nan;nan,nan;nan;nan
fbk_vineyard_vineyard_split_3_frame_0185.png,fbk_vineyard,outliers,vineyard_split_3_frame_0185.png,nan;nan;nan;nan;nan;nan;nan;nan;nan,nan;nan;nan
fbk_vineyard_vineyard_split_3_frame_1400.png,fbk_vineyard,outliers,vineyard_split_3_frame_1400.png,nan;nan;nan;nan;nan;nan;nan;nan;nan,nan;nan;nan
fbk_vineyard_vineyard_split_3_frame_1415.png,fbk_vineyard,outliers,vineyard_split_3_frame_1415.png,nan;nan;nan;nan;nan;nan;nan;nan;nan,nan;nan;nan
fbk_vineyard_vineyard_split_3_frame_1435.png,fbk_vineyard,outliers,vineyard_split_3_frame_1435.png,nan;nan;nan;nan;nan;nan;nan;nan;nan,nan;nan;nan
fbk_vineyard_vineyard_split_3_frame_0260.png,fbk_vineyard,outliers,vineyard_split_3_frame_0260.png,nan;nan;nan;nan;nan;nan;nan;nan;nan,nan;nan;nan
fbk_vineyard_vineyard_split_3_frame_0115.png,fbk_vineyard,outliers,vineyard_split_3_frame_0115.png,nan;nan;nan;nan;nan;nan;nan;nan;nan,nan;nan;nan
fbk_vineyard_vineyard_split_3_frame_1420.png,fbk_vineyard,outliers,vineyard_split_3_frame_1420.png,nan;nan;nan;nan;nan;nan;nan;nan;nan,nan;nan;nan
fbk_vineyard_vineyard_split_3_frame_0300.png,fbk_vineyard,outliers,vineyard_split_3_frame_0300.png,nan;nan;nan;nan;nan;nan;nan;nan;nan,nan;nan;nan
fbk_vineyard_vineyard_split_3_frame_1485.png,fbk_vineyard,outliers,vineyard_split_3_frame_1485.png,nan;nan;nan;nan;nan;nan;nan;nan;nan,nan;nan;nan
fbk_vineyard_vineyard_split_3_frame_0085.png,fbk_vineyard,cluster50,vineyard_split_3_frame_0085.png,0.999868476;-0.005728645;-0.015172775;0.005841406;0.999955573;0.007397947;0.015129721;-0.007485604;0.999857518,4.955624884;-0.090888617;0.658423323
fbk_vineyard_vineyard_split_3_frame_0095.png,fbk_vineyard,outliers,vineyard_split_3_frame_0095.png,nan;nan;nan;nan;nan;nan;nan;nan;nan,nan;nan;nan
fbk_vineyard_vineyard_split_3_frame_0155.png,fbk_vineyard,outliers,vineyard_split_3_frame_0155.png,nan;nan;nan;nan;nan;nan;nan;nan;nan,nan;nan;nan
fbk_vineyard_vineyard_split_3_frame_0180.png,fbk_vineyard,outliers,vineyard_split_3_frame_0180.png,nan;nan;nan;nan;nan;nan;nan;nan;nan,nan;nan;nan
fbk_vineyard_vineyard_split_3_frame_1530.png,fbk_vineyard,outliers,vineyard_split_3_frame_1530.png,nan;nan;nan;nan;nan;nan;nan;nan;nan,nan;nan;nan
fbk_vineyard_vineyard_split_3_frame_1470.png,fbk_vineyard,outliers,vineyard_split_3_frame_1470.png,nan;nan;nan;nan;nan;nan;nan;nan;nan,nan;nan;nan
fbk_vineyard_vineyard_split_3_frame_1565.png,fbk_vineyard,outliers,vineyard_split_3_frame_1565.png,nan;nan;nan;nan;nan;nan;nan;nan;nan,nan;nan;nan
fbk_vineyard_vineyard_split_1_frame_0950.png,fbk_vineyard,outliers,vineyard_split_1_frame_0950.png,nan;nan;nan;nan;nan;nan;nan;nan;nan,nan;nan;nan
fbk_vineyard_vineyard_split_1_frame_1005.png,fbk_vineyard,outliers,vineyard_split_1_frame_1005.png,nan;nan;nan;nan;nan;nan;nan;nan;nan,nan;nan;nan
fbk_vineyard_vineyard_split_1_frame_0915.png,fbk_vineyard,outliers,vineyard_split_1_frame_0915.png,nan;nan;nan;nan;nan;nan;nan;nan;nan,nan;nan;nan
fbk_vineyard_vineyard_split_1_frame_0995.png,fbk_vineyard,outliers,vineyard_split_1_frame_0995.png,nan;nan;nan;nan;nan;nan;nan;nan;nan,nan;nan;nan
fbk_vineyard_vineyard_split_1_frame_1070.png,fbk_vineyard,outliers,vineyard_split_1_frame_1070.png,nan;nan;nan;nan;nan;nan;nan;nan;nan,nan;nan;nan
fbk_vineyard_vineyard_split_1_frame_1015.png,fbk_vineyard,outliers,vineyard_split_1_frame_1015.png,nan;nan;nan;nan;nan;nan;nan;nan;nan,nan;nan;nan
fbk_vineyard_vineyard_split_1_frame_0990.png,fbk_vineyard,outliers,vineyard_split_1_frame_0990.png,nan;nan;nan;nan;nan;nan;nan;nan;nan,nan;nan;nan
fbk_vineyard_vineyard_split_1_frame_1055.png,fbk_vineyard,outliers,vineyard_split_1_frame_1055.png,nan;nan;nan;nan;nan;nan;nan;nan;nan,nan;nan;nan
fbk_vineyard_vineyard_split_1_frame_0965.png,fbk_vineyard,outliers,vineyard_split_1_frame_0965.png,nan;nan;nan;nan;nan;nan;nan;nan;nan,nan;nan;nan
fbk_vineyard_vineyard_split_1_frame_0935.png,fbk_vineyard,outliers,vineyard_split_1_frame_0935.png,nan;nan;nan;nan;nan;nan;nan;nan;nan,nan;nan;nan
fbk_vineyard_vineyard_split_1_frame_0970.png,fbk_vineyard,outliers,vineyard_split_1_frame_0970.png,nan;nan;nan;nan;nan;nan;nan;nan;nan,nan;nan;nan
fbk_vineyard_vineyard_split_1_frame_0960.png,fbk_vineyard,outliers,vineyard_split_1_frame_0960.png,nan;nan;nan;nan;nan;nan;nan;nan;nan,nan;nan;nan
fbk_vineyard_vineyard_split_1_frame_1095.png,fbk_vineyard,outliers,vineyard_split_1_frame_1095.png,nan;nan;nan;nan;nan;nan;nan;nan;nan,nan;nan;nan
fbk_vineyard_vineyard_split_1_frame_0945.png,fbk_vineyard,outliers,vineyard_split_1_frame_0945.png,nan;nan;nan;nan;nan;nan;nan;nan;nan,nan;nan;nan
fbk_vineyard_vineyard_split_1_frame_0905.png,fbk_vineyard,outliers,vineyard_split_1_frame_0905.png,nan;nan;nan;nan;nan;nan;nan;nan;nan,nan;nan;nan
fbk_vineyard_vineyard_split_1_frame_1085.png,fbk_vineyard,outliers,vineyard_split_1_frame_1085.png,nan;nan;nan;nan;nan;nan;nan;nan;nan,nan;nan;nan
fbk_vineyard_vineyard_split_1_frame_0955.png,fbk_vineyard,outliers,vineyard_split_1_frame_0955.png,nan;nan;nan;nan;nan;nan;nan;nan;nan,nan;nan;nan
fbk_vineyard_vineyard_split_1_frame_1065.png,fbk_vineyard,outliers,vineyard_split_1_frame_1065.png,nan;nan;nan;nan;nan;nan;nan;nan;nan,nan;nan;nan
fbk_vineyard_vineyard_split_1_frame_0980.png,fbk_vineyard,outliers,vineyard_split_1_frame_0980.png,nan;nan;nan;nan;nan;nan;nan;nan;nan,nan;nan;nan
fbk_vineyard_vineyard_split_1_frame_1045.png,fbk_vineyard,outliers,vineyard_split_1_frame_1045.png,nan;nan;nan;nan;nan;nan;nan;nan;nan,nan;nan;nan
fbk_vineyard_vineyard_split_1_frame_1080.png,fbk_vineyard,outliers,vineyard_split_1_frame_1080.png,nan;nan;nan;nan;nan;nan;nan;nan;nan,nan;nan;nan
fbk_vineyard_vineyard_split_1_frame_1040.png,fbk_vineyard,outliers,vineyard_split_1_frame_1040.png,nan;nan;nan;nan;nan;nan;nan;nan;nan,nan;nan;nan
fbk_vineyard_vineyard_split_1_frame_1110.png,fbk_vineyard,outliers,vineyard_split_1_frame_1110.png,nan;nan;nan;nan;nan;nan;nan;nan;nan,nan;nan;nan
fbk_vineyard_vineyard_split_1_frame_1020.png,fbk_vineyard,outliers,vineyard_split_1_frame_1020.png,nan;nan;nan;nan;nan;nan;nan;nan;nan,nan;nan;nan
fbk_vineyard_vineyard_split_1_frame_1000.png,fbk_vineyard,outliers,vineyard_split_1_frame_1000.png,nan;nan;nan;nan;nan;nan;nan;nan;nan,nan;nan;nan
fbk_vineyard_vineyard_split_1_frame_1035.png,fbk_vineyard,outliers,vineyard_split_1_frame_1035.png,nan;nan;nan;nan;nan;nan;nan;nan;nan,nan;nan;nan
fbk_vineyard_vineyard_split_1_frame_0910.png,fbk_vineyard,outliers,vineyard_split_1_frame_0910.png,nan;nan;nan;nan;nan;nan;nan;nan;nan,nan;nan;nan
fbk_vineyard_vineyard_split_1_frame_1100.png,fbk_vineyard,outliers,vineyard_split_1_frame_1100.png,nan;nan;nan;nan;nan;nan;nan;nan;nan,nan;nan;nan
fbk_vineyard_vineyard_split_1_frame_0940.png,fbk_vineyard,outliers,vineyard_split_1_frame_0940.png,nan;nan;nan;nan;nan;nan;nan;nan;nan,nan;nan;nan
fbk_vineyard_vineyard_split_1_frame_1075.png,fbk_vineyard,outliers,vineyard_split_1_frame_1075.png,nan;nan;nan;nan;nan;nan;nan;nan;nan,nan;nan;nan
fbk_vineyard_vineyard_split_1_frame_1010.png,fbk_vineyard,outliers,vineyard_split_1_frame_1010.png,nan;nan;nan;nan;nan;nan;nan;nan;nan,nan;nan;nan
fbk_vineyard_vineyard_split_1_frame_0900.png,fbk_vineyard,outliers,vineyard_split_1_frame_0900.png,nan;nan;nan;nan;nan;nan;nan;nan;nan,nan;nan;nan
fbk_vineyard_vineyard_split_1_frame_1105.png,fbk_vineyard,outliers,vineyard_split_1_frame_1105.png,nan;nan;nan;nan;nan;nan;nan;nan;nan,nan;nan;nan
fbk_vineyard_vineyard_split_1_frame_0925.png,fbk_vineyard,outliers,vineyard_split_1_frame_0925.png,nan;nan;nan;nan;nan;nan;nan;nan;nan,nan;nan;nan
fbk_vineyard_vineyard_split_1_frame_0985.png,fbk_vineyard,outliers,vineyard_split_1_frame_0985.png,nan;nan;nan;nan;nan;nan;nan;nan;nan,nan;nan;nan
fbk_vineyard_vineyard_split_1_frame_0930.png,fbk_vineyard,outliers,vineyard_split_1_frame_0930.png,nan;nan;nan;nan;nan;nan;nan;nan;nan,nan;nan;nan
fbk_vineyard_vineyard_split_1_frame_1030.png,fbk_vineyard,outliers,vineyard_split_1_frame_1030.png,nan;nan;nan;nan;nan;nan;nan;nan;nan,nan;nan;nan
fbk_vineyard_vineyard_split_1_frame_1025.png,fbk_vineyard,outliers,vineyard_split_1_frame_1025.png,nan;nan;nan;nan;nan;nan;nan;nan;nan,nan;nan;nan
fbk_vineyard_vineyard_split_1_frame_0920.png,fbk_vineyard,outliers,vineyard_split_1_frame_0920.png,nan;nan;nan;nan;nan;nan;nan;nan;nan,nan;nan;nan
fbk_vineyard_vineyard_split_1_frame_1060.png,fbk_vineyard,outliers,vineyard_split_1_frame_1060.png,nan;nan;nan;nan;nan;nan;nan;nan;nan,nan;nan;nan
fbk_vineyard_vineyard_split_1_frame_1050.png,fbk_vineyard,outliers,vineyard_split_1_frame_1050.png,nan;nan;nan;nan;nan;nan;nan;nan;nan,nan;nan;nan
fbk_vineyard_vineyard_split_1_frame_1090.png,fbk_vineyard,outliers,vineyard_split_1_frame_1090.png,nan;nan;nan;nan;nan;nan;nan;nan;nan,nan;nan;nan
fbk_vineyard_vineyard_split_1_frame_0975.png,fbk_vineyard,outliers,vineyard_split_1_frame_0975.png,nan;nan;nan;nan;nan;nan;nan;nan;nan,nan;nan;nan
ETs_outliers_out_et001.png,ETs,outliers,outliers_out_et001.png,nan;nan;nan;nan;nan;nan;nan;nan;nan,nan;nan;nan
ETs_outliers_out_et003.png,ETs,outliers,outliers_out_et003.png,nan;nan;nan;nan;nan;nan;nan;nan;nan,nan;nan;nan
ETs_outliers_out_et002.png,ETs,outliers,outliers_out_et002.png,nan;nan;nan;nan;nan;nan;nan;nan;nan,nan;nan;nan
ETs_et_et007.png,ETs,cluster52,et_et007.png,0.560249530;-0.461524464;0.687834016;0.234969649;0.884831790;0.402320727;-0.794298261;-0.063779881;0.604170836,-2.916833010;-0.479429009;2.548277828
ETs_et_et003.png,ETs,cluster52,et_et003.png,0.919438412;0.167996711;-0.355541996;-0.008673874;0.912592921;0.408777354;0.393138360;-0.372761675;0.840530168,3.951450315;-0.982954338;2.034129247
ETs_et_et006.png,ETs,cluster52,et_et006.png,0.607646328;-0.426588285;0.669916693;0.167881046;0.893434068;0.416643156;-0.776261486;-0.140705369;0.614508019,-2.440164566;-0.914340297;2.056399119
ETs_et_et001.png,ETs,cluster52,et_et001.png,0.991108753;0.133025791;0.002752881;-0.120575143;0.889212381;0.441319586;0.056258991;-0.437727634;0.897345778,2.102033628;-1.182202552;2.074472216
ETs_et_et004.png,ETs,cluster52,et_et004.png,0.998037747;-0.052594649;-0.033977329;0.053748540;0.997975845;0.033989797;0.032120872;-0.035749332;0.998844450,2.019088543;1.532894023;0.874111436
ETs_et_et002.png,ETs,cluster52,et_et002.png,0.987496070;-0.078282952;0.136833075;0.010310545;0.898203835;0.439458262;-0.157306082;-0.432552483;0.887779897,1.309417678;-0.820535953;2.098169121
ETs_et_et008.png,ETs,cluster52,et_et008.png,0.300993345;-0.632169853;0.713977789;0.488862105;0.745123919;0.453656464;-0.818789869;0.212489108;0.533321226,-3.823907970;-1.373956395;2.824276012
ETs_et_et005.png,ETs,cluster52,et_et005.png,0.560988852;-0.472611322;0.679654358;0.365251917;0.878087892;0.309115985;-0.742887977;0.074834436;0.665219709,-2.613142554;-0.220507427;1.687538777
ETs_et_et000.png,ETs,cluster52,et_et000.png,0.944935024;0.194471499;-0.263208352;-0.079257769;0.916333811;0.392492742;0.317515364;-0.350018832;0.881289289,3.637910243;-1.007099960;1.755081998
ETs_another_et_another_et006.png,ETs,cluster51,another_et_another_et006.png,0.875687635;0.145894852;-0.460310611;-0.187875738;0.981093570;-0.046455499;0.444830162;0.127161702;0.886541611,1.177703101;0.081833507;1.243935365
ETs_another_et_another_et002.png,ETs,cluster51,another_et_another_et002.png,0.991027861;-0.005101102;-0.133558067;0.001123162;0.999553975;-0.029842761;0.133650727;0.029425001;0.990591567,-1.577600914;-0.317528652;1.103205164
ETs_another_et_another_et010.png,ETs,outliers,another_et_another_et010.png,nan;nan;nan;nan;nan;nan;nan;nan;nan,nan;nan;nan
ETs_another_et_another_et004.png,ETs,cluster51,another_et_another_et004.png,0.994506187;-0.018884170;-0.102960345;0.029114842;0.994682598;0.098786923;0.100547354;-0.101241880;0.989767807,-1.862747864;-1.113820520;-0.676257060
ETs_another_et_another_et007.png,ETs,cluster51,another_et_another_et007.png,0.723533151;0.194329722;-0.662371299;-0.245972637;0.969150439;0.015648895;0.644978481;0.151602721;0.749012266,3.191220254;0.131411383;0.958323073
ETs_another_et_another_et008.png,ETs,cluster51,another_et_another_et008.png,0.501301765;0.232704929;-0.833393638;-0.300951584;0.949913898;0.084212409;0.811248842;0.208595306;0.546226431,5.237383964;-0.337421393;2.307080378
ETs_another_et_another_et003.png,ETs,cluster51,another_et_another_et003.png,0.996146841;-0.032743275;-0.081359388;0.023746684;0.993737990;-0.109182884;0.084424920;0.106830169;0.990686503,-2.087708651;1.391655765;-1.363732120
ETs_another_et_another_et005.png,ETs,cluster51,another_et_another_et005.png,0.998702565;0.004433635;-0.050729970;-0.002248598;0.999070467;0.043048185;0.050873675;-0.042878262;0.997784207,-2.377646837;-1.661016932;1.135101762
ETs_another_et_another_et001.png,ETs,cluster51,another_et_another_et001.png,0.992798652;-0.006859804;-0.119598408;0.006775939;0.999976429;-0.001107870;0.119603188;0.000289501;0.992821733,-1.609146668;-1.000357091;3.225651835
ETs_another_et_another_et009.png,ETs,outliers,another_et_another_et009.png,nan;nan;nan;nan;nan;nan;nan;nan;nan,nan;nan;nan
stairs_stairs_split_1_1710453963274.png,stairs,outliers,stairs_split_1_1710453963274.png,nan;nan;nan;nan;nan;nan;nan;nan;nan,nan;nan;nan
stairs_stairs_split_1_1710453947066.png,stairs,outliers,stairs_split_1_1710453947066.png,nan;nan;nan;nan;nan;nan;nan;nan;nan,nan;nan;nan
stairs_stairs_split_1_1710453985484.png,stairs,outliers,stairs_split_1_1710453985484.png,nan;nan;nan;nan;nan;nan;nan;nan;nan,nan;nan;nan
stairs_stairs_split_1_1710453930259.png,stairs,outliers,stairs_split_1_1710453930259.png,nan;nan;nan;nan;nan;nan;nan;nan;nan,nan;nan;nan
stairs_stairs_split_1_1710453901046.png,stairs,outliers,stairs_split_1_1710453901046.png,nan;nan;nan;nan;nan;nan;nan;nan;nan,nan;nan;nan
stairs_stairs_split_1_1710453693529.png,stairs,outliers,stairs_split_1_1710453693529.png,nan;nan;nan;nan;nan;nan;nan;nan;nan,nan;nan;nan
stairs_stairs_split_1_1710453689727.png,stairs,outliers,stairs_split_1_1710453689727.png,nan;nan;nan;nan;nan;nan;nan;nan;nan,nan;nan;nan
stairs_stairs_split_1_1710453704934.png,stairs,outliers,stairs_split_1_1710453704934.png,nan;nan;nan;nan;nan;nan;nan;nan;nan,nan;nan;nan
stairs_stairs_split_1_1710453675921.png,stairs,outliers,stairs_split_1_1710453675921.png,nan;nan;nan;nan;nan;nan;nan;nan;nan,nan;nan;nan
stairs_stairs_split_1_1710453606287.png,stairs,outliers,stairs_split_1_1710453606287.png,nan;nan;nan;nan;nan;nan;nan;nan;nan,nan;nan;nan
stairs_stairs_split_1_1710453990286.png,stairs,outliers,stairs_split_1_1710453990286.png,nan;nan;nan;nan;nan;nan;nan;nan;nan,nan;nan;nan
stairs_stairs_split_1_1710453663515.png,stairs,outliers,stairs_split_1_1710453663515.png,nan;nan;nan;nan;nan;nan;nan;nan;nan,nan;nan;nan
stairs_stairs_split_1_1710453912451.png,stairs,outliers,stairs_split_1_1710453912451.png,nan;nan;nan;nan;nan;nan;nan;nan;nan,nan;nan;nan
stairs_stairs_split_1_1710453668718.png,stairs,outliers,stairs_split_1_1710453668718.png,nan;nan;nan;nan;nan;nan;nan;nan;nan,nan;nan;nan
stairs_stairs_split_1_1710453601885.png,stairs,outliers,stairs_split_1_1710453601885.png,nan;nan;nan;nan;nan;nan;nan;nan;nan,nan;nan;nan
stairs_stairs_split_1_1710453955270.png,stairs,outliers,stairs_split_1_1710453955270.png,nan;nan;nan;nan;nan;nan;nan;nan;nan,nan;nan;nan
stairs_stairs_split_1_1710453616892.png,stairs,outliers,stairs_split_1_1710453616892.png,nan;nan;nan;nan;nan;nan;nan;nan;nan,nan;nan;nan
stairs_stairs_split_1_1710453678922.png,stairs,outliers,stairs_split_1_1710453678922.png,nan;nan;nan;nan;nan;nan;nan;nan;nan,nan;nan;nan
stairs_stairs_split_1_1710453626698.png,stairs,outliers,stairs_split_1_1710453626698.png,nan;nan;nan;nan;nan;nan;nan;nan;nan,nan;nan;nan
stairs_stairs_split_1_1710453683725.png,stairs,outliers,stairs_split_1_1710453683725.png,nan;nan;nan;nan;nan;nan;nan;nan;nan,nan;nan;nan
stairs_stairs_split_1_1710453576271.png,stairs,outliers,stairs_split_1_1710453576271.png,nan;nan;nan;nan;nan;nan;nan;nan;nan,nan;nan;nan
stairs_stairs_split_1_1710453643106.png,stairs,outliers,stairs_split_1_1710453643106.png,nan;nan;nan;nan;nan;nan;nan;nan;nan,nan;nan;nan
stairs_stairs_split_1_1710453697531.png,stairs,outliers,stairs_split_1_1710453697531.png,nan;nan;nan;nan;nan;nan;nan;nan;nan,nan;nan;nan
stairs_stairs_split_1_1710453651110.png,stairs,outliers,stairs_split_1_1710453651110.png,nan;nan;nan;nan;nan;nan;nan;nan;nan,nan;nan;nan
stairs_stairs_split_1_1710453612890.png,stairs,outliers,stairs_split_1_1710453612890.png,nan;nan;nan;nan;nan;nan;nan;nan;nan,nan;nan;nan
stairs_stairs_split_1_1710453659313.png,stairs,outliers,stairs_split_1_1710453659313.png,nan;nan;nan;nan;nan;nan;nan;nan;nan,nan;nan;nan
stairs_stairs_split_1_1710453620694.png,stairs,outliers,stairs_split_1_1710453620694.png,nan;nan;nan;nan;nan;nan;nan;nan;nan,nan;nan;nan
stairs_stairs_split_1_1710453667117.png,stairs,outliers,stairs_split_1_1710453667117.png,nan;nan;nan;nan;nan;nan;nan;nan;nan,nan;nan;nan
stairs_stairs_split_2_1710453862225.png,stairs,outliers,stairs_split_2_1710453862225.png,nan;nan;nan;nan;nan;nan;nan;nan;nan,nan;nan;nan
stairs_stairs_split_2_1710453871430.png,stairs,outliers,stairs_split_2_1710453871430.png,nan;nan;nan;nan;nan;nan;nan;nan;nan,nan;nan;nan
stairs_stairs_split_2_1710453801783.png,stairs,outliers,stairs_split_2_1710453801783.png,nan;nan;nan;nan;nan;nan;nan;nan;nan,nan;nan;nan
stairs_stairs_split_2_1710453798181.png,stairs,outliers,stairs_split_2_1710453798181.png,nan;nan;nan;nan;nan;nan;nan;nan;nan,nan;nan;nan
stairs_stairs_split_2_1710453793579.png,stairs,outliers,stairs_split_2_1710453793579.png,nan;nan;nan;nan;nan;nan;nan;nan;nan,nan;nan;nan
stairs_stairs_split_2_1710453786375.png,stairs,outliers,stairs_split_2_1710453786375.png,nan;nan;nan;nan;nan;nan;nan;nan;nan,nan;nan;nan
stairs_stairs_split_2_1710453783374.png,stairs,outliers,stairs_split_2_1710453783374.png,nan;nan;nan;nan;nan;nan;nan;nan;nan,nan;nan;nan
stairs_stairs_split_2_1710453790978.png,stairs,outliers,stairs_split_2_1710453790978.png,nan;nan;nan;nan;nan;nan;nan;nan;nan,nan;nan;nan
stairs_stairs_split_2_1710453779372.png,stairs,outliers,stairs_split_2_1710453779372.png,nan;nan;nan;nan;nan;nan;nan;nan;nan,nan;nan;nan
stairs_stairs_split_2_1710453720741.png,stairs,outliers,stairs_split_2_1710453720741.png,nan;nan;nan;nan;nan;nan;nan;nan;nan,nan;nan;nan
stairs_stairs_split_2_1710453728949.png,stairs,outliers,stairs_split_2_1710453728949.png,nan;nan;nan;nan;nan;nan;nan;nan;nan,nan;nan;nan
stairs_stairs_split_2_1710453740954.png,stairs,outliers,stairs_split_2_1710453740954.png,nan;nan;nan;nan;nan;nan;nan;nan;nan,nan;nan;nan
stairs_stairs_split_2_1710453753160.png,stairs,outliers,stairs_split_2_1710453753160.png,nan;nan;nan;nan;nan;nan;nan;nan;nan,nan;nan;nan
stairs_stairs_split_2_1710453739354.png,stairs,outliers,stairs_split_2_1710453739354.png,nan;nan;nan;nan;nan;nan;nan;nan;nan,nan;nan;nan
stairs_stairs_split_2_1710453745156.png,stairs,outliers,stairs_split_2_1710453745156.png,nan;nan;nan;nan;nan;nan;nan;nan;nan,nan;nan;nan
stairs_stairs_split_2_1710453756762.png,stairs,outliers,stairs_split_2_1710453756762.png,nan;nan;nan;nan;nan;nan;nan;nan;nan,nan;nan;nan
stairs_stairs_split_2_1710453725143.png,stairs,outliers,stairs_split_2_1710453725143.png,nan;nan;nan;nan;nan;nan;nan;nan;nan,nan;nan;nan
stairs_stairs_split_2_1710453736752.png,stairs,outliers,stairs_split_2_1710453736752.png,nan;nan;nan;nan;nan;nan;nan;nan;nan,nan;nan;nan
stairs_stairs_split_2_1710453733751.png,stairs,outliers,stairs_split_2_1710453733751.png,nan;nan;nan;nan;nan;nan;nan;nan;nan,nan;nan;nan
stairs_stairs_split_2_1710453759963.png,stairs,outliers,stairs_split_2_1710453759963.png,nan;nan;nan;nan;nan;nan;nan;nan;nan,nan;nan;nan
stairs_stairs_split_2_1710453805788.png,stairs,outliers,stairs_split_2_1710453805788.png,nan;nan;nan;nan;nan;nan;nan;nan;nan,nan;nan;nan
stairs_stairs_split_2_1710453765165.png,stairs,outliers,stairs_split_2_1710453765165.png,nan;nan;nan;nan;nan;nan;nan;nan;nan,nan;nan;nan
stairs_stairs_split_2_1710453774370.png,stairs,outliers,stairs_split_2_1710453774370.png,nan;nan;nan;nan;nan;nan;nan;nan;nan,nan;nan;nan
